Iteration	Posterior	Likelihood	Prior	rate_log_sd	tree_length
0	-182.4069	-247.1401	64.73329	2.460141	0.6728285
6	-184.6923	-247.757	63.0647	3.597144	1.24721
12	-188.1093	-250.7543	62.64505	3.8007	1.420201
18	-183.9407	-248.7887	64.84799	2.32852	0.7037652
24	-187.8325	-249.942	62.10947	4.713983	0.1700145
30	-178.2625	-242.1622	63.8997	3.291495	0.3568294
36	-180.2339	-244.3092	64.07528	2.57209	1.259255
42	-185.4861	-249.6688	64.1827	3.037868	0.4030702
48	-187.8078	-251.8994	64.09168	3.037868	0.2986289
54	-180.2708	-244.2182	63.94735	3.071642	0.912273
60	-179.9231	-244.8165	64.89335	2.34013	0.5689965
66	-175.9177	-238.1088	62.19109	4.159928	1.492339
72	-178.1641	-240.7908	62.62676	4.159928	1.139732
78	-176.476	-239.4588	62.98273	3.396271	1.471222
84	-178.5748	-241.2877	62.71294	4.005777	1.199111
90	-172.7406	-236.3358	63.59521	3.182058	1.148093
96	-176.5959	-239.2649	62.66904	3.691891	1.484879
102	-184.3432	-247.6178	63.27464	3.963825	0.5445141
108	-186.3973	-249.6841	63.28675	3.934682	0.6089664
114	-186.5223	-250.6447	64.12249	2.642222	1.15918
120	-187.4728	-249.9313	62.45845	3.142215	2.018528
126	-189.7566	-251.725	61.96843	3.235417	2.277234
132	-180.5424	-244.2965	63.75407	3.467813	0.6076988
138	-180.6708	-242.295	61.62423	2.07523	3.199436
144	-180.0927	-244.503	64.41036	2.066461	1.396115
150	-186.1055	-250.6338	64.52836	2.629031	0.735131
156	-187.886	-251.7387	63.8526	3.358552	0.6351654
162	-185.009	-246.6473	61.63821	3.510448	2.312518
168	-181.897	-246.1095	64.21246	2.994175	0.6454741
174	-180.2342	-244.1037	63.86953	3.363364	0.4348391
180	-186.161	-249.0238	62.86276	3.920569	0.1601299
186	-183.7595	-248.1917	64.43217	2.737645	0.7151056
192	-184.7772	-249.1145	64.33725	2.772949	0.8026808
198	-195.5078	-258.065	62.55716	3.826259	1.467876
204	-179.9617	-244.7479	64.78616	2.351061	0.7653739
210	-180.914	-244.3701	63.45605	3.492198	0.9870226
216	-182.1866	-243.7952	61.60864	2.051977	3.222436
222	-188.7056	-249.1574	60.45184	1.407442	4.263029
228	-188.1886	-251.0782	62.88964	2.506838	2.152833
234	-194.649	-256.5592	61.91018	3.17703	2.351624
240	-186.0094	-250.1753	64.16587	3.062658	0.5873373
246	-178.4699	-242.5363	64.0664	2.541141	1.292001
252	-178.5907	-243.0171	64.4264	2.524518	0.9843094
258	-175.9493	-239.945	63.99565	2.752595	1.173591
264	-174.6603	-239.102	64.44164	2.752595	0.6712623
270	-175.3548	-239.1028	63.74795	3.468421	0.3947776
276	-184.3975	-245.5967	61.19916	3.705078	2.467074
282	-178.2017	-241.9575	63.7558	3.46737	0.4086646
288	-171.5768	-233.4452	61.86837	4.115286	1.757914
294	-168.9092	-232.8549	63.94572	3.272159	0.3976556
300	-167.7988	-231.7197	63.92095	1.699359	2.005463
306	-166.6527	-229.921	63.2683	2.073758	2.188186
312	-163.4916	-227.8912	64.39959	2.618634	0.9131231
318	-166.1188	-229.2486	63.12983	3.179283	1.523684
324	-164.7867	-228.8259	64.0392	2.269919	1.523684
330	-167.6005	-231.9737	64.37313	1.935987	1.523684
336	-166.7862	-231.0207	64.23459	2.300411	1.350368
342	-176.7564	-240.6972	63.94086	2.65978	1.297622
348	-172.8335	-237.241	64.40759	2.827859	0.5604096
354	-172.2996	-236.4705	64.17088	3.002122	0.7097721
360	-170.9815	-235.7704	64.78895	2.01961	1.120109
366	-174.4786	-235.739	61.26044	2.202084	3.339296
372	-171.0534	-230.0391	58.98571	1.492644	5.036897
378	-165.0138	-228.7716	63.75781	3.039124	1.130569
384	-169.5131	-233.5722	64.05916	3.039124	0.8182293
390	-173.3609	-236.9212	63.56027	2.897829	1.410653
396	-175.1767	-237.0599	61.8832	3.401308	2.225387
402	-174.368	-238.073	63.70502	2.781653	1.38843
408	-177.9762	-242.4872	64.51104	2.23877	1.172225
414	-179.5728	-242.4646	62.89177	2.089781	2.418468
420	-180.8817	-244.2018	63.32011	2.244003	2.042779
426	-187.0111	-250.2103	63.19914	2.398005	2.020869
432	-191.6492	-255.4489	63.79968	2.226101	1.728382
438	-194.6743	-258.2763	63.60205	3.40503	0.9253451
444	-191.6096	-254.7907	63.18106	3.75533	0.9989645
450	-198.5997	-259.9228	61.32306	4.057329	2.163298
456	-196.6512	-258.4082	61.75708	3.108114	2.49153
462	-190.2047	-254.3148	64.11014	2.968757	0.8425962
468	-187.6869	-248.7552	61.06827	5.527527	1.301564
474	-188.4156	-251.3532	62.93764	3.93477	1.061152
480	-189.9935	-252.8866	62.89314	2.890991	1.895303
486	-185.0762	-249.1877	64.11148	2.324056	1.428074
492	-178.9597	-243.3511	64.39143	2.5124	1.031053
498	-182.4774	-247.1707	64.69329	2.193255	1.047711
504	-178.0718	-241.6511	63.57924	3.563148	0.7578481
510	-180.5149	-244.0513	63.53635	3.606033	0.7578481
516	-179.8524	-243.8059	63.95349	3.188895	0.7578481
522	-177.2594	-241.1041	63.84465	3.18495	0.9004381
528	-176.276	-240.9811	64.70506	2.332643	0.8912708
534	-183.0778	-245.221	62.14319	2.134276	2.853159
540	-181.1452	-243.8761	62.73084	2.620867	2.181929
546	-176.9495	-239.4459	62.49645	2.407907	2.467
552	-177.6207	-241.4835	63.8628	2.524926	1.464609
558	-180.4224	-243.4131	62.99065	3.509225	1.378089
564	-179.615	-243.2255	63.61051	2.889368	1.378089
570	-179.1787	-242.516	63.33733	2.56167	1.816682
576	-186.1194	-249.0613	62.94195	2.613162	2.048732
582	-190.0325	-253.8319	63.79945	2.34717	1.642469
588	-189.8897	-254.0162	64.12648	2.020142	1.642469
594	-197.7383	-261.2435	63.50525	2.732072	1.576674
600	-192.1501	-256.2268	64.07666	2.738962	1.113719
606	-183.7741	-247.8785	64.10441	2.711212	1.113719
612	-182.4862	-245.8908	63.40458	3.833155	0.4542076
618	-179.7738	-243.1806	63.40674	3.833155	0.4667868
624	-180.6147	-242.5597	61.94502	3.152566	2.345033
630	-181.5687	-245.491	63.9223	2.562475	1.389912
636	-179.1278	-242.8363	63.70847	3.160554	1.064348
642	-182.0269	-245.8105	63.78362	3.085401	1.064348
648	-183.7194	-245.6982	61.97878	2.339529	2.828374
654	-176.8217	-238.9764	62.15466	2.166307	2.826757
660	-187.8836	-251.5283	63.64476	2.963601	1.291338
666	-188.975	-253.5507	64.5757	2.663491	0.5398548
672	-187.4196	-251.6305	64.21091	3.028285	0.5398548
678	-189.3775	-253.5549	64.17742	2.762372	0.995557
684	-191.4608	-255.6466	64.18588	2.614998	1.127032
690	-189.7053	-252.4636	62.7583	2.286347	2.378613
696	-188.1956	-252.9094	64.71376	2.230788	0.9907624
702	-178.8546	-241.5291	62.67453	2.444995	2.331078
708	-178.8842	-241.6546	62.77035	2.349184	2.331078
714	-180.0381	-244.7267	64.68853	1.654214	1.498559
720	-182.0173	-246.3429	64.32564	1.478096	1.881968
726	-182.8538	-245.2268	62.37294	3.293111	1.974914
732	-174.412	-238.3812	63.96922	2.872113	1.09018
738	-179.8394	-241.766	61.92659	3.816346	1.923206
744	-181.3241	-243.5449	62.22082	3.522114	1.923206
750	-181.5084	-245.005	63.4966	3.005458	1.376372
756	-181.1997	-243.3607	62.16102	4.205134	1.480937
762	-179.154	-243.7214	64.56738	2.644529	0.6333905
768	-178.233	-242.9226	64.68955	2.236225	1.009533
774	-185.5478	-244.7479	59.20007	1.489746	4.919358
780	-185.7965	-249.0685	63.27208	2.811684	1.687383
786	-184.8629	-245.5384	60.6755	2.294345	3.626949
792	-182.0013	-245.5775	63.57625	2.251697	1.865456
798	-182.409	-247.1294	64.72035	2.107537	1.102549
804	-184.4256	-247.7246	63.29901	1.909081	2.274514
810	-193.2364	-256.161	62.92462	2.28347	2.274514
816	-191.8915	-255.6953	63.80373	3.055613	1.073439
822	-187.9907	-252.8252	64.83453	2.311515	0.752432
828	-189.1435	-254.0497	64.90628	2.311515	0.6187787
834	-190.3725	-253.1221	62.74964	3.205709	1.777648
840	-195.6817	-258.0587	62.377	4.794798	0.7117945
846	-192.9473	-257.2967	64.34936	2.8737	0.4084363
852	-180.2419	-243.3365	63.09453	2.982881	1.691897
858	-176.3456	-239.9059	63.56022	3.396058	0.978849
864	-181.7604	-245.644	63.88367	3.203239	0.8326506
870	-187.7966	-252.2328	64.43616	2.759926	0.6676043
876	-185.0696	-246.8557	61.78609	2.895977	2.605444
882	-191.2672	-254.3832	63.11601	2.89288	1.740247
888	-173.3456	-236.2038	62.85824	2.558064	2.139908
894	-176.5026	-240.3431	63.84051	3.020307	1.072058
900	-185.3444	-247.3805	62.03607	2.893542	2.451149
906	-184.0736	-247.4668	63.39317	1.748867	2.31674
912	-189.9052	-253.4777	63.57254	2.018294	2.025063
918	-185.9194	-248.6146	62.69521	2.633474	2.196849
924	-184.7886	-248.249	63.46035	3.266238	1.192342
930	-183.2008	-245.8054	62.6046	3.029825	1.996053
936	-178.5172	-239.9845	61.46721	2.272291	3.175688
942	-183.6512	-244.8666	61.21542	3.101782	2.829044
948	-189.8539	-253.1529	63.29901	3.41712	1.201325
954	-185.7965	-248.8175	63.02106	1.652985	2.61041
960	-185.4006	-246.6134	61.21276	5.276588	1.386338
966	-185.2383	-246.094	60.8557	5.633645	1.386338
972	-184.2529	-247.8724	63.61953	3.255574	1.058599
978	-185.1251	-246.3519	61.22683	2.726016	3.048596
984	-183.656	-246.8329	63.1769	1.264903	2.75315
990	-181.2654	-244.6695	63.40415	1.736663	2.317518
996	-184.1655	-246.8355	62.67003	1.789041	2.742597
1002	-197.737	-261.1345	63.39748	2.973024	1.477656
1008	-192.4002	-255.6547	63.25454	3.520985	1.149637
1014	-193.0111	-256.3355	63.32437	2.857126	1.61731
1020	-192.4447	-254.9255	62.48078	3.925804	1.450258
1026	-194.8927	-254.2265	59.33387	5.344349	2.607827
1032	-188.4852	-252.9368	64.4516	2.28684	1.182102
1038	-191.1424	-256.0649	64.92258	1.816381	1.181657
1044	-184.1033	-247.4642	63.36082	3.048976	1.4478
1050	-185.0029	-248.0186	63.01566	2.647572	1.9768
1056	-186.5173	-250.1399	63.62265	3.066252	1.224491
1062	-191.1158	-255.539	64.42321	2.331872	1.167621
1068	-193.3583	-255.1579	61.79962	2.432143	2.880836
1074	-199.1723	-262.3839	63.21166	3.780543	0.9413647
1080	-187.7716	-247.0481	59.2765	7.319416	1.301464
1086	-189.5796	-248.0292	58.44955	8.146363	1.301464
1092	-188.7088	-252.771	64.06224	2.641967	1.211509
1098	-192.5909	-256.158	63.56712	3.674535	0.4835765
1104	-193.7686	-256.0461	62.27741	4.197025	1.397969
1110	-196.756	-259.5169	62.76089	4.238002	0.227143
1116	-193.92	-257.0075	63.08748	3.705001	0.1623081
1122	-193.3258	-256.9101	63.58426	3.454739	0.2450671
1128	-183.1564	-246.8229	63.66646	3.19959	0.1815546
1134	-190.3063	-254.0073	63.70093	3.16481	0.1814664
1140	-187.8061	-251.2605	63.45448	3.411262	0.1814664
1146	-182.0483	-245.1959	63.14752	3.411262	0.1174612
1152	-172.5327	-236.4362	63.90347	3.213097	0.2893717
1158	-172.7794	-236.7858	64.00641	3.196	0.6546389
1164	-189.0857	-249.225	60.13927	3.528349	3.218296
1170	-178.1731	-241.7075	63.53438	2.686087	1.588997
1176	-171.6634	-235.8915	64.22814	1.992324	1.588997
1182	-173.4533	-237.4604	64.00705	2.84307	1.082047
1188	-173.4281	-237.0548	63.62665	3.147335	1.151003
1194	-176.867	-239.9578	63.09079	2.807103	1.817446
1200	-177.9855	-241.5782	63.59273	2.190244	1.896086
1206	-181.3603	-244.0798	62.71949	2.993991	1.943075
1212	-189.2937	-252.1362	62.84254	2.812045	1.982586
1218	-184.4159	-248.0083	63.59248	2.509741	1.674249
1224	-175.3302	-238.8429	63.51276	3.105545	1.28321
1230	-174.6359	-238.4995	63.86353	2.012451	1.83254
1236	-176.2348	-239.2229	62.98816	2.222304	2.272993
1242	-179.6689	-244.4943	64.82539	2.151513	0.9575269
1248	-184.0899	-245.5734	61.48341	2.668196	2.929249
1254	-188.2514	-248.8754	60.62403	2.485803	3.545615
1260	-187.613	-250.7181	63.10513	2.052611	2.306722
1266	-186.0049	-250.8053	64.80045	2.204441	0.9277238
1272	-182.2928	-245.761	63.46818	2.743423	1.595459
1278	-187.3106	-250.5284	63.2178	2.842435	1.704069
1284	-185.2307	-249.8455	64.61477	1.861461	1.39657
1290	-184.3751	-248.7107	64.33565	2.883558	0.6150402
1296	-180.5121	-245.3071	64.79502	2.432256	0.5914409
1302	-186.1254	-250.7141	64.58873	2.642089	0.4282884
1308	-187.1275	-251.6754	64.54796	2.69171	0.4652334
1314	-178.8781	-243.2057	64.32756	2.770692	0.8182671
1320	-185.4046	-249.9271	64.52251	2.613809	0.3037579
1326	-180.7295	-245.032	64.30255	2.839207	0.308045
1332	-191.0469	-251.1585	60.11161	5.592469	1.949401
1338	-190.2812	-252.6355	62.35428	4.428443	1.143254
1344	-185.4456	-249.7644	64.31879	2.885765	0.3750378
1350	-179.6405	-244.5295	64.88904	2.230768	0.7897568
1356	-183.6523	-247.2538	63.60159	3.61994	0.6086744
1362	-188.9883	-251.6887	62.70041	2.242415	2.442848
1368	-186.5313	-251.3654	64.83405	2.107638	0.9936475
1374	-187.4036	-251.1977	63.79408	3.444763	0.4601174
1380	-181.7556	-244.0559	62.30033	4.556021	0.1788233
1386	-188.743	-252.3361	63.59317	3.604266	0.664909
1392	-180.5057	-244.261	63.75534	3.451374	0.6452977
1398	-177.4007	-241.6214	64.22069	2.84035	0.8641603
1404	-182.1914	-244.5446	62.35321	3.906356	1.560352
1410	-183.2253	-244.5617	61.33635	2.680415	3.010317
1416	-188.2867	-248.5463	60.25966	3.757105	3.010317
1422	-181.5813	-244.9794	63.39816	3.783082	0.3451137
1428	-182.7547	-244.442	61.68722	4.655246	1.498763
1434	-189.4319	-252.2339	62.80205	3.731663	1.351387
1440	-196.1677	-258.0339	61.8662	3.512537	2.164376
1446	-183.4451	-242.8687	59.42356	2.739376	4.090549
1452	-187.0369	-246.9038	59.86691	2.296022	4.090549
1458	-183.1437	-244.8465	61.70278	2.472522	2.914954
1464	-181.2655	-245.4286	64.16312	2.379454	1.34434
1470	-186.1919	-249.9937	63.80187	3.230098	0.89778
1476	-181.0981	-244.6866	63.58849	2.628659	1.591414
1482	-180.5303	-243.7555	63.22519	3.287376	1.36811
1488	-178.1967	-242.7245	64.52777	2.658229	0.6868801
1494	-176.9121	-241.4828	64.57071	2.658229	0.5859401
1500	-181.1107	-244.5727	63.46199	2.910712	1.475994
1506	-179.2064	-242.1078	62.90137	2.308231	2.27355
1512	-177.6061	-241.2642	63.65812	3.469519	0.7789593
1518	-178.194	-242.2479	64.05396	2.723218	1.148173
1524	-182.8985	-245.8114	62.91285	3.406669	1.515938
1530	-183.2383	-247.7935	64.55528	2.643634	0.6618916
1536	-179.2821	-243.5193	64.23723	2.992327	0.5838183
1542	-177.9286	-242.2272	64.29863	2.943542	0.5040172
1548	-177.6383	-241.7214	64.08306	3.04497	0.2975105
1554	-182.634	-245.7725	63.13847	3.821867	0.2120542
1560	-179.8942	-243.8395	63.94535	3.169774	0.288386
1566	-180.3155	-244.3553	64.03986	3.169774	0.3829937
1572	-175.5066	-239.5202	64.01358	3.169774	0.3474902
1578	-182.9356	-245.3941	62.45853	2.939423	2.151872
1584	-172.9576	-235.7033	62.74569	2.720175	2.107497
1590	-176.3857	-239.3825	62.9968	4.242905	0.5362357
1596	-182.3429	-245.4751	63.13218	4.044426	0.7036042
1602	-184.4357	-248.2957	63.86001	3.14678	0.9256528
1608	-181.9273	-245.2932	63.36588	3.750523	0.7943847
1614	-178.8566	-242.0044	63.14777	3.063687	1.595562
1620	-174.2263	-238.2293	64.00294	2.797324	1.127586
1626	-171.5294	-235.7241	64.19469	2.72748	1.013101
1632	-177.4447	-241.7644	64.31971	2.717326	0.8920328
1638	-178.4838	-242.658	64.17425	3.05473	0.585794
1644	-177.0665	-241.4346	64.36815	2.293395	1.247463
1650	-178.1634	-242.0506	63.88722	2.774317	1.247463
1656	-175.0542	-239.3762	64.32199	2.382267	1.211459
1662	-174.3584	-236.9762	62.61774	2.19973	2.521339
1668	-175.1394	-239.4745	64.33508	2.468974	1.124173
1674	-172.9389	-237.1717	64.2328	2.169769	1.453315
1680	-179.0888	-243.0085	63.9197	2.48287	1.453315
1686	-173.5098	-237.5641	64.05428	3.04886	0.8119513
1692	-181.4549	-244.0691	62.61425	4.591222	0.3764299
1698	-179.3897	-243.2713	63.88159	3.175728	0.8685521
1704	-180.4154	-241.6696	61.25415	3.212426	2.738005
1710	-182.6243	-245.7263	63.10203	3.332476	1.428867
1716	-175.496	-240.4479	64.95189	2.221538	0.7090424
1722	-171.3642	-235.1892	63.82502	3.37745	0.3719698
1728	-174.2415	-237.9083	63.6668	3.555014	0.6078998
1734	-170.4594	-234.2877	63.82826	3.381245	0.3827901
1740	-169.8559	-233.0747	63.21876	2.187468	2.146478
1746	-166.1393	-230.2248	64.08541	3.078926	0.7240821
1752	-178.0162	-241.3671	63.35094	3.857461	0.6415219
1758	-180.3472	-243.6648	63.31757	3.890826	0.6415219
1764	-176.7726	-240.8582	64.08555	2.927067	0.9192996
1770	-174.2591	-238.391	64.13197	2.921768	0.8727581
1776	-184.404	-248.6115	64.20747	2.90148	0.8043331
1782	-178.9621	-243.0733	64.11118	2.997768	0.8043331
1788	-180.4655	-243.3073	62.84179	2.92263	1.908673
1794	-191.623	-255.0535	63.43047	2.333945	1.908673
1800	-187.0921	-250.1773	63.0852	2.872148	1.776256
1806	-190.1733	-253.6902	63.51691	2.848594	1.481428
1812	-185.1649	-249.5727	64.40781	2.136187	1.343213
1818	-186.6225	-250.1592	63.5367	3.392011	1.006627
1824	-184.5908	-245.4674	60.8766	3.910078	2.540525
1830	-183.4114	-246.846	63.43455	3.698081	0.7719338
1836	-183.6669	-244.9628	61.29598	2.910262	2.896266
1842	-190.612	-254.4764	63.86435	2.434466	1.53134
1848	-186.7699	-250.2641	63.49416	3.645289	0.7621415
1854	-181.6982	-244.4358	62.73759	2.358299	2.346113
1860	-181.5591	-244.0745	62.51544	1.871938	2.786356
1866	-181.9525	-244.7999	62.84743	1.539943	2.786356
1872	-182.153	-244.3774	62.22447	1.305372	3.299666
1878	-186.5657	-246.6767	60.11102	2.960181	3.568092
1884	-184.5784	-247.343	62.76453	2.892563	1.980907
1890	-179.3883	-243.1326	63.74436	3.063817	1.120459
1896	-178.7278	-242.7321	64.00432	2.683456	1.225443
1902	-173.372	-237.6704	64.2984	2.932126	0.5803675
1908	-178.7014	-242.8255	64.1241	3.10643	0.5803675
1914	-179.3411	-242.9407	63.59959	2.519406	1.662274
1920	-188.7717	-250.2585	61.48675	2.246863	3.179184
1926	-195.9804	-257.6631	61.68267	2.580031	2.862103
1932	-183.3551	-247.0959	63.74084	2.899211	1.265309
1938	-184.9395	-247.247	62.30752	2.899211	2.275387
1944	-185.6549	-249.469	63.8141	3.047788	1.071056
1950	-191.4852	-252.5139	61.02866	3.29761	2.823537
1956	-189.3921	-252.9492	63.55708	2.296514	1.847909
1962	-183.6374	-248.1251	64.48771	2.6485	0.766821
1968	-185.2312	-249.5785	64.34731	2.788904	0.766821
1974	-179.7525	-243.9985	64.24594	2.973431	0.6145901
1980	-179.1984	-243.9721	64.77366	2.10618	1.054106
1986	-173.3275	-237.7152	64.38764	2.492195	1.054106
1992	-177.9467	-242.2981	64.35142	2.821724	0.7095234
1998	-167.4349	-232.0903	64.6554	2.483653	0.7627189
2004	-176.7819	-241.0009	64.21895	2.920099	0.7627189
2010	-179.7432	-244.0032	64.26	2.962272	0.6065865
2016	-178.9401	-243.4237	64.48361	2.738669	0.6065865
2022	-178.6149	-243.3329	64.71806	2.141972	1.0728
2028	-177.6876	-242.0394	64.35172	2.141972	1.382938
2034	-181.7998	-246.2227	64.42285	2.216182	1.266156
2040	-180.6101	-245.56	64.94997	2.015369	0.9695475
2046	-183.0272	-245.1073	62.08008	2.012636	2.96471
2052	-181.6074	-245.7111	64.10371	3.070038	0.7085082
2058	-178.8538	-243.4829	64.62903	2.315269	0.9910187
2064	-176.8102	-241.1512	64.34103	2.146418	1.387822
2070	-182.8337	-242.2005	59.36676	2.029844	4.524084
2076	-178.816	-243.0129	64.19687	2.323043	1.36231
2082	-186.4694	-249.5508	63.0814	1.372062	2.746024
2088	-183.2495	-247.1181	63.8686	2.198898	1.698927
2094	-184.5126	-248.949	64.43645	2.805176	0.4831839
2100	-191.568	-255.3294	63.7614	3.373124	0.3023787
2106	-184.715	-247.2867	62.57172	4.620746	0.3584248
2112	-185.3387	-248.9029	63.56421	3.129548	1.220376
2118	-188.2766	-249.0586	60.78203	1.805336	3.847737
2124	-188.9648	-251.6528	62.68801	3.345652	1.72283
2130	-189.0278	-250.704	61.6762	2.075501	3.168447
2136	-188.5176	-252.0752	63.55763	2.553342	1.668003
2142	-181.5831	-245.1272	63.54414	2.872515	1.442557
2148	-177.8179	-241.4673	63.64931	2.184233	1.861631
2154	-184.1911	-245.9743	61.78317	3.131441	2.460567
2160	-184.0852	-248.3689	64.28368	2.956659	0.5311623
2166	-180.1484	-243.5896	63.44126	3.771563	0.3883791
2172	-182.9504	-245.1998	62.24944	4.716125	0.9693116
2178	-182.312	-245.2912	62.97917	3.452792	1.430817
2184	-178.8544	-241.5883	62.73388	3.452792	1.613566
2190	-179.6816	-240.1752	60.49354	4.466582	2.431964
2196	-183.286	-243.5475	60.26148	6.428794	1.223329
2202	-182.5794	-245.5133	62.93393	3.655975	1.306337
2208	-177.7119	-240.6482	62.93622	3.653684	1.306337
2214	-179.2747	-241.284	62.0093	1.571124	3.269837
2220	-173.2174	-236.5969	63.37951	3.816074	0.6686025
2226	-171.5381	-235.1563	63.61828	2.836982	1.412851
2232	-170.2142	-233.1736	62.95943	2.038018	2.408445
2238	-177.5723	-241.7091	64.13683	1.511561	1.986725
2244	-174.6174	-238.7316	64.11427	2.084499	1.604791
2250	-179.6592	-242.8094	63.15028	4.087022	0.5511984
2256	-175.817	-238.5479	62.73086	3.910652	1.264099
2262	-194.844	-259.3593	64.51531	2.039544	1.334543
2268	-188.0428	-251.9546	63.9118	2.239446	1.639142
2274	-180.788	-242.8412	62.05318	3.260907	2.206291
2280	-180.0582	-243.4939	63.43567	3.633962	0.8538779
2286	-181.2908	-246.0626	64.7718	1.840828	1.28785
2292	-177.0234	-241.1993	64.17593	2.690389	1.066896
2298	-185.3278	-243.056	57.7282	4.99038	3.77222
2304	-187.5085	-249.191	61.68249	5.527804	0.3840788
2310	-176.1193	-240.3206	64.20132	2.552185	1.168998
2316	-173.6694	-238.118	64.44869	1.998458	1.419125
2322	-176.1225	-240.9988	64.87629	2.219677	0.8211977
2328	-175.101	-238.5106	63.40953	3.828865	0.4575857
2334	-185.6393	-249.952	64.31272	2.788181	0.8148575
2340	-171.7358	-235.9891	64.25337	2.805672	0.8665248
2346	-170.2878	-234.2903	64.0025	2.710238	1.204228
2352	-174.3705	-236.8439	62.47334	1.662459	2.938776
2358	-170.2704	-234.1773	63.9069	2.374415	1.544309
2364	-173.4874	-238.3696	64.88222	1.796812	1.232807
2370	-175.3182	-240.4	65.08172	2.051396	0.7712384
2376	-177.1631	-241.1492	63.98617	1.887783	1.833932
2382	-182.6327	-246.1721	63.5394	3.595372	0.7688818
2388	-170.8871	-234.4523	63.56518	2.97484	1.346378
2394	-175.8867	-239.2477	63.36108	2.432366	1.888973
2400	-173.1766	-236.8507	63.67414	2.119298	1.888973
2406	-175.2183	-239.5039	64.28562	2.457553	1.178001
2412	-183.7016	-248.5432	64.8416	2.243487	0.8349286
2418	-179.884	-244.5445	64.66054	2.367005	0.9027498
2424	-183.0778	-246.1597	63.08185	3.708148	1.136776
2430	-190.2804	-251.6337	61.35334	3.588891	2.443218
2436	-181.2313	-245.9117	64.68043	2.229574	1.025044
2442	-187.6656	-251.686	64.02041	3.189233	0.3830161
2448	-186.6731	-250.5519	63.87881	3.353504	0.4329335
2454	-183.6284	-247.7624	64.134	3.072477	0.6458312
2460	-182.1284	-245.6059	63.47753	2.359974	1.858924
2466	-188.6704	-252.7385	64.06802	1.911534	1.760778
2472	-172.1257	-236.4875	64.36177	1.928001	1.538046
2478	-177.6255	-241.5292	63.90373	1.48593	2.157266
2484	-178.824	-242.5261	63.7021	2.370361	1.695405
2490	-180.7871	-241.5894	60.80229	1.977111	3.737136
2496	-181.4441	-243.3263	61.88226	2.443061	2.824115
2502	-177.7774	-242.5453	64.76789	1.856885	1.277895
2508	-180.5996	-244.0422	63.4426	3.739482	0.6939769
2514	-175.1461	-238.6592	63.51314	3.098325	1.288802
2520	-173.6061	-237.5243	63.91819	2.693271	1.288802
2526	-173.7891	-238.3381	64.54894	2.693271	0.4989744
2532	-178.3261	-242.0605	63.73449	3.288095	0.9082894
2538	-179.9832	-243.5479	63.56474	3.035089	1.298288
2544	-181.4576	-245.9211	64.46349	2.136332	1.298288
2550	-179.2778	-242.5544	63.27654	3.457695	1.185745
2556	-178.3459	-241.746	63.40004	2.929338	1.508571
2562	-175.9152	-239.2277	63.31248	3.919324	0.4313115
2568	-178.0945	-241.4593	63.36483	3.326986	1.222022
2574	-179.2405	-242.79	63.54958	3.262119	1.117277
2580	-180.1682	-242.7278	62.55958	3.881829	1.42355
2586	-175.0219	-238.9494	63.92751	2.865368	1.134203
2592	-176.2186	-240.2993	64.08073	2.712145	1.134203
2598	-176.3229	-240.2165	63.89361	2.473758	1.48002
2604	-179.6762	-243.2296	63.55332	3.463502	0.9146733
2610	-184.027	-247.9389	63.91196	3.224939	0.7658356
2616	-184.3541	-247.1668	62.8127	4.276746	0.8294747
2622	-188.5036	-252.8152	64.31157	2.930262	0.5138926
2628	-187.0606	-251.403	64.34242	2.896394	0.5423344
2634	-184.2609	-248.2382	63.97734	3.110865	0.8310257
2640	-190.393	-252.2915	61.89849	2.922653	2.519048
2646	-190.6216	-253.1727	62.55107	2.777323	2.197038
2652	-178.2389	-242.6276	64.38871	2.777323	0.7213303
2658	-183.4968	-247.618	64.12117	3.03925	0.7303629
2664	-187.6934	-252.538	64.84454	2.132341	0.9575473
2670	-186.0204	-248.4087	62.38825	4.564895	0.2094344
2676	-189.3563	-251.9104	62.5541	4.684994	0.4615436
2682	-191.0701	-252.8559	61.78574	4.075419	1.842718
2688	-194.8101	-256.4408	61.63075	2.392231	3.006592
2694	-195.8862	-259.3796	63.49336	3.234682	1.191094
2700	-198.3835	-260.8422	62.45869	4.717375	0.7045342
2706	-195.195	-258.8989	63.70384	3.493657	0.3649974
2712	-204.4818	-267.6081	63.12623	2.200156	2.198337
2718	-203.7533	-264.5574	60.80403	4.445002	2.248232
2724	-197.5244	-259.5563	62.0319	5.062792	0.8228325
2730	-197.4231	-261.4045	63.98138	3.216365	0.6642723
2736	-198.4951	-261.94	63.44488	3.764885	0.6383932
2742	-201.0108	-263.9014	62.89058	4.322132	0.6314745
2748	-203.8566	-265.9846	62.12801	4.962486	0.828153
2754	-195.9297	-256.2009	60.27119	5.923034	1.608086
2760	-192.6402	-255.3469	62.70665	4.471876	0.3421258
2766	-192.8471	-255.5538	62.70665	4.471876	0.3421258
2772	-195.778	-259.7054	63.9274	3.312514	0.5346257
2778	-197.8455	-261.0451	63.19959	3.177533	1.472648
2784	-192.5137	-254.146	61.63227	5.54533	0.3411307
2790	-191.0823	-253.0309	61.94854	3.505715	2.1151
2796	-186.5322	-249.9893	63.45712	2.594721	1.710004
2802	-186.9926	-248.1887	61.19608	5.126408	1.513717
2808	-184.2316	-248.0159	63.78432	3.340049	0.7834968
2814	-180.6584	-243.4092	62.75089	3.123393	1.833706
2820	-179.537	-243.2492	63.71212	3.003063	1.202132
2826	-178.7318	-242.3514	63.61955	3.503109	0.7858557
2832	-178.1574	-243.0091	64.85167	1.817156	1.241376
2838	-172.0869	-236.5901	64.50314	2.724818	0.4202769
2844	-165.6812	-230.5379	64.85672	2.314028	0.7135545
2850	-162.1165	-226.249	64.13256	2.497862	1.273251
2856	-167.0225	-230.5702	63.54771	2.341503	1.82343
2862	-171.8396	-234.189	62.34943	1.932103	2.850695
2868	-176.4219	-240.2094	63.78748	3.448927	0.5558302
2874	-168.8585	-231.8078	62.94929	2.986091	1.791518
2880	-170.6396	-233.4116	62.77202	2.454531	2.262676
2886	-171.466	-233.1056	61.63962	2.579629	2.888406
2892	-178.6624	-241.2198	62.55736	2.659959	2.268601
2898	-177.4128	-240.9767	63.56391	2.725836	1.53807
2904	-179.6791	-243.3553	63.67616	2.646302	1.513739
2910	-179.7176	-242.7167	62.99904	2.889951	1.823585
2916	-174.0969	-237.9937	63.89673	3.309953	0.6453755
2922	-170.4545	-234.3704	63.91591	2.616088	1.352747
2928	-177.7865	-238.9004	61.11384	3.379702	2.7215
2934	-180.578	-243.2988	62.72081	2.77456	2.088129
2940	-179.1549	-242.5837	63.42876	1.996572	2.134017
2946	-170.8194	-234.8625	64.0431	2.86733	1.024631
2952	-178.2337	-240.6894	62.45567	2.107631	2.678689
2958	-185.589	-249.4902	63.90127	2.629252	1.353919
2964	-186.3963	-246.6355	60.23919	3.790796	3.002391
2970	-179.5865	-243.2895	63.70301	2.746811	1.417063
2976	-171.9501	-235.7331	63.78308	2.068981	1.848958
2982	-169.801	-234.1368	64.33582	2.542801	1.05526
2988	-169.4885	-233.3963	63.90788	3.227346	0.3029163
2994	-178.1127	-241.2347	63.12199	4.013233	0.3029163
3000	-170.1453	-233.9006	63.75529	3.486505	0.5144857
3006	-170.3619	-234.1302	63.7683	3.473495	0.5144857
3012	-171.7262	-235.1324	63.40621	3.83559	0.5144857
3018	-170.0981	-233.7319	63.63383	3.563706	0.3650587
3024	-183.0959	-246.8091	63.71317	3.52835	0.5187211
3030	-193.7592	-257.3577	63.59852	2.249948	1.851421
3036	-199.5305	-262.1567	62.62624	4.575467	0.3708637
3042	-186.3601	-249.6656	63.30545	3.762406	0.259767
3048	-175.5779	-238.9234	63.34556	3.716985	0.2569328
3054	-177.6237	-241.4462	63.82258	3.402336	0.5988493
3060	-180.7474	-243.8728	63.1254	2.430456	2.048243
3066	-170.8731	-235.1146	64.24142	2.552052	1.133672
3072	-173.8899	-238.4506	64.56072	2.289444	1.082004
3078	-173.4295	-237.6759	64.24642	2.535387	1.14407
3084	-170.7407	-234.593	63.85236	1.936534	1.892068
3090	-178.9585	-241.7266	62.7681	2.2325	2.406454
3096	-177.6351	-240.3794	62.74432	1.847757	2.660989
3102	-180.3929	-244.0783	63.68544	2.318476	1.743732
3108	-178.2695	-241.4974	63.22788	1.696709	2.454304
3114	-181.1546	-244.2964	63.14181	1.782776	2.454304
3120	-183.7354	-248.5099	64.7745	2.407742	0.6936988
3126	-181.5726	-245.2769	63.70427	2.954614	1.249678
3132	-193.7766	-252.9137	59.13712	3.41006	3.870823
3138	-188.8812	-253.515	64.63374	2.225954	1.073109
3144	-182.0548	-244.4303	62.37552	3.778173	1.637377
3150	-184.3807	-247.7537	63.37297	2.79782	1.625055
3156	-179.602	-242.2595	62.65743	2.501539	2.305938
3162	-181.3516	-245.5299	64.17837	2.89611	0.2634065
3168	-182.4124	-246.3973	63.98491	3.038594	0.2378315
3174	-185.8545	-250.193	64.33855	2.861649	0.3687192
3180	-177.4551	-240.6935	63.23841	3.945305	0.3479025
3186	-184.0145	-247.2665	63.25199	3.990134	0.5063896
3192	-184.5663	-247.9133	63.34703	3.62404	0.9636068
3198	-187.2454	-249.783	62.53757	2.873668	2.143212
3204	-188.1684	-250.7412	62.57275	1.701422	2.855155
3210	-182.4525	-245.1188	62.66631	2.930168	2.02131
3216	-182.8417	-245.9433	63.10163	2.020103	2.329673
3222	-177.4047	-241.4946	64.08983	2.133994	1.586546
3228	-180.1372	-244.5463	64.40914	2.638697	0.8796408
3234	-177.8458	-242.1692	64.32349	2.338186	1.247352
3240	-175.9931	-239.6056	63.61247	2.082485	1.955534
3246	-175.7323	-239.6496	63.91729	2.089541	1.741693
3252	-175.3673	-238.4843	63.11702	1.986526	2.341248
3258	-178.6411	-240.6155	61.97443	2.856504	2.512938
3264	-179.729	-238.9641	59.2351	1.399871	4.94987
3270	-181.1674	-243.4815	62.31417	1.653527	3.039713
3276	-185.0326	-245.2659	60.23326	2.840054	3.566867
3282	-184.4091	-246.9923	62.58329	1.406912	3.026238
3288	-186.9943	-250.3067	63.31242	2.336413	1.986428
3294	-186.925	-250.5387	63.61365	2.244909	1.844502
3300	-186.9345	-250.0655	63.13097	2.70329	1.861146
3306	-187.078	-251.2192	64.14116	1.643232	1.895123
3312	-201.8315	-260.6686	58.83712	8.07799	1.020045
3318	-197.5302	-258.1911	60.66086	4.684549	2.186016
3324	-191.8427	-254.7127	62.86993	2.610973	2.097628
3330	-186.8779	-249.0714	62.19355	5.041807	0.5608458
3336	-185.6273	-249.1862	63.55888	3.374858	0.2026361
3342	-193.5456	-256.6411	63.0955	3.813299	0.1944263
3348	-191.9079	-254.5507	62.64285	3.913114	0.1170289
3354	-186.0132	-250.5615	64.54829	2.692027	0.5313797
3360	-188.5447	-252.4914	63.94666	3.293475	0.5328515
3366	-191.3027	-255.4261	64.12344	2.630986	1.168197
3372	-189.6599	-253.3123	63.65245	3.480616	0.7713187
3378	-190.3742	-253.7884	63.41419	3.367003	1.144614
3384	-193.2138	-257.1262	63.91239	3.329601	0.5106093
3390	-193.4949	-253.4269	59.93193	6.595626	1.356269
3396	-188.6473	-252.4893	63.84197	3.048611	1.043838
3402	-179.5511	-240.7168	61.16569	4.31613	2.097029
3408	-176.9012	-237.7547	60.85346	5.961579	1.11425
3414	-193.6338	-257.4307	63.79694	1.932245	1.932489
3420	-175.2868	-239.4338	64.14697	3.047219	0.6713435
3426	-174.2145	-238.1817	63.96715	3.127224	0.8232331
3432	-182.9264	-244.2012	61.27484	5.390621	1.244193
3438	-181.2367	-244.2061	62.96947	3.717975	1.225718
3444	-181.3385	-244.7811	63.44259	2.743341	1.6141
3450	-185.1387	-248.6953	63.55653	3.055176	1.288602
3456	-185.8397	-250.4674	64.62769	2.445255	0.8498731
3462	-189.9038	-253.4188	63.51501	3.261336	1.148909
3468	-188.1707	-251.8027	63.63198	2.506695	1.648173
3474	-193.9966	-256.2104	62.21374	4.192053	1.450856
3480	-191.4648	-255.062	63.59724	2.532368	1.654679
3486	-188.8204	-252.4599	63.6395	3.39334	0.8967867
3492	-187.5779	-251.4388	63.86095	2.716989	1.316013
3498	-194.8102	-257.0805	62.27036	3.701136	1.766405
3504	-191.567	-255.5949	64.02795	3.130752	0.7330683
3510	-185.0585	-246.7487	61.69013	4.267917	1.775773
3516	-187.8896	-248.5042	60.61468	4.99401	2.013196
3522	-194.447	-256.5151	62.0681	4.69893	1.157141
3528	-191.8281	-253.858	62.02987	4.645066	1.236248
3534	-195.6247	-255.4042	59.77951	3.506723	3.44269
3540	-190.439	-251.7978	61.35881	2.985578	2.812522
3546	-192.213	-254.9037	62.69072	4.280424	0.9635282
3552	-189.4793	-252.0387	62.55937	4.551667	0.8015594
3558	-182.8949	-246.2061	63.31122	3.896251	0.6436196
3564	-188.2103	-252.2748	64.06449	3.172678	0.4514764
3570	-188.2998	-252.4031	64.10325	3.108056	0.6348095
3576	-188.8371	-251.6396	62.80248	3.241333	1.715671
3582	-186.8331	-250.5814	63.7483	2.920055	1.241768
3588	-187.0777	-250.7517	63.67394	2.981249	1.252755
3594	-193.6572	-256.642	62.98483	3.135338	1.661432
3600	-179.4349	-241.4592	62.02429	3.984508	1.740307
3606	-180.4951	-244.705	64.20986	3.020047	0.5825763
3612	-176.0507	-240.0307	63.98005	3.231371	0.3859773
3618	-174.2721	-238.3669	64.09481	3.116617	0.3859773
3624	-176.6847	-239.494	62.8093	2.591541	2.149991
3630	-179.49	-241.9313	62.44124	1.776055	2.889588
3636	-176.4423	-240.6484	64.20617	1.833383	1.718682
3642	-175.1308	-239.1715	64.04074	2.293807	1.504705
3648	-177.1838	-240.8083	63.62444	1.929347	2.049607
3654	-179.1111	-239.4665	60.35536	1.496595	4.267176
3660	-183.9128	-246.3131	62.40039	1.862411	2.862047
3666	-193.4231	-255.1507	61.72768	2.254625	3.030965
3672	-183.9934	-247.7295	63.7361	3.48152	0.3971591
3678	-184.636	-248.6526	64.01664	3.224946	0.4826063
3684	-188.0348	-251.2745	63.23963	3.785423	0.9055371
3690	-191.6532	-254.3532	62.7	4.433307	0.3014551
3696	-193.9015	-256.7692	62.86766	4.321092	0.3538253
3702	-188.1766	-251.9128	63.73625	3.479911	0.3943952
3708	-190.6916	-254.388	63.69637	3.479911	0.3397213
3714	-186.5815	-249.6341	63.05259	3.275552	1.509496
3720	-179.7252	-243.6278	63.90262	3.10672	0.9228844
3726	-178.4692	-242.3043	63.83504	3.051197	1.048001
3732	-184.8776	-249.1568	64.27915	2.518389	1.130033
3738	-178.9597	-240.2554	61.29579	2.729482	3.005213
3744	-182.0509	-244.4506	62.39972	1.770478	2.918032
3750	-176.8519	-240.7932	63.9413	2.438462	1.470651
3756	-177.2877	-240.7097	63.42202	3.144793	1.324965
3762	-176.4942	-239.5095	63.01528	3.471985	1.387965
3768	-177.5535	-239.62	62.06643	2.518965	2.665101
3774	-176.3147	-239.3796	63.06489	2.504688	2.03916
3780	-196.7743	-257.0771	60.30276	4.625291	2.452129
3786	-187.6508	-249.6985	62.04761	2.880444	2.452129
3792	-187.1652	-250.4539	63.28872	2.598617	1.82472
3798	-184.7399	-247.6425	62.90255	2.513162	2.14029
3804	-180.8526	-243.0509	62.19825	1.471244	3.217184
3810	-173.1295	-236.6946	63.56505	1.997117	2.044061
3816	-167.4293	-231.1502	63.72096	3.456892	0.3414003
3822	-165.9645	-229.4499	63.48536	1.777494	2.239344
3828	-169.5325	-231.9009	62.36842	1.749466	2.949564
3834	-169.7829	-232.166	62.38314	1.777682	2.923691
3840	-177.5499	-237.997	60.44705	1.555202	4.181938
3846	-176.2205	-239.3982	63.17776	3.131936	1.523251
3852	-171.3686	-234.892	63.52343	2.786267	1.523251
3858	-175.349	-238.5751	63.22616	2.872126	1.677055
3864	-173.8527	-237.9101	64.05744	3.042213	0.8164636
3870	-182.1842	-246.2496	64.06545	3.068207	0.7704792
3876	-181.7579	-244.6458	62.88794	3.404092	1.53637
3882	-173.4024	-236.997	63.5946	3.625961	0.6113648
3888	-169.3292	-231.7328	62.40357	2.851272	2.244497
3894	-166.874	-230.9078	64.0338	2.914341	0.9871265
3900	-173.6253	-235.245	61.61965	4.760503	1.470353
3906	-174.4917	-238.1435	63.65181	3.392574	0.8836191
3912	-172.6077	-236.8646	64.25684	2.377434	1.27008
3918	-174.5743	-237.0847	62.51041	1.856004	2.799121
3924	-180.2694	-244.4686	64.19919	2.36562	1.32657
3930	-180.4566	-242.263	61.80637	2.435251	2.87487
3936	-173.4304	-234.5295	61.09915	4.58964	1.959673
3942	-169.2321	-233.004	63.77188	2.38308	1.636464
3948	-171.1577	-234.0296	62.87193	1.453705	2.823924
3954	-171.7792	-234.3858	62.60656	1.719073	2.823924
3960	-170.5553	-234.5894	64.03416	2.599885	1.270271
3966	-169.0519	-233.0046	63.95266	2.936846	1.044874
3972	-177.7384	-239.9622	62.22384	3.621613	1.853484
3978	-181.1036	-245.1265	64.02289	3.217765	0.5284316
3984	-174.6995	-238.4314	63.73191	3.508735	0.5284316
3990	-169.2914	-232.8235	63.53213	3.708519	0.5284316
3996	-172.2893	-236.2166	63.92729	3.313356	0.5284316
4002	-170.4562	-234.3351	63.87897	3.243635	0.7859328
4008	-171.8693	-236.0899	64.22067	2.936253	0.735854
4014	-177.9173	-241.6103	63.69304	3.119958	1.116096
4020	-178.2264	-241.2126	62.98619	2.267726	2.245092
4026	-167.372	-230.6178	63.24578	1.883005	2.325182
4032	-169.4828	-232.0605	62.57773	2.551057	2.325182
4038	-163.0857	-226.9074	63.82165	3.402537	0.4109828
4044	-171.6465	-235.2954	63.6489	3.567149	0.394191
4050	-181.9073	-245.127	63.21976	3.351941	1.321032
4056	-180.7273	-244.4989	63.77159	2.9429	1.202728
4062	-183.8648	-245.2355	61.37072	2.500988	3.09705
4068	-178.7012	-240.0998	61.39863	3.029967	2.761213
4074	-183.2786	-246.7942	63.51563	1.865196	2.163014
4080	-180.7835	-245.1603	64.37685	2.851648	0.5874205
4086	-182.5461	-244.8549	62.30872	3.84575	1.636817
4092	-176.2149	-240.2127	63.99778	3.14023	0.7642313
4098	-181.3282	-246.0867	64.75852	2.066644	1.105033
4104	-174.0421	-236.7912	62.74908	2.447485	2.281901
4110	-171.4308	-236.3316	64.90081	2.22885	0.7761258
4116	-177.655	-241.1459	63.4909	2.010751	2.083996
4122	-174.2011	-238.8283	64.62724	2.368574	0.9375068
4128	-172.0547	-234.0659	62.01114	1.952892	3.041903
4134	-170.5986	-235.2363	64.63767	2.345975	0.9504428
4140	-174.2416	-236.9528	62.71119	2.196634	2.464824
4146	-175.2813	-239.4945	64.21316	2.383738	1.300666
4152	-177.6283	-241.4162	63.78792	2.094744	1.827943
4158	-176.7688	-241.1388	64.36998	2.859521	0.5839978
4164	-181.0716	-244.3344	63.26274	3.972583	0.4436127
4170	-175.1052	-239.0825	63.97733	2.27923	1.562559
4176	-173.7122	-237.9687	64.25644	2.26344	1.362337
4182	-176.4847	-240.4469	63.96219	1.868403	1.863652
4188	-169.0317	-233.0783	64.04661	2.975547	0.9087616
4194	-170.0903	-233.8027	63.71237	2.356986	1.697608
4200	-171.2712	-235.652	64.38079	2.719248	0.8159733
4206	-176.6842	-239.533	62.84876	2.915041	1.909089
4212	-178.4946	-242.5167	64.02205	3.155989	0.3416028
4218	-181.9594	-246.0384	64.07896	3.162621	0.4825337
4224	-178.8784	-243.0143	64.13581	3.060336	0.363195
4230	-181.271	-245.1768	63.9058	2.685842	1.304932
4236	-181.597	-245.4077	63.81068	3.345282	0.320037
4242	-177.1605	-240.7783	63.61778	3.601155	0.3997489
4248	-171.3728	-235.0746	63.70171	2.964642	1.243442
4254	-181.4238	-243.8707	62.44692	4.481207	0.20074
4260	-187.0109	-247.3085	60.29761	3.806852	2.957641
4266	-183.7833	-247.0289	63.24555	3.88426	0.2988241
4272	-183.4815	-246.8469	63.36543	3.853381	0.3994935
4278	-184.9431	-246.3659	61.42274	3.631879	2.372299
4284	-185.3892	-245.1613	59.77205	6.833336	1.293763
4290	-185.2269	-249.2892	64.06228	2.23823	1.53008
4296	-185.0635	-247.3264	62.26291	1.965133	2.88309
4302	-189.3943	-251.0849	61.69058	3.459649	2.311513
4308	-191.1254	-250.5537	59.42834	7.568203	0.9367255
4314	-191.8452	-255.4366	63.59144	2.757765	1.493704
4320	-190.4306	-253.7229	63.29222	2.845868	1.648594
4326	-185.6504	-249.7759	64.12549	2.958979	0.8356989
4332	-189.7004	-251.9251	62.22463	3.084069	2.209771
4338	-187.0795	-251.0848	64.00522	2.964944	0.9645507
4344	-188.375	-252.3227	63.94776	3.257043	0.3754204
4350	-188.2617	-251.1331	62.87137	3.697261	1.323506
4356	-191.894	-253.2495	61.35546	5.843641	0.3671877
4362	-199.2317	-261.6932	62.46147	2.063525	2.702215
4368	-183.1201	-245.7005	62.58036	4.188372	1.155638
4374	-186.7328	-247.3918	60.659	2.690596	3.405591
4380	-190.3532	-253.5329	63.17974	3.537673	1.200227
4386	-187.9885	-250.6487	62.66019	4.010365	1.23993
4392	-185.8142	-248.463	62.64882	4.593251	0.4917031
4398	-179.0144	-243.328	64.31361	2.68274	0.9369301
4404	-182.3818	-245.7429	63.36109	3.08981	1.416223
4410	-181.0476	-245.0542	64.00663	2.337187	1.497752
4416	-185.797	-247.1269	61.32986	4.433178	1.909605
4422	-187.1537	-249.0208	61.86706	4.177352	1.715255
4428	-190.029	-254.2082	64.17925	2.939099	0.7917452
4434	-187.0832	-251.5698	64.4866	2.750107	0.5542996
4440	-181.174	-245.0827	63.90869	2.429654	1.501857
4446	-181.9525	-246.2264	64.27389	2.417861	1.22208
4452	-183.5476	-248.1459	64.5983	1.897513	1.381274
4458	-186.7439	-251.5722	64.82826	1.883034	1.205466
4464	-188.9655	-253.3902	64.42471	2.286577	1.205466
4470	-190.2003	-253.6553	63.45499	3.749581	0.6500084
4476	-184.5947	-248.3133	63.71866	3.286992	0.9268951
4482	-186.0313	-249.5256	63.49429	3.201809	1.218394
4488	-184.9	-248.8675	63.96747	2.728635	1.218394
4494	-180.9748	-244.9123	63.93752	2.519972	1.411123
4500	-191.2155	-254.9458	63.73033	3.429015	0.3230843
4506	-190.4269	-253.4808	63.05394	3.985983	0.2455124
4512	-187.9649	-252.2898	64.3249	2.38799	1.204097
4518	-188.8641	-248.8325	59.96848	5.735715	1.949322
4524	-189.814	-252.0922	62.27821	4.147351	1.435738
4530	-181.1104	-242.9936	61.88323	4.81818	1.213888
4536	-180.8902	-241.6207	60.73051	4.878254	2.013141
4542	-188.9058	-251.4337	62.52785	4.206109	1.185988
4548	-187.7587	-247.2732	59.51456	7.186184	1.214452
4554	-184.6626	-244.174	59.51138	7.183544	1.219395
4560	-184.2552	-245.2105	60.95535	5.506242	1.407949
4566	-183.3954	-245.2477	61.8523	4.609292	1.407949
4572	-183.3217	-246.8866	63.56489	3.502007	0.8571675
4578	-189.9873	-253.5608	63.57347	3.507231	0.8403662
4584	-193.6018	-255.8213	62.21947	4.319871	1.346914
4590	-194.6115	-256.751	62.13949	5.101921	0.4803073
4596	-193.317	-257.5903	64.27329	2.93985	0.6304338
4602	-193.0278	-256.9321	63.90428	3.212071	0.7944521
4608	-189.7168	-252.7771	63.06029	4.09078	0.3157707
4614	-182.2816	-244.5046	62.22304	1.803377	3.004531
4620	-187.3404	-249.7562	62.41584	4.61072	0.9038495
4626	-188.5126	-251.1858	62.67326	3.56413	1.576624
4632	-192.9427	-254.5458	61.60315	1.871553	3.332135
4638	-196.3609	-258.3703	62.00944	2.594141	2.653905
4644	-193.0796	-256.6497	63.57014	2.647429	1.591106
4650	-192.2971	-256.8903	64.59318	2.54269	0.7673143
4656	-187.9761	-252.3631	64.387	2.542228	1.006105
4662	-191.3658	-254.5911	63.22526	3.87886	0.8106719
4668	-191.5348	-255.903	64.36822	2.277197	1.260873
4674	-185.0217	-248.5556	63.53393	2.918444	1.415088
4680	-179.056	-243.0308	63.97479	2.814775	1.137167
4686	-190.3158	-250.1158	59.79996	3.685338	3.325897
4692	-194.4459	-254.425	59.97911	5.865044	1.854374
4698	-192.4957	-255.8448	63.34915	3.877894	0.592194
4704	-191.6356	-255.2344	63.59873	3.241809	1.09092
4710	-190.3785	-252.3237	61.94523	2.557564	2.715829
4716	-192.3776	-255.5226	63.14505	2.845906	1.752809
4722	-179.6331	-242.9437	63.31053	3.591082	1.033205
4728	-175.6819	-238.7853	63.10345	2.803522	1.811179
4734	-174.9665	-238.3629	63.39648	2.440442	1.859324
4740	-202.2639	-263.3455	61.0816	2.521438	3.25648
4746	-200.9133	-264.2734	63.36014	2.6359	1.749254
4752	-183.8027	-247.1329	63.3302	3.864019	0.6712901
4758	-183.3229	-243.9782	60.65533	2.715027	3.393418
4764	-178.724	-242.349	63.62498	3.153848	1.146718
4770	-180.9892	-245.1361	64.14692	2.705533	1.079876
4776	-177.885	-242.2483	64.36328	1.933498	1.532852
4782	-178.8106	-241.9255	63.11496	3.230052	1.496855
4788	-177.8654	-240.9785	63.11305	2.040951	2.309109
4794	-177.8169	-241.6303	63.81342	3.062613	1.057721
4800	-176.1559	-240.6609	64.50502	2.733018	0.5470452
4806	-175.9898	-240.3028	64.31307	2.926692	0.4658047
4812	-173.7932	-238.1646	64.37139	2.604582	0.9584938
4818	-175.6365	-239.5972	63.96075	2.51847	1.394245
4824	-174.402	-236.2754	61.87333	3.353737	2.262345
4830	-179.8368	-243.5322	63.69548	3.456008	0.744235
4836	-173.0952	-237.0312	63.93595	3.050108	0.9478952
4842	-180.3096	-243.0285	62.71888	3.004502	1.9364
4848	-179.7804	-243.4904	63.71001	2.742611	1.414892
4854	-179.2958	-243.6545	64.3587	2.882664	0.4797075
4860	-180.3477	-244.8306	64.48296	1.867924	1.492441
4866	-179.6584	-240.9911	61.33274	4.273409	2.014882
4872	-173.6065	-236.4781	62.87161	2.734544	2.014882
4878	-171.2752	-234.917	63.64177	3.333821	0.9588962
4884	-179.3133	-244.1721	64.85885	2.207291	0.8580741
4890	-181.5202	-242.9008	61.38061	3.701412	2.354919
4896	-176.5751	-240.5662	63.99107	3.14645	0.7649324
4902	-179.691	-243.6093	63.91834	2.66598	1.310858
4908	-181.2374	-241.7948	60.55739	2.014318	3.856737
4914	-184.5456	-246.2555	61.70981	1.947324	3.2245
4920	-179.4665	-242.8529	63.38643	2.25412	1.991964
4926	-176.6962	-239.5151	62.81884	3.746421	1.326209
4932	-180.199	-244.365	64.16599	3.058322	0.6006385
4938	-178.8134	-240.8147	62.00132	3.920925	1.800623
4944	-180.5894	-244.1352	63.54575	2.783043	1.50901
4950	-175.9307	-240.6844	64.75367	2.487105	0.5271956
4956	-175.0348	-239.4722	64.43739	2.654174	0.8268036
4962	-173.0434	-236.9605	63.91706	2.154082	1.696347
4968	-172.0567	-235.0646	63.00793	4.231472	0.5383932
4974	-181.7472	-245.7287	63.98154	2.745887	1.191626
4980	-181.8401	-244.657	62.81692	3.173207	1.753387
4986	-180.9362	-243.8856	62.94939	2.480092	2.131304
4992	-178.5592	-243.3326	64.77338	2.312094	0.8344476
4998	-179.3141	-243.1675	63.85344	3.07827	1.00364
5004	-187.386	-250.0983	62.71229	3.962207	1.236617
5010	-183.3102	-246.8736	63.5634	3.39882	0.9727591
5016	-188.4347	-251.1523	62.71768	2.896854	2.009307
5022	-182.0648	-245.3344	63.26952	3.752957	0.2373677
5028	-182.3658	-244.1222	61.7564	5.180452	0.2037024
5034	-188.605	-252.4049	63.7999	3.442309	0.500611
5040	-186.7864	-251.5447	64.75825	2.483941	0.4967472
5046	-189.3361	-251.1047	61.76852	3.743251	2.077333
5052	-188.2192	-250.9571	62.73795	2.09226	2.513386
5058	-180.3043	-243.7963	63.49192	1.620238	2.335772
5064	-177.509	-240.6389	63.1299	2.74522	1.833131
5070	-182.4052	-247.326	64.92085	2.178689	0.8166166
5076	-174.543	-239.0437	64.50068	2.335039	1.095358
5082	-179.9611	-243.2319	63.27077	3.805009	0.8464194
5088	-176.7356	-240.2417	63.50604	2.870844	1.472827
5094	-179.8288	-243.8982	64.06941	2.913347	0.9513799
5100	-182.4258	-247.0515	64.62575	2.14546	1.153454
5106	-178.2134	-242.544	64.33061	2.390171	1.197341
5112	-176.3673	-240.0993	63.73203	2.838352	1.322094
5118	-175.4606	-240.0423	64.58163	2.621278	0.6535652
5124	-174.6926	-239.5023	64.80969	2.294787	0.8102056
5130	-174.2117	-238.7843	64.57259	2.449437	0.9089094
5136	-174.1889	-237.7547	63.56576	3.667713	0.5690496
5142	-176.8831	-241.1239	64.24077	2.918323	0.7324493
5148	-183.2143	-245.73	62.51575	2.964839	2.097835
5154	-185.6553	-248.7117	63.05636	1.568432	2.640827
5160	-188.067	-250.0442	61.97718	1.352518	3.417245
5166	-185.1122	-250.03	64.91784	2.013919	1.003593
5172	-183.8504	-248.7732	64.92277	1.876127	1.128813
5178	-188.0189	-251.2966	63.27768	3.961101	0.4597373
5184	-185.6253	-250.1996	64.57421	2.574915	0.7478156
5190	-191.7844	-255.4088	63.62437	2.225718	1.850311
5196	-179.2006	-243.7595	64.55893	2.34381	1.032114
5202	-185.2582	-248.5745	63.31635	3.586386	1.032114
5208	-173.2701	-235.7694	62.49931	4.464769	0.2134407
5214	-171.4538	-234.6867	63.23292	3.916095	0.3140195
5220	-174.841	-238.5736	63.73263	3.379428	0.2863125
5226	-169.2351	-231.8562	62.62104	3.144857	1.907667
5232	-170.5919	-234.1285	63.53658	3.666481	0.37283
5238	-167.1485	-230.9927	63.84423	2.554647	1.45613
5244	-167.9124	-227.6783	59.76586	2.48958	4.037806
5250	-168.1198	-231.982	63.86216	2.387846	1.567375
5256	-172.6632	-234.6403	61.97708	2.880511	2.496282
5262	-167.1283	-230.493	63.36477	2.747246	1.66726
5268	-175.6441	-238.2835	62.63935	3.713822	1.490723
5274	-171.5966	-236.2254	64.62878	2.526904	0.7377829
5280	-172.1245	-235.2627	63.13818	2.42862	2.040996
5286	-171.081	-235.7914	64.71033	2.334292	0.8833543
5292	-168.3696	-232.5399	64.17032	2.598232	1.155798
5298	-176.7916	-240.4696	63.678	3.090547	1.155798
5304	-177.7079	-241.0053	63.29745	3.352722	1.25693
5310	-182.9638	-246.3218	63.35802	3.214801	1.320132
5316	-182.2419	-246.373	64.13111	2.964559	0.8215746
5322	-177.1022	-239.8041	62.70187	4.479686	0.69492
5328	-183.8767	-243.5473	59.67066	4.644566	2.830244
5334	-182.3007	-245.5358	63.23509	2.781387	1.73492
5340	-185.8029	-248.7872	62.98437	2.782105	1.907282
5346	-183.4664	-246.0949	62.62855	2.905376	2.06273
5352	-180.6785	-243.8854	63.20691	3.114674	1.514395
5358	-179.9664	-244.4456	64.47928	2.432747	1.023068
5364	-179.4177	-243.1109	63.69317	3.268299	0.9735308
5370	-182.1765	-246.0968	63.92037	3.139379	0.8656894
5376	-178.3487	-242.1608	63.81214	3.114957	1.008227
5382	-181.1802	-245.6797	64.49947	2.406254	1.029212
5388	-185.5871	-249.1377	63.55059	3.178994	1.189763
5394	-186.8603	-247.558	60.69775	3.461421	2.924684
5400	-187.4687	-251.251	63.78233	3.386502	0.7167419
5406	-187.6746	-251.3325	63.65789	3.140989	1.128825
5412	-186.8485	-248.6583	61.80979	4.989093	1.128825
5418	-188.6739	-251.0605	62.38657	4.855493	0.5084534
5424	-191.8218	-254.5982	62.77638	4.455486	0.5753998
5430	-188.2419	-251.2795	63.03758	4.144736	0.3463102
5436	-188.4646	-251.2107	62.74611	3.950984	1.217549
5442	-188.927	-248.4655	59.53851	3.861032	3.376295
5448	-196.085	-260.255	64.17005	2.960477	0.7749026
5454	-195.9794	-257.0283	61.04896	5.870989	1.01529
5460	-189.4034	-252.3374	62.93398	3.865386	1.128394
5466	-196.9801	-259.0279	62.0478	3.848483	1.818559
5472	-197.7794	-260.1257	62.3463	4.782162	0.7778042
5478	-198.152	-261.9345	63.78251	3.34596	0.7778042
5484	-189.687	-252.9363	63.24924	3.99274	0.489436
5490	-189.8533	-252.1782	62.32487	4.729672	0.2527701
5496	-185.54	-247.7981	62.25804	4.729672	0.2225738
5502	-181.2354	-244.3311	63.09563	4.028741	0.2948537
5508	-177.7476	-241.3069	63.55925	3.680797	0.4678549
5514	-180.8605	-244.3019	63.44134	2.32407	1.908001
5520	-180.247	-243.0859	62.83886	3.044651	1.827356
5526	-172.9556	-236.3796	63.42399	2.116393	2.058463
5532	-179.6432	-241.2402	61.59702	2.010872	3.253612
5538	-176.8072	-238.6238	61.81661	2.172719	3.02676
5544	-172.1148	-236.1022	63.98737	3.133694	0.7880403
5550	-175.5118	-239.2256	63.71382	3.370429	0.8359714
5556	-171.5301	-234.8341	63.30402	3.739801	0.8842728
5562	-173.6857	-237.3437	63.6581	2.593553	1.566169
5568	-176.4365	-239.4966	63.06011	2.825006	1.82625
5574	-172.0934	-236.1229	64.0295	2.035323	1.70082
5580	-170.9853	-232.83	61.84465	2.12867	3.036345
5586	-175.2241	-236.9275	61.70341	2.26991	3.036345
5592	-172.3594	-235.5789	63.21944	2.856983	1.692601
5598	-172.9954	-235.8346	62.83921	1.632013	2.735161
5604	-171.1066	-234.6917	63.58517	1.414336	2.407145
5610	-169.5736	-234.5672	64.99359	2.152741	0.7520042
5616	-171.8276	-235.9016	64.07399	2.462983	1.348799
5622	-169.6396	-233.4784	63.83879	1.483605	2.200916
5628	-172.9528	-234.809	61.85621	1.607503	3.338594
5634	-177.9652	-242.9895	65.02436	2.042917	0.8567158
5640	-187.0958	-250.579	63.48317	2.667826	1.639323
5646	-187.6902	-251.3893	63.69912	2.961048	1.248605
5652	-180.2903	-243.262	62.9717	2.365266	2.191486
5658	-182.7544	-244.864	62.10961	2.443286	2.685086
5664	-179.1487	-238.7824	59.63374	2.231251	4.259793
5670	-177.818	-237.3083	59.49032	3.410401	3.667003
5676	-172.9182	-236.6895	63.77133	2.806076	1.316441
5682	-172.6242	-236.4743	63.85011	2.548887	1.456037
5688	-173.7154	-236.8214	63.10597	2.378297	2.095421
5694	-175.3743	-238.5234	63.14906	4.05227	0.6568985
5700	-176.0324	-239.6464	63.614	3.590933	0.6492206
5706	-176.0996	-239.6354	63.53576	3.422666	0.9766499
5712	-180.0293	-244.1546	64.12531	2.83312	0.9766499
5718	-181.8794	-245.8944	64.01506	2.467689	1.391494
5724	-181.2087	-244.6112	63.40256	2.377099	1.898335
5730	-183.6775	-247.3752	63.69774	3.433605	0.7737529
5736	-177.3595	-241.7169	64.35745	2.773895	0.7737529
5742	-177.4529	-240.2823	62.82937	2.029952	2.495201
5748	-175.4917	-239.3271	63.83533	2.003337	1.858126
5754	-184.545	-248.774	64.22907	2.599419	1.101997
5760	-179.6508	-244.0763	64.42544	2.558032	0.9506257
5766	-180.3981	-244.7264	64.32825	2.587874	1.019049
5772	-185.5311	-249.2549	63.72374	3.514091	0.5482622
5778	-184.716	-248.5672	63.85124	2.946095	1.130215
5784	-186.6155	-250.2365	63.62099	2.340542	1.773348
5790	-185.6818	-249.45	63.76817	3.060522	1.101809
5796	-186.7182	-250.5622	63.84406	2.934393	1.147045
5802	-184.9033	-248.3892	63.48586	1.848331	2.193278
5808	-191.2284	-253.4155	62.18707	3.582668	1.905069
5814	-196.2327	-257.1162	60.88345	4.3375	2.266268
5820	-194.3744	-257.5474	63.17297	3.351775	1.358494
5826	-191.783	-255.2834	63.5004	3.024339	1.358494
5832	-198.0439	-259.9225	61.87862	2.229614	2.955373
5838	-197.2705	-261.8789	64.60845	2.227881	1.094795
5844	-184.9705	-248.7338	63.76329	3.080955	1.087495
5850	-192.0005	-255.5603	63.55982	3.213999	1.151152
5856	-197.4557	-260.3343	62.87866	2.689556	2.040061
5862	-184.8749	-249.4041	64.52924	2.659161	0.6824272
5868	-186.4216	-248.2523	61.83072	2.478649	2.833801
5874	-186.9066	-250.3949	63.48838	3.042996	1.353242
5880	-180.2097	-244.2274	64.01772	2.097651	1.664865
5886	-183.3703	-246.4431	63.07283	2.546728	2.005962
5892	-175.4666	-239.3483	63.88162	3.023946	1.02937
5898	-181.756	-243.7612	62.00519	2.917914	2.455238
5904	-176.3385	-240.997	64.65852	2.327687	0.9477289
5910	-180.3693	-243.7987	63.42944	2.909246	1.501603
5916	-180.4803	-244.5536	64.07335	2.047846	1.660698
5922	-184.2672	-247.1931	62.92587	1.08867	3.011654
5928	-188.6783	-249.0512	60.37295	1.44128	4.288536
5934	-185.4976	-246.9788	61.4812	1.462552	3.642081
5940	-183.4467	-244.7402	61.29348	1.77831	3.567752
5946	-185.2381	-249.6408	64.40271	2.210055	1.287739
5952	-182.1392	-245.6052	63.46601	3.29568	1.161835
5958	-190.0932	-252.1854	62.09228	3.825419	1.803766
5964	-188.4507	-250.8138	62.36305	2.888763	2.246447
5970	-195.9865	-258.4183	62.43179	1.828232	2.863728
5976	-196.1587	-259.3458	63.18712	2.428122	2.008831
5982	-192.4442	-255.53	63.08573	3.458054	1.343377
5988	-188.1477	-251.4407	63.29297	3.250817	1.343377
5994	-191.2083	-254.1195	62.9112	2.982371	1.820426
6000	-191.403	-252.7117	61.30873	1.394394	3.781128
6006	-192.2836	-257.091	64.80748	2.078415	1.048325
6012	-185.9843	-249.9239	63.93965	2.279468	1.589982
6018	-178.3462	-242.6028	64.2566	1.962515	1.589982
6024	-184.1186	-248.4759	64.35738	2.37158	1.190299
6030	-184.6838	-248.8909	64.20704	2.192421	1.455688
6036	-175.3938	-239.7045	64.31073	2.154068	1.405464
6042	-174.0108	-238.1578	64.14699	1.649768	1.886717
6048	-180.9087	-245.069	64.16038	2.921512	0.8388951
6054	-183.0923	-246.9942	63.90195	3.266384	0.7175627
6060	-181.5346	-244.8518	63.31711	2.221207	2.059832
6066	-185.1148	-246.7958	61.68098	2.660365	2.814377
6072	-185.5104	-246.1364	60.62604	3.396284	3.006987
6078	-186.1376	-250.9633	64.82571	1.826734	1.255039
6084	-188.9425	-250.5646	61.62213	3.677409	2.215692
6090	-183.6361	-248.6178	64.98164	2.153412	0.7684908
6096	-185.7497	-246.566	60.81628	2.153153	3.627189
6102	-187.077	-250.2999	63.22289	3.72503	0.9873492
6108	-189.0533	-252.9869	63.93355	3.218703	0.7430636
6114	-190.6371	-253.1061	62.46894	3.214918	1.962983
6120	-190.8735	-252.0359	61.16236	5.374385	1.348981
6126	-192.3509	-253.2851	60.93418	4.275608	2.273426
6132	-186.9755	-248.1056	61.13008	4.408272	2.059808
6138	-182.6841	-245.8504	63.16628	3.447939	1.286549
6144	-191.1184	-253.8826	62.76419	4.004667	1.155524
6150	-192.5855	-252.8875	60.30195	2.944428	3.465985
6156	-184.179	-247.3666	63.18761	2.289839	2.099899
6162	-179.361	-242.4375	63.07647	4.068287	0.3104762
6168	-184.5839	-247.5098	62.92593	4.218822	0.3104762
6174	-188.5772	-250.7455	62.16826	4.618378	0.1609125
6180	-182.0196	-244.65	62.63047	4.214975	0.1758258
6186	-186.4234	-249.2069	62.78346	4.214975	0.2269543
6192	-189.9091	-252.7339	62.8248	4.214975	0.2454399
6198	-190.6465	-253.5038	62.85723	4.046517	0.1928278
6204	-188.3396	-251.4182	63.07861	2.528461	2.014268
6210	-189.0366	-250.3274	61.29088	5.464839	0.1538151
6216	-182.2539	-243.6505	61.3966	5.51223	0.1944352
6222	-172.191	-236.0053	63.81429	3.41047	0.5993161
6228	-179.2147	-242.6792	63.46456	3.459744	1.010995
6234	-181.0811	-242.8038	61.72276	3.590187	2.207028
6240	-180.3126	-244.2134	63.90079	1.997711	1.817026
6246	-175.2476	-239.3048	64.05721	2.342249	1.455684
6252	-175.2117	-238.1428	62.9311	4.141118	0.8507475
6258	-174.4135	-239.2612	64.84774	2.224483	0.8507475
6264	-178.9605	-243.1103	64.14978	2.20815	1.487143
6270	-171.8762	-234.8275	62.9513	2.779039	1.931709
6276	-174.4446	-237.4956	63.05097	1.239079	2.845525
6282	-175.8292	-238.0801	62.2509	2.039152	2.845525
6288	-176.0985	-240.4586	64.36004	2.142367	1.376101
6294	-167.7881	-231.669	63.88083	2.900434	1.144551
6300	-169.2322	-233.5514	64.31919	2.352325	1.239119
6306	-170.9204	-233.2118	62.29135	2.536744	2.514712
6312	-172.5911	-235.3374	62.74636	2.548155	2.218935
6318	-176.4218	-238.3105	61.88871	1.87527	3.161156
6324	-175.7284	-239.5378	63.80939	2.515047	1.512263
6330	-175.3478	-238.1322	62.78436	3.255356	1.718567
6336	-170.7078	-234.4497	63.74191	2.297805	1.718567
6342	-167.4236	-231.7763	64.35271	2.855365	0.6422446
6348	-168.4772	-230.9904	62.5132	1.971446	2.726944
6354	-167.3044	-230.6163	63.31188	2.865262	1.62046
6360	-165.6396	-229.0303	63.39067	2.70269	1.680561
6366	-164.8079	-228.3702	63.56223	2.531129	1.680561
6372	-166.5017	-230.2015	63.69978	2.916652	1.284736
6378	-174.1029	-238.1046	64.00168	2.427903	1.432647
6384	-172.4883	-236.2934	63.80509	2.482627	1.539573
6390	-173.9509	-237.6016	63.6507	3.113397	1.159718
6396	-172.0229	-235.8601	63.83717	3.263713	0.8148774
6402	-172.6118	-236.895	64.28325	2.242899	1.35738
6408	-177.3463	-241.7588	64.41248	2.589012	0.931393
6414	-182.9879	-246.4411	63.4532	2.761287	1.593355
6420	-183.2426	-246.9619	63.71933	1.994528	1.942815
6426	-179.7948	-242.588	62.79315	2.223119	2.396563
6432	-182.6135	-246.8172	64.2037	2.345555	1.339016
6438	-183.0009	-245.4217	62.4208	2.179205	2.656105
6444	-190.2281	-251.3966	61.16845	3.019691	2.907206
6450	-195.1498	-258.6356	63.48581	3.239966	1.193045
6456	-196.2121	-258.6456	62.43354	4.683123	0.7940304
6462	-196.1624	-255.7976	59.63517	6.809402	1.421113
6468	-189.3578	-250.0875	60.7297	6.41128	0.7599169
6474	-189.7462	-253.0253	63.27908	3.869578	0.7485228
6480	-188.3147	-250.1584	61.84378	5.067548	0.1952317
6486	-186.084	-247.4115	61.32746	5.067548	0.0954157
6492	-195.8522	-257.6562	61.80405	3.175536	2.41971
6498	-195.7859	-258.1839	62.39801	3.808556	1.599123
6504	-183.3186	-246.1949	62.87629	4.172451	0.2498403
6510	-186.8371	-248.6175	61.78041	5.389914	0.3335787
6516	-188.7756	-250.7092	61.93366	5.048723	0.2204534
6522	-195.9863	-255.7758	59.78953	4.871206	2.618634
6528	-191.3808	-254.9264	63.54564	3.672694	0.6173435
6534	-196.1074	-260.011	63.90364	3.312249	0.6236402
6540	-184.6338	-248.0281	63.39433	2.679752	1.694261
6546	-179.1478	-243.1887	64.0409	2.033178	1.694261
6552	-181.5578	-245.1207	63.56294	2.039331	2.017464
6558	-181.0699	-245.8245	64.7546	2.122389	1.056812
6564	-181.0468	-245.0332	63.98639	2.012402	1.747325
6570	-182.0413	-244.437	62.39571	1.78042	2.914453
6576	-184.7393	-247.0844	62.3451	1.831036	2.914453
6582	-182.5591	-240.6184	58.05925	1.488027	5.551029
6588	-175.1491	-239.8127	64.66363	2.568963	0.4338426
6594	-176.6278	-239.1606	62.53279	4.695102	0.5894572
6600	-185.8274	-249.2973	63.46991	2.530603	1.746121
6606	-188.4595	-251.6936	63.2341	3.177128	1.446711
6612	-182.8061	-245.5658	62.75968	2.944376	1.949414
6618	-190.7259	-251.844	61.11807	3.221726	2.815315
6624	-202.6429	-265.0167	62.37379	2.903766	2.22987
6630	-195.1162	-258.2963	63.18007	2.229081	2.144572
6636	-187.5208	-250.7729	63.25212	3.72494	0.9573639
6642	-192.4821	-252.5965	60.11444	3.404014	3.306375
6648	-190.9708	-251.3168	60.346	6.787181	0.7711463
6654	-191.8016	-254.9989	63.19731	3.950117	0.3126816
6660	-192.434	-256.4351	64.00107	3.153454	0.318765
6666	-195.8853	-257.4309	61.54558	3.144178	2.600689
6672	-190.2657	-253.1789	62.91316	3.25563	1.626499
6678	-189.1696	-252.6205	63.45092	3.633786	0.8354053
6684	-181.201	-245.0921	63.89105	3.227562	0.7913863
6690	-183.2009	-246.7909	63.58992	2.47743	1.699031
6696	-180.542	-243.9426	63.40059	3.821471	0.6071883
6702	-177.217	-240.693	63.47604	3.73992	0.6234756
6708	-182.3903	-245.3274	62.93708	4.006085	0.9921592
6714	-184.3384	-246.8536	62.51519	3.648188	1.630402
6720	-181.4233	-245.7578	64.33447	2.748896	0.8370716
6726	-183.8017	-245.3424	61.54074	5.672991	0.3899815
6732	-185.2113	-248.4878	63.27641	3.829462	0.8083761
6738	-177.3815	-240.5589	63.17745	3.883223	0.8645894
6744	-188.0549	-250.1694	62.11447	2.640841	2.560033
6750	-179.7122	-242.7333	63.02111	2.454967	2.100801
6756	-180.2809	-243.4194	63.13851	4.028595	0.3303995
6762	-178.2317	-240.8659	62.63417	4.585183	0.4005762
6768	-184.1245	-245.7541	61.62959	4.425156	1.707954
6774	-184.9609	-247.1341	62.17326	3.042411	2.269655
6780	-184.3023	-248.1049	63.80265	3.113886	1.018649
6786	-182.1103	-243.9514	61.84117	3.861121	1.950604
6792	-181.3911	-245.0955	63.70435	2.210669	1.805618
6798	-182.7018	-246.8705	64.16879	2.798033	0.9680124
6804	-179.8633	-239.8683	60.005	1.961923	4.201997
6810	-178.2868	-242.2487	63.96187	2.479711	1.42342
6816	-183.7276	-246.1991	62.47153	3.553765	1.728723
6822	-188.8618	-252.2155	63.35369	3.876677	0.4269589
6828	-186.7081	-250.0478	63.33963	3.876677	0.6225819
6834	-185.1986	-248.9678	63.76925	3.470827	0.4680768
6840	-179.6528	-243.5457	63.89293	2.551604	1.42114
6846	-185.9802	-247.7304	61.75014	4.93098	1.231056
6852	-186.9829	-251.2282	64.24527	2.476476	1.196505
6858	-194.4781	-256.0028	61.52461	2.380523	3.077103
6864	-179.3231	-242.9358	63.61272	1.545579	2.306362
6870	-182.2114	-246.1201	63.90873	2.947091	1.076734
6876	-171.1215	-234.4033	63.28184	2.958587	1.574401
6882	-171.1384	-236.0104	64.87194	1.682631	1.334774
6888	-173.3126	-236.6338	63.32125	2.493571	1.874415
6894	-175.2768	-239.2499	63.97303	2.413689	1.465374
6900	-177.5713	-242.2132	64.6419	2.599698	0.5176102
6906	-173.4504	-237.6949	64.24457	2.599698	1.087472
6912	-167.9799	-231.9726	63.99272	2.12023	1.666593
6918	-174.5362	-235.0777	60.54158	3.390037	3.06129
6924	-175.9178	-240.053	64.13512	2.756024	1.043297
6930	-179.2088	-238.2975	59.08866	1.955279	4.721802
6936	-173.1798	-236.7977	63.61788	1.64575	2.238841
6942	-170.8292	-233.672	62.84282	2.096971	2.444756
6948	-173.0286	-236.2745	63.24583	1.693957	2.444756
6954	-172.9934	-235.0043	62.0109	2.524261	2.695975
6960	-168.9072	-233.0701	64.16289	1.87158	1.722264
6966	-170.8754	-235.1882	64.31278	2.754258	0.8570048
6972	-168.2011	-231.9653	63.76413	3.478068	0.5019273
6978	-169.9126	-233.7728	63.86021	3.376349	0.4487163
6984	-171.2641	-235.7513	64.48714	2.413542	1.0341
6990	-169.5539	-233.7227	64.16885	3.071171	0.5338371
6996	-176.0191	-240.2846	64.26546	2.452159	1.200045
7002	-175.9984	-240.6924	64.69406	2.152242	1.085583
7008	-186.4872	-246.964	60.47682	4.854538	2.195113
7014	-175.8279	-237.0311	61.20317	4.519031	1.937196
7020	-167.8915	-232.1962	64.30462	2.548251	1.079484
7026	-167.5649	-231.2108	63.64592	3.557641	0.3735587
7032	-171.1691	-234.2908	63.12165	4.00172	0.2941334
7038	-174.5893	-238.7921	64.2028	3.033024	0.5586444
7044	-192.6622	-255.623	62.96078	2.127949	2.35066
7050	-197.0506	-259.1684	62.11782	3.136659	2.244731
7056	-190.0759	-252.7148	62.63888	2.602303	2.25328
7062	-177.1041	-239.3122	62.20808	2.239104	2.749859
7068	-174.2025	-238.4203	64.21779	2.04053	1.561263
7074	-170.6255	-234.5143	63.88881	2.369512	1.561263
7080	-167.4104	-230.9211	63.51065	2.944427	1.412995
7086	-172.8519	-236.1463	63.29441	2.705342	1.74665
7092	-169.7017	-231.5214	61.81972	2.428955	2.870604
7098	-175.0388	-239.2107	64.17189	2.116963	1.538728
7104	-174.9021	-237.5163	62.61421	3.260018	1.833741
7110	-183.7949	-244.8438	61.04884	1.567031	3.831348
7116	-171.5867	-234.5944	63.00774	3.432931	1.424122
7122	-170.6018	-234.9588	64.35709	2.707074	0.860442
7128	-178.0558	-240.1519	62.09606	5.101321	0.3648488
7134	-175.1945	-239.3062	64.11172	3.126268	0.5473416
7140	-173.143	-235.8168	62.67385	2.997692	1.971235
7146	-174.1968	-235.929	61.73223	4.649641	1.469051
7152	-176.2986	-238.1098	61.8112	4.847045	1.250215
7158	-174.3722	-237.3528	62.98064	3.677602	1.250215
7164	-180.4289	-242.8266	62.39775	3.65799	1.707247
7170	-175.5334	-238.9832	63.44976	3.694748	0.7547217
7176	-174.3107	-237.9609	63.65018	2.920531	1.321829
7182	-175.3816	-240.1578	64.77614	2.424233	0.6588874
7188	-178.4578	-239.7428	61.28499	4.120706	2.146825
7194	-175.9059	-239.8938	63.98792	1.819605	1.879385
7200	-175.3596	-239.3584	63.99883	3.056241	0.8711964
7206	-178.8258	-243.7597	64.93385	2.245977	0.6979926
7212	-174.9586	-239.9435	64.98496	2.194867	0.6979926
7218	-173.2272	-237.8873	64.66008	2.128453	1.138088
7224	-169.2771	-232.5124	63.23536	2.492471	1.9334
7230	-168.3013	-232.1722	63.87096	2.957024	1.102454
7236	-163.4025	-227.237	63.83445	2.99354	1.102454
7242	-167.6729	-231.4639	63.79104	3.177607	0.9661197
7248	-170.4036	-234.4298	64.02617	3.146761	0.7098963
7254	-178.9509	-240.8817	61.9308	3.21151	2.316565
7260	-185.9381	-246.4909	60.55279	3.964107	2.707182
7266	-178.3666	-240.3207	61.95403	3.36274	2.204557
7272	-176.1889	-240.8357	64.64682	2.149364	1.131242
7278	-186.5738	-250.7653	64.19143	3.050147	0.4824428
7284	-186.3811	-250.1174	63.73631	3.323439	0.865687
7290	-185.9146	-248.1719	62.2574	4.702878	0.9747536
7296	-184.4299	-248.6113	64.18148	2.271369	1.41472
7302	-185.3598	-248.1297	62.76983	2.429979	2.279821
7308	-187.9644	-250.0575	62.09305	4.687142	1.145505
7314	-186.5966	-250.5215	63.92494	3.313176	0.5466268
7320	-182.4078	-246.3752	63.96749	3.232601	0.3685656
7326	-188.9908	-252.9033	63.9125	2.79372	1.209792
7332	-186.6436	-249.4264	62.78279	2.01616	2.532878
7338	-185.7231	-249.1024	63.37929	2.282966	1.977455
7344	-190.73	-254.401	63.67104	3.555989	0.5922394
7350	-181.5167	-245.9477	64.43102	2.724343	0.7382822
7356	-184.6075	-249.1936	64.58607	2.579361	0.7223155
7362	-181	-245.7501	64.75001	2.192704	0.9926091
7368	-180.914	-245.6621	64.74816	2.476018	0.6010363
7374	-177.6712	-242.42	64.74885	2.481532	0.4270024
7380	-186.6218	-251.367	64.74516	2.481532	0.5933227
7386	-183.8437	-247.6799	63.8362	1.763967	2.018859
7392	-182.5839	-242.8144	60.23045	0.6099674	4.835455
7398	-181.6501	-243.1177	61.46766	1.898705	3.395759
7404	-177.196	-239.4318	62.23574	1.508979	3.17259
7410	-179.6022	-243.7562	64.15401	1.642997	1.886545
7416	-184.0537	-247.7449	63.69115	3.284973	0.958343
7422	-191.0396	-254.0343	62.99472	2.497098	2.090464
7428	-190.7992	-254.1285	63.32928	1.670677	2.406859
7434	-194.6004	-256.9628	62.36242	2.878332	2.253558
7440	-196.3557	-259.1781	62.82242	2.106621	2.451509
7446	-194.6654	-257.0041	62.33875	4.387252	1.192853
7452	-189.7691	-254.0449	64.27584	2.008071	1.542388
7458	-187.1691	-250.0049	62.8358	2.141246	2.42131
7464	-191.2598	-254.6764	63.41664	2.71026	1.656614
7470	-191.5126	-254.0022	62.48967	4.74889	0.5439222
7476	-199.7733	-264.1115	64.33819	2.900373	0.5439222
7482	-205.6251	-267.368	61.74281	4.502166	1.571067
7488	-200.8694	-264.346	63.47661	3.456891	1.001851
7494	-196.3967	-257.1333	60.73662	3.201049	3.057667
7500	-188.795	-252.4534	63.65847	2.959524	1.283464
7506	-190.7494	-255.2193	64.46986	2.30268	1.152276
7512	-189.7323	-254.04	64.30769	2.755011	0.8621795
7518	-187.9784	-252.204	64.22562	2.989968	0.6244113
7524	-186.0005	-249.998	63.99751	2.993777	0.942342
7530	-188.8781	-249.7792	60.90108	4.914387	1.873978
7536	-187.2869	-250.1805	62.89353	2.374226	2.236188
7542	-183.281	-246.9988	63.71775	3.065214	1.143042
7548	-184.3731	-248.2329	63.85984	3.37371	0.4370633
7554	-188.2263	-252.4881	64.26181	2.792032	0.8726449
7560	-196.2438	-259.0542	62.81039	2.576605	2.159001
7566	-195.1125	-259.1217	64.00916	2.7447	1.168689
7572	-189.4431	-253.1537	63.71061	2.713385	1.436935
7578	-185.5695	-249.514	63.94456	2.907468	1.08027
7584	-185.0553	-248.9861	63.93081	2.413622	1.497288
7590	-181.2024	-245.5959	64.39344	1.758619	1.638558
7596	-178.0698	-241.9848	63.91503	1.823623	1.926101
7602	-183.2585	-246.5601	63.30161	2.190291	2.090408
7608	-183.9386	-248.1145	64.17596	1.774057	1.781357
7614	-182.4712	-245.9155	63.44422	2.171584	2.008457
7620	-173.1341	-237.1324	63.99823	2.886302	1.049628
7626	-180.1199	-243.9868	63.86691	2.123215	1.753393
7632	-189.8378	-252.3967	62.55888	2.390305	2.438848
7638	-182.4991	-245.0269	62.52783	2.671987	2.279819
7644	-182.1192	-245.0052	62.88606	2.624752	2.077968
7650	-178.8567	-242.4142	63.55753	2.891949	1.41732
7656	-180.4963	-244.5684	64.07203	2.783852	1.076673
7662	-172.1593	-236.4501	64.29074	2.783852	0.8478632
7668	-172.4887	-236.8549	64.36611	2.783852	0.746545
7674	-177.8701	-239.9239	62.05382	2.783852	2.508731
7680	-176.355	-239.9297	63.57473	2.408978	1.75788
7686	-180.6894	-243.8142	63.12488	3.343437	1.40273
7692	-183.3844	-247.6219	64.23747	2.265934	1.37532
7698	-180.5254	-244.4454	63.91999	2.415241	1.504187
7704	-182.3833	-246.8916	64.50831	2.338527	1.085095
7710	-183.7137	-247.3866	63.67293	3.011174	1.22854
7716	-177.4438	-240.9419	63.49813	3.371352	1.06391
7722	-179.8007	-243.2932	63.49246	3.669978	0.727139
7728	-181.0614	-244.2134	63.15205	4.026618	0.7000214
7734	-197.7847	-255.1757	57.39103	9.595458	0.9474319
7740	-196.5961	-254.8949	58.29888	8.588404	1.046997
7746	-193.6114	-252.9888	59.37734	6.858736	1.577592
7752	-190.3016	-251.532	61.23037	5.567229	1.129973
7758	-185.1629	-246.654	61.49108	4.73395	1.585666
7764	-200.4918	-259.9555	59.46372	4.142031	3.254879
7770	-192.2642	-254.2698	62.00552	3.434404	2.12448
7776	-189.0569	-252.7209	63.66404	2.325131	1.754056
7782	-189.6387	-253.6845	64.0458	3.167686	0.6296051
7788	-190.5295	-253.0371	62.50764	3.568296	1.692943
7794	-187.2562	-251.6006	64.34437	2.812899	0.7353112
7800	-191.5162	-254.4726	62.95639	2.742326	1.953006
7806	-190.7119	-253.5812	62.86932	2.829393	1.953006
7812	-189.7267	-253.5395	63.81282	3.3669	0.6981668
7818	-194.3544	-256.9348	62.58037	2.516284	2.345629
7824	-186.1544	-249.4894	63.33499	3.876644	0.6340368
7830	-183.4869	-246.0122	62.5253	2.918432	2.121988
7836	-191.2963	-253.8668	62.57054	4.245365	1.11346
7842	-182.2983	-246.7444	64.44603	2.674687	0.7885209
7848	-185.4965	-249.7743	64.27783	2.102718	1.47005
7854	-191.7143	-254.9947	63.28035	3.857399	0.7646051
7860	-189.1695	-251.6951	62.52556	3.178465	1.949434
7866	-192.6885	-255.4903	62.80187	3.052762	1.847193
7872	-194.0051	-257.2978	63.29273	3.322284	1.285897
7878	-188.8277	-252.0789	63.2512	3.366943	1.283337
7884	-191.8993	-256.6259	64.72662	1.887223	1.286858
7890	-191.7738	-256.2639	64.49012	2.098903	1.307057
7896	-182.6747	-247.6859	65.01128	2.146225	0.7349508
7902	-179.2568	-242.0051	62.74829	3.226676	1.763979
7908	-181.7832	-244.8821	63.09891	3.395087	1.382698
7914	-179.1177	-242.5394	63.42165	2.990125	1.446288
7920	-179.5529	-242.1938	62.64086	4.336485	0.9570652
7926	-181.1747	-245.6262	64.45143	2.525906	0.9570652
7932	-177.2911	-241.6045	64.31337	2.462916	1.148962
7938	-180.1661	-242.3164	62.15024	3.761456	1.80792
7944	-195.7452	-257.6829	61.93775	5.171028	0.2841335
7950	-187.9786	-252.3889	64.41029	2.330977	1.179652
7956	-193.8775	-252.7601	58.88253	2.628044	4.459962
7962	-190.6304	-254.1854	63.555	2.131524	1.961192
7968	-187.4027	-250.7512	63.34855	2.675863	1.729338
7974	-191.8601	-256.119	64.2589	2.539173	1.129554
7980	-191.8043	-254.7924	62.98814	2.910512	1.816927
7986	-184.2083	-247.6484	63.4401	3.258937	1.2159
7992	-188.4955	-250.5458	62.05029	3.662988	1.943212
7998	-186.5938	-249.7831	63.18925	2.817309	1.741883
8004	-177.1348	-239.4659	62.33109	2.817309	2.312684
8010	-176.5693	-239.8278	63.25848	3.830414	0.8301616
8016	-177.0164	-238.7287	61.71227	5.084855	1.130399
8022	-179.3615	-242.5535	63.19198	1.966183	2.306453
8028	-185.2537	-242.7026	57.44889	4.938019	3.962686
8034	-184.0661	-245.5594	61.49326	4.956248	1.417303
8040	-190.9089	-252.3591	61.45017	1.601966	3.579174
8046	-187.0995	-247.048	59.94854	3.416294	3.396657
8052	-178.7523	-241.123	62.37073	4.606678	0.9569996
8058	-182.0749	-245.3627	63.28778	2.142102	2.131042
8064	-179.9716	-244.2109	64.23931	2.046431	1.541036
8070	-178.0322	-238.6264	60.59425	1.290073	4.248836
8076	-173.8136	-237.6162	63.80255	2.634331	1.427035
8082	-174.1364	-238.0907	63.95429	3.111961	0.258905
8088	-170.2871	-234.2624	63.97531	2.797957	1.151636
8094	-171.1289	-234.1442	63.01526	3.197456	1.594643
8100	-180.3038	-242.3126	62.00881	5.036038	0.8830925
8106	-180.1532	-244.8847	64.73151	2.46498	0.6668069
8112	-175.3712	-239.7651	64.39388	2.729112	0.7853986
8118	-177.6645	-239.885	62.22048	3.981717	1.602296
8124	-176.9696	-240.4519	63.48235	3.624104	0.8076137
8130	-179.6542	-243.1573	63.50305	3.713175	0.6228053
8136	-183.2749	-246.6225	63.34763	3.868689	0.6225601
8142	-178.9051	-242.5564	63.65131	3.565009	0.6225601
8148	-183.5877	-246.9866	63.39886	3.565009	0.9710557
8154	-184.8035	-248.3845	63.58102	3.389123	0.9645731
8160	-187.5682	-251.1789	63.61071	2.923024	1.351372
8166	-183.0103	-245.9993	62.98897	2.923024	1.80771
8172	-190.9675	-251.4146	60.44706	2.640189	3.558757
8178	-185.3894	-248.1504	62.76094	2.513423	2.231928
8184	-176.5144	-240.1246	63.61014	3.631272	0.5202057
8190	-182.263	-246.192	63.92901	3.069214	0.934922
8196	-180.876	-243.9907	63.11476	2.95124	1.699985
8202	-178.8643	-241.5454	62.68109	1.93913	2.643646
8208	-185.3668	-248.3933	63.02652	2.500547	2.067255
8214	-190.6371	-252.9091	62.27206	4.203304	1.397248
8220	-183.0358	-247.2723	64.23643	2.247421	1.39063
8226	-178.0178	-241.7158	63.69797	1.821521	2.072247
8232	-180.6691	-241.2896	60.62055	4.062555	2.604805
8238	-175.6228	-239.4691	63.8463	3.231075	0.8444598
8244	-176.0941	-240.1234	64.02926	2.944684	0.9606131
8250	-172.2721	-236.7599	64.48777	2.692408	0.6973601
8256	-172.4588	-235.9487	63.48991	2.102882	2.023762
8262	-176.0503	-238.894	62.84367	2.812287	1.981668
8268	-182.0308	-243.4848	61.45399	4.201967	1.981668
8274	-181.1034	-245.3205	64.21712	2.886	0.2804647
8280	-183.7998	-248.1361	64.33631	2.853526	0.6797338
8286	-186.1201	-250.0875	63.9674	2.798775	1.15789
8292	-182.3606	-245.078	62.71735	2.270659	2.414397
8298	-179.5832	-243.4984	63.91519	2.068748	1.757716
8304	-173.7976	-238.2611	64.46353	2.460877	1.010887
8310	-173.8387	-237.8294	63.9907	3.250468	0.477526
8316	-178.5702	-242.0117	63.44148	3.750337	0.3575976
8322	-184.4185	-246.2525	61.83393	4.283946	1.663073
8328	-182.4122	-246.2467	63.83458	2.485508	1.515512
8334	-177.0529	-241.3828	64.32989	2.367978	1.216895
8340	-175.8514	-240.4931	64.64169	2.438693	0.8407678
8346	-174.2889	-237.0649	62.77605	2.319335	2.346434
8352	-177.1199	-241.6747	64.55474	2.118403	1.237756
8358	-181.4372	-244.2721	62.83493	3.042948	1.831231
8364	-182.6331	-245.3593	62.72612	4.516089	0.5003879
8370	-183.28	-243.9853	60.70531	3.766406	2.734861
8376	-187.4293	-251.6283	64.19899	2.880262	0.842163
8382	-182.1256	-246.6658	64.54026	2.698165	0.5447357
8388	-185.6216	-247.6756	62.05401	3.627687	1.964427
8394	-182.233	-246.4222	64.18925	1.980488	1.625812
8400	-200.0735	-263.3305	63.25694	2.151591	2.144975
8406	-198.3186	-260.5365	62.21791	3.835145	1.709149
8412	-181.4084	-245.2384	63.82991	3.116005	0.989382
8418	-184.2852	-247.5383	63.25309	2.176994	2.130908
8424	-183.7842	-245.6223	61.83812	2.191773	3.002444
8430	-188.6854	-250.5333	61.84791	4.293829	1.645974
8436	-186.1584	-250.9722	64.81378	2.326289	0.7612428
8442	-196.5963	-258.6754	62.07913	5.052814	0.7729028
8448	-196.9871	-260.5115	63.52439	3.631851	0.7369182
8454	-202.1642	-264.2974	62.13317	3.963305	1.678344
8460	-193.5716	-255.7662	62.19458	4.703213	1.036902
8466	-192.0668	-256.215	64.14817	2.50672	1.253006
8472	-184.6354	-248.4774	63.84197	3.229178	0.2615619
8478	-186.7878	-250.618	63.8302	3.229178	0.2552692
8484	-187.3127	-251.1932	63.88053	3.178847	0.2552692
8490	-182.0371	-246.6077	64.57059	2.297974	1.064776
8496	-178.2825	-242.871	64.58848	2.62397	0.3877378
8502	-175.5985	-239.5004	63.9019	2.992899	0.1900531
8508	-169.61	-233.5119	63.9019	2.992899	0.1900531
8514	-172.4309	-237.4865	65.0556	1.857928	1.021596
8520	-172.6111	-237.1415	64.53039	1.691227	1.588159
8526	-178.6399	-241.4807	62.84082	3.670007	1.369481
8532	-182.5046	-245.4581	62.95342	3.801596	1.16768
8538	-177.3946	-242.0515	64.65693	2.104459	1.162091
8544	-185.9067	-249.7583	63.85156	2.964423	1.113387
8550	-182.7727	-246.5595	63.78684	1.884697	1.97124
8556	-177.6529	-238.9928	61.33996	2.979419	2.827724
8562	-180.69	-244.8705	64.18052	1.513864	1.955913
8568	-179.9269	-244.8813	64.95442	1.846396	1.127092
8574	-180.4651	-244.3571	63.89209	3.268121	0.7306864
8580	-178.0212	-240.8183	62.79701	2.714646	2.077411
8586	-173.0609	-236.7927	63.7318	2.340485	1.695535
8592	-181.7749	-245.3403	63.56544	2.153065	1.939688
8598	-179.8148	-242.6333	62.81847	2.78797	2.014688
8604	-178.2436	-241.1305	62.88692	3.548946	1.427817
8610	-194.4336	-255.3974	60.96379	4.530413	2.088895
8616	-191.0878	-254.8919	63.80405	3.074591	1.055239
8622	-187.1625	-250.2042	63.04168	3.200265	1.573291
8628	-186.0998	-249.7226	63.6228	3.410548	0.8962178
8634	-187.1281	-251.8267	64.69865	2.398691	0.8194378
8640	-186.4985	-249.3388	62.84025	2.948063	1.892463
8646	-181.1757	-243.2162	62.04055	4.566951	1.292034
8652	-178.5974	-242.5424	63.94508	2.199586	1.643875
8658	-184.0906	-245.6966	61.60601	2.709268	2.830215
8664	-171.1285	-235.5413	64.41283	2.622974	0.8934373
8670	-177.256	-240.7292	63.47317	2.622974	1.678582
8676	-184.1562	-244.96	60.80374	2.220141	3.595593
8682	-200.4936	-263.0393	62.54576	4.646619	0.6748704
8688	-192.4374	-254.8508	62.41336	4.791304	0.6498041
8694	-194.0447	-257.2804	63.23572	3.933232	0.7165423
8700	-189.7481	-252.791	63.04283	2.782423	1.867299
8706	-189.3232	-252.291	62.96773	3.363419	1.507247
8712	-193.2299	-257.3229	64.09294	2.914505	0.9249434
8718	-194.7947	-255.7384	60.9437	4.505501	2.118411
8724	-194.5387	-256.0404	61.50166	3.880443	2.162185
8730	-190.4597	-252.7308	62.27109	2.896054	2.300715
8736	-184.3764	-248.6391	64.2627	2.611051	1.059876
8742	-184.8717	-248.1388	63.26711	2.341932	2.012958
8748	-182.8542	-246.9816	64.12745	2.341932	1.401897
8754	-183.3319	-246.6287	63.29681	3.350978	1.258908
8760	-179.7905	-243.2927	63.50227	3.739917	0.497022
8766	-179.0962	-242.6738	63.5776	3.635214	0.6312247
8772	-173.4278	-236.9781	63.55033	3.635214	0.6877098
8778	-176.2805	-240.0761	63.79559	3.389956	0.6877098
8784	-176.0516	-239.9553	63.90373	3.160476	0.8603904
8790	-177.8634	-242.066	64.20263	2.607937	1.118302
8796	-178.8732	-240.4706	61.5974	4.025414	2.003794
8802	-176.0855	-239.9079	63.82242	3.200306	0.9081268
8808	-177.5487	-240.4516	62.90295	4.119784	0.9081268
8814	-174.2107	-237.5852	63.37454	3.838925	0.6296395
8820	-174.5939	-238.2653	63.67144	1.742252	2.141609
8826	-167.992	-231.6635	63.67156	1.809384	2.097602
8832	-172.3603	-236.3081	63.94781	2.709182	1.251258
8838	-174.828	-238.4965	63.66855	2.869002	1.348335
8844	-168.5525	-232.3782	63.8257	2.711857	1.348335
8850	-185.8681	-248.8552	62.9871	1.309354	2.841644
8856	-183.9416	-248.4391	64.49742	2.349426	1.085081
8862	-185.3175	-250.3236	65.00615	1.960691	0.9679912
8868	-186.153	-249.1583	63.00526	2.267706	2.232829
8874	-182.0656	-246.286	64.2204	2.279264	1.378251
8880	-177.6724	-241.971	64.29863	2.589921	1.045786
8886	-174.6436	-238.4461	63.80247	2.259084	1.703137
8892	-173.0851	-234.5958	61.51077	2.259084	3.157669
8898	-182.4325	-246.1717	63.73919	2.499615	1.575587
8904	-187.8099	-250.6718	62.86187	4.374791	0.449173
8910	-189.5302	-247.9211	58.39096	4.405674	3.727188
8916	-187.3574	-249.9627	62.6053	2.761994	2.171813
8922	-179.8198	-242.3058	62.486	4.315075	1.126855
8928	-180.2727	-244.3611	64.08833	3.025333	0.7980642
8934	-173.4913	-237.222	63.7307	3.284956	0.9159541
8940	-179.6882	-242.4427	62.75448	3.642199	1.457806
8946	-171.3552	-235.6494	64.2942	2.71987	0.917702
8952	-172.4768	-236.8106	64.33384	2.326301	1.248628
8958	-179.418	-243.464	64.04592	2.970633	0.9149647
8964	-177.3847	-241.9633	64.57865	2.487419	0.8581609
8970	-181.7604	-241.4805	59.72014	6.282409	1.744695
8976	-176.4758	-237.7448	61.26899	4.388302	1.980777
8982	-174.6454	-239.0845	64.43908	2.721145	0.7306699
8988	-184.1407	-248.0791	63.93835	3.221872	0.7306699
8994	-176.1403	-239.801	63.66067	3.581018	0.5162902
9000	-176.0862	-239.819	63.73281	3.506458	0.5393273
9006	-175.8572	-239.6392	63.78193	3.445962	0.5894304
9012	-180.952	-244.1936	63.24156	3.919619	0.3247763
9018	-175.6445	-240.0211	64.37666	2.837195	0.6287012
9024	-171.7263	-236.0387	64.31234	2.875174	0.6840821
9030	-174.9331	-239.1569	64.22381	2.736105	0.9751256
9036	-176.3438	-240.4121	64.06829	2.769702	1.093264
9042	-185.6779	-246.3534	60.67544	6.473247	0.7484753
9048	-179.8652	-243.0999	63.23469	3.251081	1.389132
9054	-173.1389	-236.9539	63.81495	2.216198	1.724604
9060	-170.5517	-234.0728	63.52119	3.091886	1.287483
9066	-167.5257	-231.5059	63.98022	3.261777	0.4897889
9072	-168.2908	-231.3673	63.07645	3.941649	0.235405
9078	-175.7863	-239.2468	63.46045	3.70944	0.3331454
9084	-178.6337	-241.5194	62.88562	4.246242	0.3003613
9090	-179.5841	-242.3552	62.77104	4.427485	0.3664017
9096	-182.3562	-246.3443	63.98804	2.897608	1.048567
9102	-183.1198	-247.8015	64.68172	2.413103	0.8226573
9108	-189.2263	-253.5981	64.37188	2.413103	1.141243
9114	-189.4647	-253.2921	63.8274	2.93732	1.159168
9120	-183.4921	-245.904	62.41186	2.656853	2.363362
9126	-178.0079	-242.2643	64.25634	2.685216	0.9937816
9132	-179.5181	-242.6732	63.15508	2.484529	1.99259
9138	-181.7477	-245.1779	63.43027	3.595972	0.9042085
9144	-177.8222	-241.5124	63.69023	3.33601	0.9042085
9150	-184.9324	-248.3147	63.3823	3.565809	0.9871591
9156	-182.5023	-246.708	64.20572	3.026861	0.5726371
9162	-185.0977	-250.0297	64.93201	2.211099	0.7567857
9168	-186.3281	-251.4104	65.0823	1.815665	1.036735
9174	-186.4128	-250.8206	64.40775	1.857747	1.555983
9180	-184.6845	-249.0918	64.40729	2.684294	0.2733112
9186	-177.8167	-242.0235	64.20675	2.923	0.298784
9192	-181.4461	-244.7451	63.29901	3.217849	0.1112472
9198	-179.7081	-243.0421	63.33392	3.228535	0.1180266
9204	-180.0041	-244.821	64.81691	2.417783	0.5638454
9210	-174.2267	-239.0497	64.82303	2.417783	0.4740161
9216	-177.9159	-242.7632	64.84733	2.393484	0.4740161
9222	-184.1968	-246.1451	61.94826	3.63781	2.028221
9228	-185.2244	-247.6542	62.42984	3.156236	2.028221
9234	-187.1498	-250.8133	63.66347	3.542879	0.6461129
9240	-177.293	-241.3861	64.09302	2.794403	1.04687
9246	-177.3568	-241.296	63.93922	3.1886	0.7787045
9252	-173.8928	-238.3655	64.47272	2.725148	0.6640352
9258	-178.5558	-242.0302	63.47437	2.942911	1.442082
9264	-181.3075	-245.2423	63.93481	2.482471	1.442082
9270	-180.657	-244.13	63.47296	2.887058	1.485564
9276	-183.0822	-246.3339	63.25168	3.679335	1.004327
9282	-193.5941	-256.3347	62.74058	4.479523	0.4020998
9288	-189.9909	-251.509	61.51815	4.747786	1.555657
9294	-184.6784	-248.1806	63.5022	3.453659	0.9792787
9300	-181.3362	-245.0971	63.76088	3.455619	0.6221156
9306	-173.2371	-237.5631	64.32597	2.561274	1.047041
9312	-174.9792	-238.8199	63.84063	3.323265	0.7247986
9318	-177.0151	-241.014	63.99887	3.114568	0.7983668
9324	-183.7338	-247.1702	63.43643	3.440094	1.057256
9330	-187.5991	-250.8277	63.22863	3.972792	0.3704567
9336	-191.5394	-253.9734	62.43397	4.761074	0.3617377
9342	-187.969	-251.4842	63.51526	3.040468	1.33385
9348	-192.5849	-254.3419	61.757	5.156533	1.021592
9354	-196.8703	-260.0662	63.1959	3.696352	1.042236
9360	-188.6131	-252.5797	63.96664	2.925607	1.042236
9366	-193.4444	-256.5412	63.09682	3.707364	1.124056
9372	-194.1965	-256.6967	62.50015	4.626492	0.780351
9378	-188.4934	-251.4344	62.94103	4.2227	0.7250669
9384	-183.3967	-247.3855	63.98882	3.061437	0.8768253
9390	-184.6839	-248.6904	64.00643	3.007375	0.9179936
9396	-189.5466	-253.3947	63.84811	2.842262	1.223243
9402	-183.8204	-246.4379	62.61748	4.07289	1.223243
9408	-183.4293	-248.5286	65.09926	2.100611	0.6599276
9414	-181.7776	-245.7749	63.99728	2.939192	0.9988861
9420	-185.1226	-248.9894	63.86676	2.275731	1.645436
9426	-185.6308	-248.8327	63.20184	2.994812	1.60633
9432	-182.7153	-246.6455	63.93017	2.613454	1.343508
9438	-182.1673	-243.3429	61.1756	2.124052	3.434837
9444	-180.8894	-245.3894	64.49998	2.552374	0.8743776
9450	-194.4862	-256.0232	61.53704	3.36917	2.465836
9456	-192.254	-255.2708	63.01677	2.556527	2.036691
9462	-187.4688	-250.7347	63.26585	3.976028	0.4872505
9468	-187.0116	-250.1889	63.17731	3.976028	0.3177269
9474	-187.1339	-250.2271	63.09325	3.830735	0.199357
9480	-179.3048	-243.043	63.73817	3.423386	0.3251201
9486	-180.0304	-244.1596	64.12921	3.109801	0.5410297
9492	-173.8419	-238.2199	64.378	2.862089	0.4681312
9498	-176.5274	-240.9993	64.47189	2.768192	0.4681312
9504	-182.0454	-246.1812	64.1358	2.768192	1.030897
9510	-174.8617	-237.9615	63.0998	3.74021	1.091408
9516	-168.9607	-233.4856	64.52495	2.545891	0.852414
9522	-168.5816	-232.1911	63.60957	2.378992	1.754486
9528	-173.4558	-237.879	64.4232	2.340336	1.160214
9534	-179.4121	-242.9352	63.52313	3.524127	0.880306
9540	-173.6704	-236.014	62.34362	1.547817	3.08528
9546	-170.4934	-235.4932	64.9998	2.114631	0.7970373
9552	-168.1554	-232.825	64.6696	2.444822	0.7970373
9558	-167.2673	-231.2413	63.974	2.885282	1.073497
9564	-169.4518	-233.8478	64.39605	2.43459	1.100027
9570	-170.6562	-233.6691	63.01284	2.572663	2.0286
9576	-170.4193	-234.7431	64.3238	2.741271	0.8593536
9582	-173.8216	-238.7295	64.90792	2.22684	0.7689084
9588	-176.596	-240.5983	64.00229	3.2332	0.560212
9594	-178.3778	-242.7691	64.39132	2.795624	0.6851374
9600	-188.9365	-252.4212	63.48463	3.421663	1.028659
9606	-187.6004	-251.5608	63.96036	3.10175	0.8628889
9612	-183.5097	-246.9977	63.48799	1.914095	2.149176
9618	-191.4914	-253.0259	61.53451	3.243574	2.545872
9624	-187.5019	-249.52	62.01809	4.600754	1.282763
9630	-183.6656	-246.3913	62.72573	2.903969	1.999203
9636	-181.6614	-245.4516	63.79022	3.004045	1.132963
9642	-186.6132	-251.2437	64.63049	2.243181	1.059955
9648	-183.2898	-246.2993	63.00941	1.859772	2.489032
9654	-176.7383	-239.738	62.99964	1.952602	2.436924
9660	-173.2617	-236.5715	63.30975	1.8281	2.319409
9666	-185.3815	-247.651	62.26947	1.531061	3.139433
9672	-180.1163	-243.5171	63.4008	1.814769	2.269718
9678	-184.5734	-248.943	64.36958	2.843947	0.3896184
9684	-178.4823	-242.7823	64.29998	2.752705	0.8739982
9690	-184.8303	-248.2474	63.41719	3.749489	0.7202843
9696	-185.0821	-248.8316	63.74947	3.339023	0.8306719
9702	-173.3826	-237.0291	63.64647	3.575331	0.6079319
9708	-164.3057	-228.5203	64.21463	3.005303	0.6130922
9714	-167.3027	-230.9915	63.68875	3.278556	0.9675122
9720	-166.9959	-228.8424	61.8465	3.070233	2.459238
9726	-170.1383	-234.2608	64.12248	2.92352	0.8817619
9732	-174.7478	-238.645	63.89716	3.148842	0.8817619
9738	-172.498	-236.5896	64.09163	2.519136	1.289375
9744	-170.8097	-234.4445	63.63475	3.390411	0.9054209
9750	-171.7453	-234.8347	63.08943	1.751348	2.506792
9756	-182.2976	-243.1795	60.88184	2.829601	3.192333
9762	-171.5853	-233.9298	62.34457	1.639408	3.029963
9768	-164.9544	-229.0904	64.13603	2.159835	1.53353
9774	-166.9996	-230.7059	63.70625	1.82435	2.064928
9780	-169.033	-232.7102	63.67721	1.853389	2.064928
9786	-170.1643	-234.8026	64.63831	1.820384	1.410197
9792	-165.8127	-230.2225	64.40983	2.748224	0.7340902
9798	-175.2404	-238.8394	63.59904	3.611842	0.6358116
9804	-178.0022	-241.3336	63.33134	3.906964	0.4570922
9810	-177.2329	-240.5856	63.35268	2.120771	2.102523
9816	-182.5887	-244.4025	61.81389	1.827092	3.234053
9822	-177.9405	-241.2911	63.3506	2.321362	1.970955
9828	-173.5144	-237.7844	64.26992	2.226525	1.380779
9834	-181.5744	-245.5178	63.94339	2.375314	1.516544
9840	-178.0806	-241.698	63.61731	3.365485	0.9513342
9846	-173.9137	-238.1496	64.23589	3.004446	0.4700611
9852	-198.5392	-262.8298	64.29062	2.809435	0.8159495
9858	-198.2719	-259.8029	61.53096	2.090835	3.245398
9864	-184.393	-248.0783	63.68531	2.688938	1.474823
9870	-189.7953	-253.2601	63.46473	3.364337	1.101464
9876	-194.0121	-257.0157	63.00367	2.523704	2.06705
9882	-196.5477	-259.3031	62.75537	2.072851	2.514628
9888	-195.5921	-258.1906	62.59855	3.622199	1.588786
9894	-190.8982	-255.1669	64.26865	2.884124	0.74227
9900	-192.8432	-254.2379	61.39466	2.39115	3.148186
9906	-188.0566	-249.678	61.62134	5.588923	0.637244
9912	-187.7449	-251.1365	63.39152	3.81874	0.637244
9918	-183.8703	-245.6188	61.74851	4.024628	1.902762
9924	-182.8008	-245.7682	62.9674	2.565594	2.063342
9930	-185.0208	-248.8896	63.86878	2.029496	1.81718
9936	-184.6119	-248.429	63.8171	1.908563	1.934862
9942	-183.1273	-246.3782	63.25095	1.527234	2.545813
9948	-181.9049	-243.435	61.53018	3.247999	2.545813
9954	-179.9621	-243.9201	63.95801	2.976858	1.000487
9960	-182.0988	-245.0485	62.94974	3.952471	1.032619
9966	-187.807	-250.3879	62.5809	4.198827	1.145919
9972	-179.6695	-242.5672	62.89766	3.05243	1.781306
9978	-170.374	-233.277	62.90293	4.254191	0.7355401
9984	-173.2798	-235.3818	62.10201	2.933913	2.384132
9990	-195.399	-259.7386	64.33954	2.52982	1.064029
9996	-180.8026	-243.9258	63.12324	3.67583	1.128652
10002	-178.9297	-240.0266	61.09691	4.249065	2.185647
10008	-182.9335	-243.1485	60.21499	6.598935	1.115254
10014	-189.0451	-250.9928	61.94772	5.125826	0.8491408
10020	-189.3274	-252.0385	62.71109	4.530011	0.5238946
10026	-186.5068	-248.8086	62.30181	4.166565	1.402681
10032	-181.5942	-244.56	62.96575	3.048629	1.73639
10038	-183.0561	-246.9536	63.8975	3.033268	1.004578
10044	-186.2987	-248.8275	62.52881	3.88532	1.444495
10050	-176.5095	-241.0927	64.58322	2.221232	1.123813
10056	-182.7224	-247.3186	64.59613	2.581752	0.7013975
10062	-183.7604	-247.7697	64.00929	2.842746	1.080264
10068	-187.4174	-251.9274	64.51003	2.692499	0.3720533
10074	-185.7342	-250.3594	64.6252	2.588977	0.3907603
10080	-190.1042	-253.7165	63.61239	3.360518	0.9616919
10086	-186.1679	-250.0728	63.90493	3.234412	0.7623033
10092	-199.0354	-261.2675	62.23211	5.002029	0.5662484
10098	-194.8678	-257.9487	63.08092	4.048471	0.7765133
10104	-179.7003	-243.6116	63.91128	3.256223	0.3307882
10110	-181.1449	-243.9773	62.83246	4.406216	0.5431802
10116	-180.3125	-243.8781	63.56554	2.474763	1.718149
10122	-193.3637	-257.2027	63.839	2.754608	1.303342
10128	-200.1786	-263.9039	63.72525	2.86835	1.303342
10134	-192.1434	-253.5542	61.41083	2.586432	3.022009
10140	-182.0265	-245.7855	63.75897	2.828944	1.307949
10146	-188.0589	-244.9316	56.87279	1.263562	6.32148
10152	-177.416	-239.7966	62.38067	2.605078	2.415825
10158	-175.2966	-238.7632	63.46659	3.74062	0.6441981
10164	-174.118	-238.7738	64.65583	2.332747	0.9452215
10170	-173.0617	-237.8641	64.80237	2.184625	0.9468955
10176	-179.4607	-239.2734	59.81274	1.647422	4.488335
10182	-179.973	-243.8833	63.91029	3.121613	0.8978482
10188	-175.8299	-240.6869	64.857	2.30243	0.7319186
10194	-190.001	-252.6442	62.64323	3.299986	1.786083
10200	-191.5597	-255.1343	63.5746	1.887321	2.110078
10206	-193.8016	-256.2208	62.41911	3.879978	1.531137
10212	-188.8821	-249.8697	60.98766	5.707083	1.219542
10218	-186.2964	-248.2939	61.99749	4.916802	1.020849
10224	-181.2086	-244.6952	63.48657	3.644148	0.774646
10230	-192.6082	-255.9117	63.30351	3.066578	1.477968
10236	-190.7781	-253.8101	63.03194	2.558405	2.025386
10242	-181.9438	-245.1283	63.18458	4.057632	0.500265
10248	-174.482	-237.6665	63.18451	4.057632	0.4943202
10254	-173.6846	-238.0079	64.32326	2.249967	1.319809
10260	-173.8316	-237.5366	63.70499	2.361144	1.699896
10266	-175.5165	-237.9709	62.45436	1.838731	2.84368
10272	-172.0917	-235.8543	63.76262	2.502079	1.556571
10278	-182.3609	-246.3283	63.96739	2.77756	1.176454
10284	-171.1458	-235.5852	64.43943	2.305522	1.176454
10290	-172.2701	-235.1479	62.87776	2.423136	2.214814
10296	-174.7089	-238.9511	64.24214	2.604684	1.085099
10302	-178.4748	-243.0109	64.53604	2.310793	1.085099
10308	-174.4383	-236.7254	62.28703	2.173146	2.741916
10314	-177.5475	-237.7229	60.17541	3.531703	3.194901
10320	-174.3897	-238.0197	63.63004	2.851728	1.392254
10326	-174.353	-237.7648	63.41187	3.094032	1.373358
10332	-171.9903	-234.9382	62.94793	4.219879	0.3310933
10338	-166.0567	-229.4099	63.35316	3.886696	0.4664703
10344	-165.8138	-229.2553	63.44152	3.798331	0.4664703
10350	-168.3673	-232.8719	64.50458	2.319783	1.105765
10356	-165.1541	-229.0302	63.87606	2.987109	1.069854
10362	-164.9209	-229.8899	64.96893	2.267232	0.5569925
10368	-162.2037	-226.1714	63.96769	2.409939	1.472263
10374	-164.3448	-227.6312	63.28644	2.307067	2.023282
10380	-165.0756	-228.8717	63.79611	2.552012	1.494515
10386	-163.0985	-227.5819	64.48339	2.098817	1.312567
10392	-166.0438	-230.3817	64.33799	2.820485	0.733421
10398	-169.8388	-234.1421	64.30323	2.820485	0.7844076
10404	-165.0767	-229.5808	64.50408	2.714162	0.6176004
10410	-170.6578	-234.2273	63.56952	3.060801	1.27334
10416	-170.1654	-234.6204	64.455	1.60793	1.702163
10422	-173.4298	-236.9646	63.53473	1.60793	2.316339
10428	-172.6275	-237.6116	64.98408	1.910225	1.040257
10434	-169.9521	-233.7966	63.84452	3.049794	1.040257
10440	-178.6227	-238.1072	59.48451	1.981941	4.484797
10446	-181.834	-245.6084	63.77441	1.878863	1.983463
10452	-175.9996	-239.1784	63.17881	1.473218	2.624016
10458	-175.7101	-238.3525	62.64237	2.009656	2.624016
10464	-170.2857	-234.1374	63.85162	2.629199	1.392998
10470	-171.4539	-235.2861	63.83214	2.777935	1.289938
10476	-172.6756	-236.7683	64.09269	2.777935	1.062831
10482	-167.1709	-231.5375	64.36664	2.463661	1.100336
10488	-170.4149	-234.068	63.65304	2.463661	1.663914
10494	-171.4313	-234.6247	63.19332	3.60494	1.12938
10500	-171.7545	-235.2945	63.54001	3.158519	1.216333
10506	-177.6712	-241.6088	63.93756	2.443891	1.469367
10512	-173.2404	-237.0997	63.85934	3.37739	0.5541674
10518	-174.8279	-239.361	64.53312	2.161056	1.220022
10524	-179.1429	-243.1583	64.01544	3.223573	0.5410129
10530	-184.4785	-245.7761	61.29768	4.424027	1.937533
10536	-190.2478	-252.8048	62.55702	4.6061	0.726047
10542	-189.1524	-252.4444	63.29198	3.944827	0.5537737
10548	-185.4681	-249.2431	63.77501	3.275044	0.8770561
10554	-192.1119	-255.971	63.8591	2.582375	1.423503
10560	-194.6609	-257.1741	62.51325	3.928225	1.423503
10566	-195.8264	-258.0326	62.20627	3.64444	1.849881
10572	-196.7474	-258.2747	61.52725	3.510071	2.383251
10578	-193.8963	-257.1462	63.24988	3.159507	1.448116
10584	-194.3367	-255.7373	61.40053	3.332474	2.573882
10590	-187.7039	-249.8367	62.13289	2.600112	2.573882
10596	-187.9295	-250.2474	62.3179	4.228821	1.341041
10602	-187.736	-252.0954	64.35938	2.772822	0.7725454
10608	-190.9018	-255.6273	64.72554	2.406658	0.7725454
10614	-185.4241	-247.2909	61.86673	4.825692	1.221513
10620	-191.4524	-254.8406	63.38826	3.563188	0.9837703
10626	-191.0866	-254.1197	63.03307	3.366101	1.455909
10632	-186.9325	-250.8722	63.93965	3.063834	0.929245
10638	-180.2257	-243.9275	63.70178	3.537219	0.4610125
10644	-180.4764	-244.1405	63.66416	3.578043	0.4982669
10650	-184.0997	-246.4117	62.31197	2.561073	2.486618
10656	-185.3315	-246.2595	60.928	4.423873	2.181821
10662	-190.6781	-250.6444	59.96634	5.254017	2.266648
10668	-190.7336	-253.5087	62.77517	2.633456	2.144916
10674	-188.0595	-251.2167	63.15722	3.995794	0.7418936
10680	-188.8137	-250.1874	61.37377	5.171777	0.1154511
10686	-189.5621	-252.6994	63.13732	3.972482	0.2848114
10692	-192.3522	-255.1338	62.78166	4.431876	0.3896359
10698	-195.4394	-258.0702	62.63081	4.431876	0.2570041
10704	-189.2255	-252.7745	63.54904	2.904736	1.414003
10710	-191.3345	-255.0272	63.69267	3.220213	1.022233
10716	-184.4028	-248.8204	64.41765	2.453913	1.061946
10722	-177.7024	-241.9766	64.27423	2.942197	0.6222882
10728	-186.6358	-250.5398	63.90396	2.317545	1.588237
10734	-190.0837	-252.6162	62.53248	3.90273	1.428319
10740	-175.0954	-239.0794	63.98403	2.687861	1.238805
10746	-177.5553	-241.1566	63.60125	1.744006	2.18611
10752	-185.3105	-246.9411	61.63055	2.851732	2.728391
10758	-182.1886	-246.5334	64.34475	2.266501	1.288979
10764	-178.6485	-240.8103	62.16183	3.207392	2.170561
10770	-172.1072	-236.225	64.11784	3.112906	0.5795575
10776	-175.1089	-239.1845	64.07558	3.008948	0.8356264
10782	-182.6958	-246.2193	63.52357	3.710641	0.56592
10788	-192.2164	-255.8483	63.63183	3.566078	0.6639488
10794	-179.5758	-244.0253	64.44946	2.042546	1.384253
10800	-172.2159	-237.0367	64.82072	2.257024	0.8440072
10806	-177.6252	-242.2789	64.65372	2.257024	1.024316
10812	-188.0726	-251.7096	63.637	3.510239	0.7506517
10818	-192.6228	-255.4134	62.79052	3.510239	1.529901
10824	-186.4721	-249.6248	63.15275	2.408756	2.044503
10830	-187.3758	-251.5942	64.21841	2.240517	1.410014
10836	-183.1126	-246.7592	63.6466	1.604684	2.246788
10842	-175.0051	-238.6975	63.69238	1.553605	2.250196
10848	-177.2791	-239.9542	62.67515	1.925196	2.655896
10854	-174.9141	-239.6594	64.74529	2.056029	1.126632
10860	-181.057	-244.5249	63.46784	3.592812	0.2559331
10866	-184.0479	-247.6463	63.59836	3.64338	0.515455
10872	-187.2933	-249.9122	62.61894	4.413672	0.2420355
10878	-178.0751	-241.5285	63.45344	3.715794	0.71607
10884	-188.9628	-251.7477	62.78494	3.883351	1.241821
10890	-187.2684	-249.5984	62.33	3.457551	1.892976
10896	-182.2215	-246.2868	64.06527	2.115389	1.617917
10902	-183.0372	-246.8276	63.79033	2.815092	1.293734
10908	-176.4471	-239.6528	63.20569	1.653408	2.49534
10914	-190.598	-254.9122	64.31419	2.390637	1.210982
10920	-182.3369	-247.2778	64.94094	2.173829	0.796573
10926	-177.3362	-240.3855	63.04926	2.275764	2.199214
10932	-177.697	-241.9054	64.20846	2.483116	1.22223
10938	-178.6063	-240.2569	61.6506	2.032832	3.20893
10944	-172.399	-236.0754	63.67642	2.880736	1.332703
10950	-176.4083	-240.2746	63.86631	2.921633	1.138606
10956	-171.1078	-235.1922	64.08444	2.274072	1.486702
10962	-180.6274	-244.5766	63.94926	3.27483	0.6013066
10968	-188.2296	-252.0693	63.83969	2.836101	1.235532
10974	-172.5613	-235.2218	62.66055	2.738831	2.150938
10980	-168.2008	-231.4329	63.23213	1.836378	2.363496
10986	-169.6347	-233.8824	64.24761	2.91005	0.7347026
10992	-168.2689	-232.6022	64.33326	2.899668	0.5712384
10998	-167.306	-230.4582	63.1522	3.533252	1.227398
11004	-171.5343	-235.9905	64.45621	1.910318	1.480657
11010	-166.5917	-230.5517	63.96	2.212813	1.623588
11016	-172.3796	-236.5373	64.15777	2.015048	1.623588
11022	-163.8205	-226.9606	63.14011	1.832416	2.424155
11028	-162.6834	-224.7688	62.08537	3.079591	2.302111
11034	-166.2484	-228.9604	62.71201	3.335675	1.712939
11040	-177.1851	-238.0929	60.90783	4.368934	2.230385
11046	-175.6624	-240.2106	64.54821	2.412784	0.974013
11052	-170.9344	-233.5719	62.63749	1.697665	2.81814
11058	-172.2624	-236.1506	63.88823	2.590822	1.394373
11064	-176.1614	-239.582	63.42061	2.712571	1.652116
11070	-174.3292	-238.6677	64.33847	2.334763	1.237684
11076	-176.568	-240.4528	63.88476	2.827821	1.204364
11082	-183.4792	-246.0617	62.5825	2.670171	2.245894
11088	-183.2847	-246.3391	63.05443	2.19824	2.245894
11094	-171.2912	-235.8182	64.52698	2.599443	0.7806497
11100	-175.3716	-239.0188	63.64711	2.777228	1.436672
11106	-167.3245	-231.3196	63.99511	2.945276	0.2049235
11112	-173.5428	-237.3255	63.78276	3.019602	0.164709
11118	-172.497	-236.4051	63.90805	2.905878	0.1675866
11124	-181.3667	-244.3077	62.94105	2.366858	2.210283
11130	-182.0584	-246.8911	64.83275	2.384778	0.6194547
11136	-183.8188	-247.4615	63.64273	3.143154	1.140441
11142	-182.7357	-245.9853	63.24954	3.931038	0.696667
11148	-178.2424	-241.4888	63.24637	3.888137	0.7692577
11154	-174.9845	-239.8193	64.83476	2.385035	0.4014828
11160	-174.3746	-239.2093	64.83476	2.385035	0.4014828
11166	-172.1906	-236.9335	64.7429	2.483619	0.4165852
11172	-176.8116	-238.8487	62.0371	1.531383	3.27688
11178	-179.2419	-240.6929	61.45104	1.275168	3.767825
11184	-182.933	-246.1456	63.2126	1.329905	2.691468
11190	-180.1053	-245.0625	64.95723	2.127668	0.8351615
11196	-183.9497	-247.5447	63.59494	3.536477	0.7736562
11202	-194.0284	-256.0558	62.02737	5.160473	0.6834675
11208	-194.333	-256.9605	62.62749	3.476781	1.672786
11214	-182.5671	-246.6735	64.10648	2.630147	1.183673
11220	-188.4853	-252.3798	63.89446	3.237151	0.3001684
11226	-185.4477	-249.5788	64.13107	3.100679	0.4311288
11232	-186.9907	-247.2998	60.30908	6.153821	0.1038572
11238	-184.7636	-244.9305	60.16689	6.51968	0.1394827
11244	-188.9402	-251.1483	62.2081	3.951804	0.07196937
11250	-188.8982	-253.1349	64.23677	3.004076	0.5265766
11256	-182.3456	-246.5215	64.17587	2.843682	0.2360531
11262	-188.7072	-250.8383	62.13108	4.861879	0.2246961
11268	-190.4451	-254.3728	63.9277	3.208529	0.7667955
11274	-185.089	-248.936	63.84698	2.699393	1.34132
11280	-183.0255	-244.7031	61.67766	4.868707	1.34132
11286	-183.1924	-245.8323	62.63992	4.583811	0.4099353
11292	-186.494	-248.8517	62.35776	4.697858	0.2533222
11298	-187.0211	-249.5159	62.49479	4.697858	0.3586527
11304	-181.7516	-243.5	61.74845	5.248674	0.226407
11310	-175.424	-238.126	62.70199	4.406629	0.2840307
11316	-177.8331	-240.6511	62.81791	4.406629	0.4118144
11322	-190.7735	-253.7849	63.01132	4.211858	0.6039766
11328	-186.3574	-249.1024	62.74504	3.289764	1.722023
11334	-184.6444	-247.0166	62.37213	4.604275	0.9580464
11340	-178.3297	-241.3354	63.00572	4.183287	0.3541314
11346	-183.9495	-248.1111	64.16161	3.027396	0.3541314
11352	-181.485	-244.8484	63.36343	3.836812	0.6591596
11358	-181.9692	-245.8923	63.9231	2.922415	1.086318
11364	-181.7438	-245.6859	63.94212	2.90339	1.086318
11370	-186.2869	-247.8487	61.56183	3.73777	2.215651
11376	-183.0274	-247.0753	64.04784	3.095664	0.7561999
11382	-178.7203	-242.1163	63.39598	3.742159	0.3051781
11388	-179.2285	-241.5624	62.33391	4.820186	0.3183923
11394	-170.9182	-234.283	63.36487	3.461698	1.103753
11400	-176.915	-241.7717	64.85672	2.303519	0.7306431
11406	-171.5044	-236.0805	64.57608	2.381833	0.9771792
11412	-181.2868	-240.8825	59.59568	2.412145	4.178771
11418	-178.6137	-241.9041	63.2904	2.179512	2.104841
11424	-181.4013	-242.9498	61.54848	1.906507	3.343727
11430	-193.9185	-257.1839	63.26536	3.860362	0.7816217
11436	-189.5492	-254.3987	64.84951	2.038291	1.046501
11442	-179.7127	-240.4448	60.7321	4.381958	2.33456
11448	-175.0695	-238.5811	63.51165	2.228752	1.924922
11454	-168.5313	-232.5467	64.01538	2.273541	1.538677
11460	-177.0448	-240.3229	63.27809	2.961803	1.574796
11466	-179.2764	-241.8114	62.53497	3.522088	1.706319
11472	-179.9976	-243.1936	63.19593	3.189779	1.466141
11478	-177.7939	-237.704	59.91006	3.371454	3.445447
11484	-173.9018	-236.6416	62.73982	2.592251	2.194655
11490	-180.2872	-238.8114	58.52413	1.795614	5.124857
11496	-174.8695	-238.4364	63.56696	2.544195	1.667877
11502	-172.9304	-237.3001	64.36967	2.40226	1.152815
11508	-176.6998	-240.5421	63.84239	2.133856	1.763085
11514	-171.0314	-235.2119	64.18055	2.133856	1.51975
11520	-168.5147	-232.927	64.41224	2.256517	1.241431
11526	-182.9513	-245.1504	62.19909	1.54175	3.174895
11532	-176.1372	-240.3311	64.19385	2.488377	1.230119
11538	-173.9073	-238.4943	64.58695	2.496553	0.8369073
11544	-174.8806	-239.7141	64.83357	2.191826	0.9051544
11550	-171.5289	-236.201	64.67214	2.470721	0.7571443
11556	-171.8433	-236.4628	64.61947	1.918337	1.348132
11562	-182.8555	-244.5618	61.70633	1.478363	3.501996
11568	-180.0011	-243.3754	63.37431	2.381617	1.914422
11574	-180.5099	-244.0725	63.56266	2.145161	1.946883
11580	-176.5233	-240.5491	64.02581	1.682012	1.946883
11586	-181.1167	-243.6703	62.5536	1.319084	3.096467
11592	-181.6914	-246.1114	64.41992	2.302532	1.195905
11598	-185.6163	-248.6324	63.01612	2.102029	2.331954
11604	-185.3621	-249.8827	64.52063	1.489525	1.739358
11610	-176.244	-241.0356	64.79157	2.346076	0.7647565
11616	-179.0239	-240.8714	61.84748	2.049102	3.082207
11622	-174.676	-239.3891	64.71305	1.74033	1.414307
11628	-180.9952	-242.9575	61.96225	2.810948	2.548912
11634	-181.0351	-243.3698	62.33473	2.260925	2.658785
11640	-179.0826	-242.0443	62.96177	4.198715	0.7302569
11646	-180.9054	-244.6943	63.78886	3.215539	0.9282552
11652	-185.5908	-248.5157	62.92492	1.922798	2.502452
11658	-179.1497	-243.1602	64.01051	2.426295	1.427092
11664	-178.4	-240.6458	62.2458	2.527727	2.548705
11670	-179.3559	-243.3859	64.03003	1.773547	1.882079
11676	-175.6207	-238.9405	63.3198	3.906009	0.5961089
11682	-179.13	-243.1577	64.02771	3.198093	0.5961089
11688	-174.6422	-238.7816	64.13933	2.164425	1.527675
11694	-179.1797	-242.2566	63.07692	2.596174	1.9702
11700	-182.9379	-246.9107	63.97279	2.235608	1.597791
11706	-181.3821	-245.2263	63.84414	2.750863	1.302206
11712	-180.0895	-243.475	63.38554	2.365484	1.917741
11718	-179.1041	-242.4812	63.37713	2.593088	1.767289
11724	-174.9201	-237.8047	62.88457	2.387445	2.233442
11730	-176.083	-237.9784	61.89541	2.203205	2.961162
11736	-176.8091	-240.815	64.00585	2.10859	1.665529
11742	-188.7909	-250.7375	61.94661	1.960014	3.076216
11748	-190.0012	-252.6042	62.60301	3.609299	1.594943
11754	-184.8951	-247.4127	62.51768	3.734403	1.565853
11760	-178.1038	-239.6901	61.58627	3.783515	2.170194
11766	-183.2643	-246.7247	63.46042	1.969466	2.131041
11772	-178.2021	-241.717	63.51492	2.301494	1.873326
11778	-174.094	-238.1031	64.00917	2.250443	1.560314
11784	-169.6142	-233.6233	64.00917	2.250443	1.560314
11790	-175.9317	-239.8332	63.90148	3.310181	0.6339829
11796	-173.1917	-237.0213	63.82964	3.310181	0.7616056
11802	-173.364	-237.2321	63.86808	3.00644	1.059154
11808	-177.5176	-238.7956	61.27795	5.805046	0.8375249
11814	-175.3536	-239.5425	64.18885	2.985836	0.7069101
11820	-175.463	-239.9071	64.4441	2.4688	1.022209
11826	-175.7663	-240.1167	64.35038	2.855062	0.6480986
11832	-177.7467	-241.8835	64.13675	2.452884	1.306558
11838	-172.6448	-234.4986	61.85383	2.096752	3.049948
11844	-182.2208	-244.7716	62.55086	1.984063	2.696124
11850	-179.0078	-243.268	64.26022	2.736771	0.9362427
11856	-179.3091	-243.7298	64.42068	2.736771	0.7350353
11862	-173.6993	-237.8303	64.13095	2.736771	1.065578
11868	-168.32	-232.9087	64.58875	2.439424	0.9020433
11874	-173.0481	-236.4966	63.44847	2.98509	1.429592
11880	-174.2326	-238.1975	63.96492	3.274347	0.5393463
11886	-173.4962	-238.2948	64.79856	2.209602	0.9241589
11892	-175.3504	-239.389	64.03851	2.969653	0.9241589
11898	-175.238	-238.933	63.695	3.517671	0.6315571
11904	-183.9814	-247.7924	63.81099	3.406725	0.6189633
11910	-191.4492	-256.0102	64.56102	2.573795	0.7688186
11916	-190.4296	-254.3171	63.88759	3.331283	0.6159222
11922	-188.3927	-252.5218	64.12908	2.396594	1.35776
11928	-186.3043	-250.603	64.29868	2.699553	0.934912
11934	-186.1123	-249.8585	63.7462	3.252025	0.934912
11940	-179.9333	-243.6865	63.75325	1.995837	1.919046
11946	-184.2258	-243.216	58.99023	1.608835	4.969837
11952	-181.7306	-242.8543	61.12377	1.788605	3.660255
11958	-189.217	-248.4844	59.26742	3.644957	3.660255
11964	-189.364	-252.9643	63.60031	3.230119	1.10022
11970	-178.2935	-241.9146	63.62108	3.458556	0.8416839
11976	-174.5929	-237.983	63.39011	3.440658	1.09991
11982	-171.5902	-236.6401	65.04996	2.095269	0.7536562
11988	-175.4416	-238.8185	63.37683	3.711357	0.8310495
11994	-171.738	-236.3377	64.59968	2.32095	1.014623
12000	-175.9506	-240.1118	64.16127	2.985907	0.750743
12006	-179.0667	-240.3828	61.31616	1.472003	3.73208
12012	-179.4717	-238.0637	58.59203	1.605609	5.192463
12018	-173.5298	-236.5191	62.98925	2.157536	2.313713
12024	-181.7364	-245.5776	63.84115	3.152095	0.9402537
12030	-178.5296	-242.167	63.63745	3.571264	0.6408176
12036	-182.0062	-245.669	63.6628	3.571264	0.5665476
12042	-184.9375	-249.1929	64.25542	2.939874	0.3620703
12048	-188.7346	-252.4997	63.76508	3.416084	0.6956236
12054	-190.3168	-254.5342	64.21748	2.378478	1.301432
12060	-194.3922	-257.6309	63.23865	2.512642	1.91756
12066	-188.3413	-250.8471	62.50579	4.163204	1.241231
12072	-186.8728	-249.3717	62.49892	2.855056	2.180454
12078	-191.9608	-256.2021	64.24129	2.068271	1.523352
12084	-191.4446	-256.1231	64.67853	2.435884	0.7970535
12090	-180.286	-245.1323	64.84625	2.394532	0.4738003
12096	-176.3271	-241.0879	64.76088	1.776144	1.34876
12102	-183.6709	-248.9011	65.23021	2.010544	0.5274622
12108	-178.1942	-242.8046	64.61034	2.58267	0.3591092
12114	-188.9591	-253.2285	64.26939	2.958942	0.4212781
12120	-195.5432	-255.5163	59.97311	6.194001	1.627705
12126	-189.453	-251.1124	61.65936	5.527947	0.3520846
12132	-186.0961	-250.8429	64.74682	1.467076	1.593787
12138	-181.4719	-243.3679	61.89592	1.989545	3.088843
12144	-183.8737	-247.5487	63.67498	2.631358	1.525749
12150	-181.5076	-244.2225	62.71483	1.629421	2.812607
12156	-180.5959	-243.1797	62.5838	1.832987	2.768426
12162	-177.4733	-240.1517	62.67846	3.034923	1.943137
12168	-180.5278	-244.3628	63.83499	3.258447	0.824426
12174	-177.4621	-242.2753	64.81321	1.908577	1.196471
12180	-177.6723	-237.2283	59.55595	2.986439	3.873572
12186	-176.3928	-238.0928	61.69999	4.357034	1.70634
12192	-170.287	-231.3527	61.06567	2.497692	3.279904
12198	-169.7172	-233.7448	64.02751	2.705784	1.18656
12204	-170.7412	-235.136	64.39474	2.435209	1.100656
12210	-176.9508	-239.6881	62.73732	1.804734	2.691747
12216	-183.1126	-244.5941	61.48143	4.593724	1.693496
12222	-178.012	-241.5862	63.57416	3.666381	0.5294181
12228	-172.5166	-237.2944	64.77783	2.382842	0.729962
12234	-176.9243	-239.7608	62.83648	4.402409	0.46036
12240	-174.1527	-238.9101	64.75735	2.481538	0.46036
12246	-175.0829	-239.8012	64.7183	2.522211	0.5297208
12252	-177.4794	-242.5089	65.02945	2.094432	0.7841705
12258	-178.0704	-242.4036	64.33321	2.117194	1.416605
12264	-176.6247	-240.0388	63.41407	2.457662	1.835461
12270	-177.7082	-241.8066	64.09834	2.993122	0.8269246
12276	-180.283	-244.4211	64.13813	3.038086	0.7042726
12282	-183.4503	-246.7257	63.27545	3.552516	1.102476
12288	-182.1731	-246.6982	64.5251	2.400153	1.01005
12294	-177.5535	-241.7623	64.20883	2.716425	1.01005
12300	-177.5983	-241.5085	63.91019	2.648489	1.331487
12306	-182.0645	-241.8907	59.82615	2.663396	3.90389
12312	-190.5287	-251.6153	61.08653	3.043269	2.942389
12318	-185.4986	-249.8936	64.39498	1.979687	1.474503
12324	-188.7094	-248.6072	59.89785	3.813159	3.192588
12330	-184.7229	-247.2199	62.49705	2.923935	2.13685
12336	-182.0526	-245.7095	63.65685	3.291013	0.9874094
12342	-181.7687	-246.5374	64.76873	2.44804	0.6214151
12348	-178.0437	-242.9028	64.85911	2.353025	0.6328545
12354	-181.6372	-246.3725	64.7353	2.353025	0.8308848
12360	-180.4314	-245.2643	64.83284	2.029632	1.070512
12366	-178.9683	-241.5685	62.60018	2.824986	2.13412
12372	-178.4371	-242.4716	64.0345	2.887922	1.012856
12378	-175.1848	-239.0559	63.87108	2.150571	1.731284
12384	-180.626	-244.2497	63.62366	1.921307	2.055438
12390	-177.3043	-241.3474	64.04311	3.147262	0.3558043
12396	-178.4463	-242.8168	64.37054	2.871081	0.4830063
12402	-174.9209	-239.3529	64.43209	2.682402	0.7969483
12408	-175.422	-239.9833	64.56127	2.595193	0.7365704
12414	-174.6008	-239.7874	65.18659	1.997485	0.6903864
12420	-188.6231	-253.0134	64.39025	2.691866	0.8386154
12426	-184.3868	-247.6237	63.23687	2.719486	1.776946
12432	-184.6976	-243.9735	59.27586	0.8864913	5.211984
12438	-178.8712	-241.5401	62.66887	1.244498	3.072191
12444	-180.6874	-242.5489	61.86149	1.788819	3.228535
12450	-181.9152	-242.0758	60.16067	1.720515	4.250616
12456	-172.9416	-237.8198	64.87814	2.335207	0.6299245
12462	-173.0586	-236.4996	63.44102	2.056406	2.086771
12468	-176.4154	-241.1973	64.78188	1.973827	1.167072
12474	-181.615	-242.326	60.71097	2.107914	3.714333
12480	-183.5294	-245.2034	61.674	4.123407	1.886277
12486	-177.8976	-240.0495	62.15191	1.885043	2.998207
12492	-174.587	-239.5787	64.99165	1.896302	1.046357
12498	-180.1813	-243.5655	63.38423	2.713646	1.677347
12504	-174.435	-238.426	63.99102	2.106858	1.677347
12510	-183.4277	-247.8423	64.41462	2.730567	0.7537075
12516	-185.2981	-249.9754	64.67732	1.976619	1.253797
12522	-176.4374	-239.5922	63.15483	2.38571	2.058362
12528	-179.8591	-243.6485	63.78936	2.42265	1.59516
12534	-179.5873	-243.4913	63.90403	2.662707	1.325024
12540	-181.636	-245.6144	63.97837	2.808372	1.139681
12546	-185.5963	-249.9695	64.37323	2.854115	0.418679
12552	-184.5489	-248.975	64.42608	2.804398	0.5805296
12558	-181.9371	-245.7226	63.78542	3.393954	0.3430488
12564	-180.6201	-244.9258	64.30571	2.826991	0.7718339
12570	-183.7753	-247.8508	64.0755	3.047799	0.7849789
12576	-185.2431	-248.945	63.70193	3.047799	1.172295
12582	-183.4805	-247.2445	63.76405	3.44558	0.382997
12588	-173.1122	-237.0871	63.97486	3.249675	0.5999907
12594	-174.7251	-238.0349	63.30978	2.758535	1.698348
12600	-174.3418	-238.6344	64.29251	2.660727	0.9819563
12606	-185.2666	-249.04	63.77344	2.083768	1.845433
12612	-189.7555	-253.6643	63.90883	2.466423	1.47406
12618	-186.3163	-250.2055	63.88923	2.424858	1.519984
12624	-181.276	-243.5029	62.22683	3.046129	2.232834
12630	-181.127	-245.4998	64.37281	2.492501	1.067842
12636	-191.0867	-254.9356	63.84886	2.994009	1.088767
12642	-191.7736	-252.2316	60.45793	4.917415	2.166577
12648	-190.8306	-251.8872	61.05661	1.937635	3.612794
12654	-189.0989	-252.9234	63.82455	2.11711	1.787159
12660	-178.4268	-242.0847	63.6579	2.283765	1.787159
12666	-182.4684	-246.0919	63.62344	2.749472	1.475831
12672	-187.5362	-251.4287	63.89251	2.875682	1.156111
12678	-180.3378	-244.1742	63.83632	2.892627	1.190309
12684	-188.6924	-250.3876	61.6952	3.81341	2.079416
12690	-194.9928	-254.681	59.68813	3.23623	3.653315
12696	-189.3344	-252.171	62.83665	4.402583	0.5395358
12702	-176.0456	-240.1138	64.06818	2.746114	1.114926
12708	-177.3297	-241.5567	64.22695	2.587583	1.114708
12714	-179.9112	-243.6199	63.70871	3.105821	1.114708
12720	-185.6213	-249.1298	63.5085	3.570096	0.8429681
12726	-186.3028	-249.7579	63.45505	2.360658	1.873814
12732	-177.8348	-242.9026	65.06776	1.745377	1.115968
12738	-180.1936	-244.8832	64.68962	2.548276	0.5479058
12744	-180.6534	-244.0952	63.44181	2.977179	1.440775
12750	-178.1773	-241.974	63.79672	2.177476	1.76452
12756	-184.6827	-246.9074	62.22466	1.85203	2.974345
12762	-182.5966	-245.9273	63.33067	3.637245	0.9668751
12768	-184.265	-247.4568	63.19178	3.77614	0.9668751
12774	-184.9552	-247.3807	62.42551	2.20687	2.63615
12780	-183.1895	-244.6867	61.49719	3.135185	2.63615
12786	-180.0052	-244.5708	64.56557	2.505218	0.8524872
12792	-184.5029	-248.4902	63.98739	2.533764	1.361331
12798	-180.9891	-244.3035	63.3144	3.206758	1.361331
12804	-185.8785	-248.0385	62.16	4.791391	0.9838289
12810	-184.8521	-249.2693	64.41714	2.751463	0.7171148
12816	-189.966	-253.2017	63.23567	2.296808	2.063688
12822	-192.8532	-255.2486	62.39537	3.137104	2.063688
12828	-187.6223	-251.0037	63.38139	2.151081	2.063688
12834	-184.6842	-249.0087	64.32445	2.608633	1.002273
12840	-180.0421	-243.8001	63.75808	3.447564	0.6476615
12846	-180.0682	-242.7428	62.67462	2.458815	2.32222
12852	-186.1126	-247.6546	61.54209	4.265318	1.879467
12858	-182.7787	-244.6196	61.84087	3.966535	1.879467
12864	-185.3035	-248.2591	62.95558	3.826811	1.143552
12870	-184.4874	-248.3279	63.84057	2.241101	1.688872
12876	-182.219	-246.0178	63.79882	2.845968	1.261394
12882	-180.6743	-244.1096	63.43533	3.805309	0.5284994
12888	-175.334	-236.8291	61.49513	4.841313	1.503285
12894	-176.0809	-237.2044	61.12343	4.227652	2.182331
12900	-174.3983	-236.3173	61.91894	3.374022	2.219935
12906	-175.9841	-239.3196	63.33552	3.724526	0.8653342
12912	-175.5494	-237.1373	61.58792	5.403182	0.2239401
12918	-168.7366	-230.9908	62.25423	4.696858	0.2086978
12924	-171.6547	-234.3809	62.72624	4.252893	0.2191783
12930	-172.5678	-236.2415	63.67374	3.521928	0.6684349
12936	-181.5514	-245.2695	63.71813	3.521928	0.467909
12942	-175.0882	-238.9209	63.83271	3.287188	0.7896429
12948	-176.097	-239.9349	63.83787	3.396932	0.5633548
12954	-176.2988	-240.0893	63.79049	3.45168	0.5043593
12960	-177.8999	-241.6102	63.71025	3.45168	0.7279567
12966	-179.7944	-243.0171	63.22271	1.712072	2.447903
12972	-172.1462	-236.5639	64.41772	1.839299	1.562226
12978	-172.7065	-234.5536	61.84715	1.79488	3.233436
12984	-173.4286	-236.773	63.34445	2.113614	2.112605
12990	-173.1783	-237.727	64.54876	2.659963	0.6407943
12996	-173.0447	-237.8011	64.75637	2.485334	0.5159933
13002	-171.3394	-235.2511	63.91166	2.60262	1.366759
13008	-173.8581	-238.0248	64.16674	3.067376	0.5663412
13014	-176.8052	-241.1826	64.37744	2.255401	1.271261
13020	-177.5363	-241.5379	64.00166	3.124837	0.7805488
13026	-173.2788	-236.7485	63.46969	3.766071	0.4453553
13032	-178.8855	-242.7647	63.87919	2.565287	1.421184
13038	-183.8008	-247.7721	63.97128	3.13941	0.8020201
13044	-180.7523	-244.7145	63.96216	2.893549	1.076839
13050	-185.6002	-247.8724	62.27222	3.851668	1.658773
13056	-183.5107	-244.7371	61.22639	5.756106	0.9516469
13062	-183.3458	-243.3767	60.03095	2.233202	4.032837
13068	-180.0514	-241.6401	61.5887	4.029693	2.006738
13074	-178.5799	-242.4878	63.90796	2.885896	1.133332
13080	-181.2353	-245.4604	64.22511	2.396549	1.280459
13086	-192.7969	-248.6615	55.86461	2.266005	6.324594
13092	-192.4178	-252.7628	60.34509	6.266318	1.288849
13098	-188.8108	-252.5499	63.73904	2.658583	1.457086
13104	-183.7391	-246.3937	62.65456	4.356697	0.9207799
13110	-180.4322	-245.0003	64.56806	2.11431	1.229998
13116	-180.9238	-244.511	63.58716	2.46258	1.711493
13122	-190.3161	-254.0821	63.76599	2.284024	1.711292
13128	-185.0655	-249.3443	64.27881	2.962535	0.5210585
13134	-181.066	-245.1354	64.0694	2.962535	0.8978107
13140	-173.1393	-237.0829	63.94352	3.273821	0.6199387
13146	-173.361	-237.2114	63.85033	2.42285	1.550318
13152	-173.8484	-238.1898	64.34137	2.432433	1.151159
13158	-176.4335	-240.3187	63.88512	2.40901	1.53482
13164	-180.2328	-243.9954	63.76262	3.422033	0.6893472
13170	-177.7322	-241.6099	63.87766	3.007251	1.049266
13176	-180.7942	-244.2854	63.49126	2.604035	1.679182
13182	-183.3517	-246.7674	63.41566	1.840038	2.243945
13188	-184.1835	-247.1199	62.9364	3.107535	1.715587
13194	-187.9251	-252.0851	64.15997	3.027733	0.6837274
13200	-186.2008	-249.226	63.02518	4.19274	0.6184523
13206	-178.8169	-242.1074	63.29056	3.905147	0.3626138
13212	-177.0425	-240.3959	63.35338	3.87147	0.4125419
13218	-182.087	-246.1649	64.07795	3.16409	0.5092159
13224	-186.0975	-247.4708	61.37332	5.867696	0.5248019
13230	-184.0468	-245.6901	61.64331	3.408316	2.374194
13236	-178.1651	-240.5689	62.40373	2.639234	2.379681
13242	-176.0785	-240.0723	63.99378	3.175289	0.7163469
13248	-175.2144	-239.6825	64.46811	2.77268	0.5271147
13254	-175.7046	-239.6273	63.92265	2.156081	1.69096
13260	-179.4642	-239.8833	60.41908	2.036518	3.923349
13266	-183.1487	-244.0261	60.87746	1.578143	3.923349
13272	-176.2944	-240.3764	64.08196	2.733276	1.11407
13278	-174.8136	-236.8828	62.06922	2.696072	2.553829
13284	-176.8071	-239.9377	63.13057	4.020511	0.7448471
13290	-173.9682	-236.4939	62.52575	4.566782	0.2738844
13296	-173.9084	-236.4342	62.52575	4.566782	0.2738844
13302	-172.6356	-234.9418	62.30622	4.566782	0.1835557
13308	-178.2861	-241.2513	62.96523	4.275166	0.4704955
13314	-176.2258	-239.6159	63.39012	3.778154	0.3315503
13320	-184.2174	-247.5083	63.29081	3.877467	0.3315503
13326	-189.1332	-252.9857	63.85242	2.941818	1.132987
13332	-178.9925	-241.0238	62.03125	4.535863	1.324721
13338	-179.0117	-242.5156	63.50392	2.953701	1.411025
13344	-183.6576	-244.6936	61.03597	3.263194	2.839998
13350	-175.0564	-236.6921	61.63567	4.902241	1.348054
13356	-182.8467	-244.5331	61.68632	4.44158	1.655898
13362	-177.9137	-240.4064	62.49266	2.685574	2.293629
13368	-173.6338	-236.6676	63.03381	2.523661	2.047174
13374	-177.0743	-240.6071	63.53279	2.990058	1.359992
13380	-177.0195	-239.816	62.79649	1.796598	2.660363
13386	-182.3579	-244.9618	62.60388	1.56467	2.919025
13392	-187.6174	-251.0308	63.41333	3.562675	0.9584623
13398	-189.6809	-254.007	64.32618	2.914871	0.4763119
13404	-183.6968	-247.3747	63.67795	3.519591	0.365065
13410	-183.9908	-247.5879	63.59716	3.628309	0.414018
13416	-180.0737	-244.0872	64.0135	3.217925	0.4301142
13422	-185.3293	-249.2745	63.94521	3.112	0.868683
13428	-178.6062	-242.6149	64.00875	3.112	0.788476
13434	-181.3063	-242.4044	61.09816	4.637806	1.927913
13440	-201.7685	-264.6367	62.86824	4.30422	0.7106773
13446	-202.0359	-265.3891	63.35321	3.34942	1.212845
13452	-200.9017	-263.0788	62.17716	4.002965	1.618307
13458	-198.1287	-261.359	63.23024	3.91406	0.7550229
13464	-177.8697	-241.3805	63.51078	3.163419	1.236873
13470	-184.8228	-248.6389	63.81611	3.378741	0.6700461
13476	-182.926	-246.7801	63.8541	3.378741	0.5716002
13482	-186.4272	-249.7926	63.36542	2.935911	1.529474
13488	-182.3471	-246.3957	64.04862	2.999542	0.8792576
13494	-180.8228	-245.2054	64.38261	2.45161	1.096736
13500	-186.3374	-248.9913	62.65388	3.122338	1.900671
13506	-182.503	-245.3537	62.85072	2.340948	2.285036
13512	-181.6077	-244.8371	63.22942	3.385876	1.28567
13518	-181.6856	-245.5429	63.85729	3.325138	0.6933595
13524	-182.2269	-246.4017	64.17482	2.403306	1.315856
13530	-181.6461	-246.3708	64.7247	2.083366	1.120559
13536	-179.5218	-243.2405	63.71871	2.983461	1.213237
13542	-185.8517	-247.0938	61.24208	3.219451	2.741092
13548	-177.8938	-241.3255	63.43172	3.496842	1.006768
13554	-183.5368	-246.8286	63.29174	2.085873	2.165105
13560	-172.7648	-236.4745	63.7097	1.97126	1.964923
13566	-170.1232	-233.6655	63.54229	2.138676	1.964923
13572	-181.3164	-244.699	63.38263	2.740811	1.659092
13578	-176.9918	-241.3174	64.32567	2.332795	1.250026
13584	-181.7036	-241.3034	59.59985	2.59552	4.07207
13590	-178.7121	-241.9614	63.24929	3.870579	0.7896753
13596	-167.7135	-231.264	63.55049	3.689782	0.4695527
13602	-175.8823	-238.7844	62.90209	4.325499	0.4192969
13608	-173.4374	-237.0524	63.61495	3.570144	0.6885461
13614	-173.7717	-238.0278	64.25615	2.931156	0.6844632
13620	-176.1351	-239.4256	63.29047	3.581774	1.061304
13626	-174.587	-237.665	63.07805	2.470397	2.053142
13632	-174.5444	-238.4847	63.94026	3.294641	0.5629205
13638	-169.8615	-233.5012	63.63971	2.326498	1.770085
13644	-172.706	-236.1132	63.40713	2.074883	2.096902
13650	-174.6807	-238.2317	63.55098	3.549408	0.8155117
13656	-175.7185	-239.3074	63.58884	3.511548	0.8155117
13662	-170.9979	-234.4305	63.43262	3.775924	0.6411932
13668	-166.9188	-230.7735	63.85467	3.353879	0.6411932
13674	-169.6712	-232.2135	62.54227	2.534205	2.358442
13680	-177.8955	-241.0059	63.11034	4.129856	0.5324265
13686	-177.4701	-241.5135	64.04332	3.007608	0.8760439
13692	-171.1936	-233.3113	62.11772	2.618217	2.572062
13698	-169.8634	-232.7039	62.84058	2.04292	2.480069
13704	-178.4676	-242.1542	63.68661	3.402914	0.8293736
13710	-171.9351	-235.024	63.08888	2.264385	2.180917
13716	-171.6557	-235.9828	64.32703	2.52514	1.080132
13722	-173.9184	-238.2645	64.34607	2.52514	1.06228
13728	-168.8107	-233.3356	64.52489	2.346322	1.06228
13734	-181.3762	-245.4345	64.05828	2.728509	1.13964
13740	-181.3211	-245.9578	64.63666	2.597881	0.5644808
13746	-177.4763	-241.8116	64.33526	1.876894	1.595053
13752	-182.9319	-244.5096	61.57776	1.900601	3.329982
13758	-177.4121	-242.0712	64.65915	2.495703	0.7390742
13764	-191.4947	-254.6591	63.16439	2.556603	1.93801
13770	-191.1947	-253.9527	62.75796	2.832162	2.025532
13776	-181.7976	-245.9446	64.14703	2.874531	0.9094243
13782	-178.9599	-241.7771	62.81716	2.904488	1.937568
13788	-181.1894	-241.7281	60.53871	2.761175	3.434697
13794	-181.1285	-244.448	63.31956	3.55684	1.057374
13800	-176.497	-240.0532	63.55614	2.823972	1.470382
13806	-175.8609	-236.124	60.26307	1.917467	4.080523
13812	-184.0783	-245.8969	61.81858	4.945275	0.1556372
13818	-182.933	-245.6358	62.70287	4.390817	0.2745821
13824	-175.6716	-239.4733	63.80175	3.416117	0.3976442
13830	-176.6533	-237.011	60.35769	3.633606	3.025584
13836	-173.7685	-238.1883	64.4198	1.975315	1.458995
13842	-173.6174	-237.9126	64.29522	2.833668	0.7772111
13848	-179.0625	-240.6069	61.5444	3.537832	2.35479
13854	-180.4566	-243.2509	62.79433	3.91252	1.209253
13860	-187.7377	-251.1192	63.38151	3.85869	0.5323894
13866	-189.0921	-253.3674	64.27532	2.951937	0.591524
13872	-183.0724	-246.3928	63.32038	3.909387	0.5830829
13878	-176.8397	-239.0342	62.19443	3.848146	1.716544
13884	-176.8034	-240.3171	63.51367	3.683675	0.6650833
13890	-179.597	-243.2084	63.61142	3.147416	1.164335
13896	-182.6643	-245.2438	62.57948	2.420525	2.406832
13902	-175.3124	-238.2011	62.88869	2.111313	2.406832
13908	-174.8434	-238.5658	63.72234	3.259563	0.9522725
13914	-177.6516	-241.7464	64.09483	2.825142	1.015269
13920	-170.4199	-234.556	64.13608	2.683238	1.110358
13926	-173.625	-235.1431	61.51812	4.264202	1.896532
13932	-169.5482	-233.4734	63.92528	3.223699	0.7480404
13938	-176.6938	-239.4843	62.79055	3.621854	1.44581
13944	-178.7939	-242.0678	63.27389	3.009087	1.543079
13950	-182.9053	-245.85	62.94469	1.658394	2.654208
13956	-186.5002	-249.4734	62.97313	1.814728	2.539789
13962	-186.6166	-248.2162	61.59956	5.63882	0.4575362
13968	-189.0147	-251.3076	62.29296	4.831327	0.2947908
13974	-184.8533	-247.0967	62.24347	4.831327	0.2635821
13980	-179.0322	-243.2787	64.24655	2.987749	0.4397337
13986	-175.2531	-238.7268	63.47375	3.237443	1.205552
13992	-183.4247	-246.573	63.14827	3.514448	1.246482
13998	-187.9144	-252.1402	64.22572	2.937004	0.7266863
14004	-182.9524	-247.0017	64.04927	2.847469	1.037912
14010	-188.4248	-251.6749	63.25012	3.849151	0.8169572
14016	-189.4084	-250.0867	60.67839	5.356928	1.721663
14022	-199.3259	-260.9357	61.60978	3.431847	2.380527
14028	-200.337	-261.6233	61.28637	4.699064	1.756669
14034	-187.2786	-250.3578	63.07923	4.144632	0.4102507
14040	-193.1089	-255.4453	62.33635	2.498219	2.510669
14046	-190.3682	-252.3889	62.02072	3.790667	1.87676
14052	-192.7216	-255.1458	62.42419	2.188333	2.648391
14058	-183.4451	-245.6708	62.22574	3.195909	2.136418
14064	-183.0957	-247.2982	64.20242	2.240793	1.422158
14070	-181.2579	-244.0128	62.75492	2.929125	1.962852
14076	-189.5039	-252.1504	62.64648	4.594009	0.4712755
14082	-177.5017	-240.8364	63.33466	2.059037	2.154643
14088	-179.9838	-243.1282	63.14442	2.24927	2.154643
14094	-175.899	-240.5185	64.61957	2.361266	0.9533964
14100	-175.778	-240.3975	64.61957	2.361266	0.9533964
14106	-179.048	-242.2364	63.18841	3.808796	0.9360055
14112	-172.4169	-236.5223	64.10538	3.133888	0.5393217
14118	-179.8983	-244.0546	64.15621	2.915379	0.8515066
14124	-177.0791	-239.8483	62.76925	4.468539	0.4544345
14130	-176.6206	-239.8206	63.19998	2.178325	2.164658
14136	-185.9839	-247.8501	61.8662	4.17801	1.715395
14142	-181.1974	-243.6858	62.48838	4.752208	0.5290144
14148	-182.5929	-245.9932	63.40033	3.840254	0.5290144
14154	-182.5623	-246.0662	63.50384	3.738364	0.501513
14160	-191.2497	-254.6335	63.38381	3.672534	0.8697099
14166	-190.3557	-252.3407	61.98491	4.55182	1.348995
14172	-186.365	-250.3202	63.95514	2.915563	1.062758
14178	-179.273	-243.0654	63.79238	3.406903	0.3674443
14184	-179.0952	-242.9469	63.85163	2.745914	1.300146
14190	-176.3165	-240.0037	63.68721	3.375619	0.8620282
14196	-177.9687	-238.685	60.71622	3.099545	3.130368
14202	-176.2945	-240.1098	63.81533	2.229911	1.714667
14208	-173.9735	-238.3403	64.36683	2.229911	1.300794
14214	-173.435	-236.3567	62.92172	3.128742	1.710982
14220	-181.0233	-244.555	63.53173	3.640864	0.3358751
14226	-177.211	-241.3637	64.15271	2.883726	0.8927162
14232	-180.6758	-244.5575	63.88169	2.677448	1.331116
14238	-180.8941	-245.2964	64.40222	2.63541	0.8913598
14244	-190.5995	-250.9789	60.37938	5.367575	1.92049
14250	-181.0871	-244.8814	63.7943	2.572812	1.480217
14256	-177.4102	-241.102	63.69181	2.597014	1.538755
14262	-183.0924	-246.624	63.53166	3.590011	0.7872206
14268	-175.8958	-240.802	64.90617	2.017503	1.01162
14274	-183.3869	-247.5941	64.20721	3.029084	0.556378
14280	-184.9489	-247.8755	62.92659	2.754817	1.964623
14286	-187.476	-248.6663	61.19026	3.08586	2.853976
14292	-185.6301	-249.7173	64.0872	2.75592	1.088531
14298	-182.7087	-246.0051	63.29642	3.945379	0.5143691
14304	-182.3978	-246.9345	64.53672	2.686695	0.6032846
14310	-185.1423	-247.3713	62.22904	3.2106	2.124667
14316	-187.4194	-251.1511	63.73175	3.012133	1.177383
14322	-184.652	-248.813	64.16108	2.871153	0.897479
14328	-185.7008	-249.8541	64.15328	2.871153	0.9062272
14334	-184.4673	-248.1726	63.70533	3.092891	1.129419
14340	-179.1787	-243.7317	64.55302	2.20809	1.162336
14346	-185.1078	-248.0381	62.93031	4.186101	0.7943648
14352	-182.1473	-246.8559	64.70862	2.285636	0.9391733
14358	-177.6298	-241.8345	64.20471	2.952495	0.7354128
14364	-184.0433	-247.9566	63.91323	3.205395	0.2907932
14370	-180.0658	-243.7293	63.66355	3.455077	0.2907932
14376	-184.9573	-245.6455	60.6882	5.23372	1.800845
14382	-179.1535	-241.4086	62.25509	4.960313	0.6248685
14388	-175.297	-237.2709	61.97388	4.613002	1.308785
14394	-183.968	-245.3589	61.39089	2.145999	3.295514
14400	-179.8866	-242.4057	62.51905	1.798482	2.828844
14406	-180.8979	-242.4548	61.55687	2.427422	3.029774
14412	-181.5887	-241.784	60.19525	3.789044	3.029774
14418	-176.8572	-240.541	63.68377	3.461927	0.7529514
14424	-181.3885	-244.8399	63.4514	3.653389	0.2815386
14430	-185.0041	-247.0554	62.05123	3.219863	2.234036
14436	-192.9105	-255.9883	63.07777	3.928268	0.9264716
14442	-190.2596	-252.8605	62.60092	3.527421	1.655587
14448	-185.5802	-249.3863	63.80614	2.3222	1.655587
14454	-187.3971	-251.1276	63.7305	2.512678	1.572386
14460	-184.9567	-248.7417	63.78504	2.474726	1.560202
14466	-187.6473	-251.1206	63.47328	3.439218	1.022608
14472	-186.333	-249.5903	63.25738	2.601635	1.844192
14478	-184.3697	-246.9877	62.61807	3.161053	1.8987
14484	-184.6458	-248.6546	64.00875	3.187182	0.6679184
14490	-188.6328	-251.0515	62.41874	2.999426	2.138694
14496	-190.715	-253.2903	62.57525	2.750201	2.198937
14502	-184.9855	-248.759	63.77348	2.413596	1.613273
14508	-186.3966	-250.5093	64.11265	3.079798	0.6747443
14514	-192.154	-251.2515	59.09748	3.892415	3.615321
14520	-184.0288	-244.0148	59.98605	6.523753	1.370283
14526	-180.9271	-241.3825	60.45544	6.054361	1.370283
14532	-180.421	-241.9782	61.55724	4.952565	1.370283
14538	-188.2758	-248.9848	60.70897	5.759429	1.402666
14544	-182.6695	-243.3065	60.63695	3.8241	2.741382
14550	-181.1127	-245.3651	64.25235	2.774652	0.9033582
14556	-185.5881	-249.0209	63.4328	3.806223	0.5409481
14562	-180.6677	-244.3377	63.67004	3.571056	0.4768431
14568	-186.8838	-250.2444	63.36055	3.585011	0.989741
14574	-185.1979	-248.9212	63.72339	2.611305	1.504589
14580	-187.7594	-251.4644	63.705	1.658368	2.174359
14586	-181.5271	-244.7813	63.25418	2.329057	2.030103
14592	-181.0773	-245.132	64.05464	2.748434	1.125059
14598	-187.1902	-250.7132	63.52302	2.146237	1.972765
14604	-183.1052	-244.4529	61.34768	2.053307	3.375451
14610	-181.7131	-244.1961	62.48308	2.022386	2.714193
14616	-183.0301	-244.4267	61.3966	3.135204	2.69804
14622	-180.9653	-245.0459	64.08063	2.950514	0.8987009
14628	-179.6976	-244.0459	64.3483	2.61761	0.9689551
14634	-182.9462	-247.0265	64.08029	3.05233	0.7719546
14640	-176.5789	-240.3761	63.79723	3.219356	0.9149347
14646	-177.3597	-241.2871	63.9274	3.089188	0.9149347
14652	-180.0368	-243.4102	63.37333	3.738489	0.8005179
14658	-177.6092	-240.2397	62.6305	4.513951	0.7548075
14664	-173.4207	-233.8817	60.46097	5.909978	1.477318
14670	-167.6935	-230.9161	63.2226	3.828018	0.2507827
14676	-172.4233	-235.7567	63.33332	3.83256	0.3292118
14682	-169.2326	-231.5903	62.35768	4.233968	0.1226516
14688	-171.0137	-233.6286	62.61486	4.233968	0.1767491
14694	-174.5089	-237.7854	63.27646	3.850166	0.2964886
14700	-169.8813	-233.1577	63.27646	3.850166	0.2964886
14706	-169.7736	-233.3188	63.54518	3.579607	0.295153
14712	-175.6802	-239.3491	63.66892	3.455865	0.295153
14718	-184.4345	-248.1829	63.74835	3.455865	0.3745327
14724	-173.8565	-238.1537	64.29719	2.570502	1.065602
14730	-171.1156	-235.5037	64.38813	2.309634	1.21698
14736	-177.8966	-240.7267	62.83007	2.673263	2.082891
14742	-177.5079	-240.0287	62.5208	2.619841	2.31763
14748	-176.9621	-238.8245	61.8624	2.229591	2.965144
14754	-191.8719	-255.5283	63.65646	3.584088	0.5293373
14760	-191.9198	-253.3098	61.38994	4.389095	1.898763
14766	-189.1661	-253.3562	64.19015	2.574059	1.159619
14772	-188.5793	-247.8779	59.29866	2.12627	4.508156
14778	-183.5591	-246.1167	62.55755	2.949696	2.080317
14784	-178.0906	-241.61	63.51935	3.722599	0.5114459
14790	-188.7228	-250.5826	61.85982	4.397268	1.562172
14796	-183.5756	-247.0236	63.44805	3.301492	1.172459
14802	-181.6771	-245.4429	63.76579	2.99348	1.163956
14808	-176.5601	-241.0902	64.5301	2.58794	0.7921663
14814	-176.9203	-240.4031	63.4828	2.58794	1.696628
14820	-178.8958	-243.0918	64.19595	2.754804	0.9844817
14826	-181.0943	-244.6954	63.60113	3.36863	0.9649681
14832	-179.1711	-243.7833	64.6122	2.357557	0.9649681
14838	-176.2745	-240.2812	64.00663	2.571861	1.315563
14844	-168.4904	-231.8412	63.35085	2.445818	1.88678
14850	-179.0875	-240.879	61.7915	3.64767	2.124971
14856	-178.6625	-241.2277	62.56521	2.269802	2.510391
14862	-180.0463	-243.0223	62.97607	2.406906	2.161618
14868	-174.1535	-237.4932	63.33969	2.932957	1.550712
14874	-175.9179	-239.6811	63.7632	2.832528	1.301618
14880	-171.5087	-235.2201	63.7114	3.12228	1.097232
14886	-171.6798	-235.4989	63.81911	3.243916	0.8618016
14892	-174.3896	-238.3394	63.94982	3.285556	0.5607407
14898	-183.0806	-246.0651	62.98457	3.006124	1.752992
14904	-179.6022	-243.6366	64.03439	2.522369	1.333019
14910	-179.4947	-243.415	63.92028	3.119939	0.8883979
14916	-174.8374	-238.5428	63.70536	3.391362	0.2764427
14922	-172.6983	-236.7106	64.01228	3.03571	0.8794545
14928	-174.0163	-237.1093	63.09298	2.153476	2.249889
14934	-168.6974	-231.984	63.28665	3.931345	0.3978923
14940	-167.2997	-232.0541	64.75439	2.436785	0.6771931
14946	-167.9974	-232.5749	64.57746	2.547814	0.7822483
14952	-171.6246	-234.2775	62.65299	1.915328	2.675607
14958	-168.2645	-228.9012	60.63671	1.885605	3.885095
14964	-174.4217	-238.1674	63.74574	1.784084	2.065437
14970	-172.8306	-236.9665	64.13595	2.163684	1.530733
14976	-169.5641	-233.8909	64.32681	2.767763	0.8229779
14982	-176.2107	-239.749	63.5383	1.939293	2.099801
14988	-178.2456	-242.1574	63.9119	2.899498	1.117547
14994	-178.3882	-242.0969	63.70871	2.928931	1.267303
15000	-173.4785	-237.7073	64.22884	2.924226	0.7418225
15006	-174.5106	-238.7958	64.28519	2.867878	0.7418225
15012	-184.2176	-248.1986	63.98096	3.115788	0.8201945
15018	-184.3723	-248.4913	64.11899	2.786075	1.029849
15024	-180.6439	-244.521	63.87704	3.02803	1.029849
15030	-181.808	-245.3717	63.56363	3.092515	1.251958
15036	-179.8792	-243.6308	63.75158	2.600259	1.491724
15042	-170.5887	-234.8609	64.27222	2.861863	0.7698704
15048	-175.5562	-239.782	64.22582	2.986882	0.6314907
15054	-177.4461	-241.1361	63.69005	3.512516	0.6542998
15060	-175.3889	-238.4912	63.10226	2.527195	1.999363
15066	-176.169	-238.7517	62.58271	3.046744	1.999363
15072	-167.2202	-231.6354	64.41515	2.56984	0.9490172
15078	-166.6528	-230.7242	64.07141	2.566354	1.267204
15084	-171.1473	-235.8291	64.68186	1.955904	1.267204
15090	-176.5779	-239.7564	63.17856	4.063051	0.5174711
15096	-178.2626	-236.3106	58.04803	2.189485	5.170397
15102	-175.9128	-239.4405	63.52773	3.045433	1.31986
15108	-175.9032	-239.8122	63.90902	2.414924	1.512633
15114	-173.1532	-236.5179	63.36469	3.875729	0.4706854
15120	-173.6919	-237.8321	64.14016	2.005217	1.643363
15126	-177.7803	-241.8486	64.06826	3.085411	0.7408883
15132	-174.7282	-238.6477	63.91952	3.151322	0.8524127
15138	-179.7431	-243.7448	64.00171	3.003176	0.9277258
15144	-186.3995	-246.8397	60.44013	2.394545	3.705208
15150	-195.7163	-259.0146	63.29829	3.426028	1.194301
15156	-194.9592	-253.1462	58.18697	1.76261	5.329518
15162	-180.4628	-242.6651	62.2023	2.436033	2.632473
15168	-174.5376	-238.4787	63.94111	2.313536	1.563964
15174	-174.9666	-239.4095	64.44292	1.988019	1.431605
15180	-176.2291	-238.9677	62.73855	2.429681	2.30002
15186	-179.1679	-243.4	64.23202	2.942809	0.706665
15192	-177.0223	-239.7636	62.74128	3.575668	1.517849
15198	-174.9137	-238.1679	63.25417	1.694575	2.439125
15204	-171.6792	-233.4237	61.7445	3.840214	2.02912
15210	-176.9192	-239.5618	62.64265	4.175015	1.111864
15216	-174.9031	-238.6845	63.78148	3.264496	0.2484655
15222	-169.9812	-233.4522	63.47096	3.654929	0.2959454
15228	-175.3511	-238.5584	63.20734	3.855269	0.2569624
15234	-181.5378	-244.7393	63.2015	3.719966	0.1985247
15240	-187.6138	-252.0622	64.4484	2.603588	0.8748116
15246	-186.5445	-250.3095	63.76494	3.093568	1.074222
15252	-189.668	-253.4132	63.74517	3.495703	0.4745943
15258	-189.5056	-253.7153	64.20975	2.98989	0.3679436
15264	-182.1151	-246.1428	64.02771	3.153386	0.6957363
15270	-188.6037	-252.4495	63.8458	3.391185	0.4506065
15276	-188.1153	-251.2223	63.10704	3.736536	0.1753209
15282	-188.2985	-251.1766	62.87804	3.590334	1.402682
15288	-198.1595	-256.8047	58.64519	5.476374	2.94735
15294	-186.3073	-250.4935	64.18618	2.727529	1.021417
15300	-185.3722	-247.9429	62.57074	2.635006	2.276019
15306	-180.7559	-243.3108	62.55485	2.416099	2.42515
15312	-181.8525	-245.0729	63.22034	2.657147	1.831505
15318	-179.8652	-242.494	62.62878	1.818373	2.749881
15324	-195.1309	-254.676	59.54508	4.041804	3.266024
15330	-186.1245	-248.2876	62.16316	2.283987	2.749881
15336	-187.3266	-251.2862	63.95961	1.684243	1.989756
15342	-190.0892	-251.5218	61.43253	2.996163	2.761154
15348	-185.3895	-249.2952	63.90574	1.591909	2.08663
15354	-186.482	-247.1256	60.64354	1.985546	3.823749
15360	-182.3731	-244.5909	62.21779	1.456848	3.214137
15366	-185.0768	-247.3024	62.22555	0.9607378	3.50107
15372	-180.3457	-240.84	60.49424	1.573612	4.14466
15378	-186.9066	-251.2539	64.34729	2.23809	1.309998
15384	-190.4871	-251.9243	61.43717	2.185554	3.24485
15390	-180.5466	-245.0388	64.49224	1.820608	1.520906
15396	-186.3671	-251.0244	64.65724	2.58315	0.5307652
15402	-188.1419	-251.8871	63.74518	2.212922	1.775735
15408	-189.939	-254.3746	64.43565	2.670966	0.8074083
15414	-192.5034	-253.524	61.02065	1.592957	3.832652
15420	-186.5328	-250.6606	64.12777	2.646899	1.150401
15426	-182.3652	-246.3935	64.02832	2.74634	1.150401
15432	-184.6367	-247.8887	63.252	3.773479	0.905067
15438	-182.2023	-245.8305	63.62815	2.46066	1.683801
15444	-181.8658	-244.4948	62.62893	4.412725	0.2463526
15450	-175.2861	-239.424	64.13792	3.048502	0.6861115
15456	-179.3599	-243.0306	63.67073	1.944209	2.009039
15462	-171.7209	-234.798	63.07711	2.232245	2.20935
15468	-170.2793	-234.9283	64.64898	2.181553	1.100123
15474	-171.9542	-236.1632	64.20899	2.570984	1.145701
15480	-179.9489	-242.8999	62.95093	2.774886	1.934761
15486	-176.7916	-240.9731	64.18154	2.605137	1.139736
15492	-174.3657	-238.3386	63.97288	2.920396	1.041255
15498	-179.8236	-244.6405	64.81685	2.42225	0.4616307
15504	-188.4255	-252.1504	63.72489	2.67425	1.455933
15510	-192.9855	-257.579	64.59347	2.20096	1.132814
15516	-186.9418	-248.8934	61.95159	1.640003	3.263239
15522	-188.095	-252.2069	64.11185	2.254659	1.480667
15528	-186.1126	-249.4658	63.35325	3.848129	0.6568104
15534	-198.3193	-262.017	63.69773	3.23163	1.005981
15540	-191.2453	-254.8888	63.64349	3.476517	0.7894946
15546	-190.0339	-254.2698	64.23598	2.985023	0.6101615
15552	-188.5851	-252.7497	64.16456	2.682538	1.084846
15558	-187.2972	-251.9283	64.6311	2.216002	1.084846
15564	-190.1455	-253.2363	63.09081	3.675461	1.157803
15570	-192.9781	-255.6086	62.63053	2.144304	2.547892
15576	-187.8735	-249.7042	61.83065	3.805483	1.994913
15582	-182.9129	-246.5307	63.61776	2.894716	1.368176
15588	-185.0802	-248.3767	63.29651	3.938989	0.4442848
15594	-184.4665	-248.0255	63.55897	3.595077	0.3183456
15600	-191.7493	-252.037	60.28771	6.95189	0.5369883
15606	-184.1945	-245.7735	61.57895	4.806514	1.466327
15612	-179.0722	-242.9068	63.83468	3.1578	0.9410664
15618	-176.3361	-240.803	64.46683	2.321103	1.138616
15624	-182.3331	-246.0812	63.74814	2.143274	1.821917
15630	-182.4001	-246.0308	63.6307	2.38217	1.737453
15636	-184.9759	-248.7777	63.80174	2.309336	1.667934
15642	-186.0044	-250.2213	64.21692	2.986503	0.3733603
15648	-183.7681	-248.6189	64.85079	2.245483	0.8208087
15654	-185.2657	-247.4025	62.13688	1.9655	2.958896
15660	-177.4588	-241.2703	63.81146	2.479386	1.537253
15666	-181.8153	-244.1899	62.37465	2.032814	2.774109
15672	-177.4349	-241.216	63.78117	3.441998	0.6040294
15678	-176.7294	-240.5968	63.86739	3.348741	0.6230418
15684	-196.1729	-251.39	55.21706	1.376312	7.154888
15690	-188.6833	-250.1346	61.45137	1.218278	3.800408
15696	-181.382	-242.9556	61.57357	1.849385	3.362548
15702	-181.9534	-243.23	61.27653	2.146424	3.362548
15708	-185.5853	-249.2375	63.65227	3.56956	0.6078482
15714	-185.9421	-249.7098	63.76772	3.145597	1.021801
15720	-177.3502	-241.402	64.05175	2.616138	1.242158
15726	-176.8596	-240.4456	63.58605	3.197328	1.142675
15732	-179.0725	-242.425	63.35242	3.347556	1.215106
15738	-178.3804	-241.7355	63.3551	2.637869	1.751398
15744	-174.0644	-238.5063	64.44196	2.201357	1.26261
15750	-182.9071	-246.3703	63.46325	3.748319	0.3862207
15756	-178.3871	-242.2799	63.89272	3.320243	0.6308736
15762	-177.8562	-240.7925	62.93635	4.010812	0.2072986
15768	-178.3135	-241.2284	62.91489	4.135799	0.2508185
15774	-170.9833	-234.1811	63.19784	3.852857	0.2508185
15780	-172.3041	-235.5477	63.2436	3.852983	0.2763566
15786	-171.1312	-234.6407	63.50959	3.581211	0.2728376
15792	-197.1332	-260.6092	63.47609	3.519048	0.9382295
15798	-189.8505	-252.9511	63.10065	3.391	1.384534
15804	-177.4344	-241.3949	63.96052	3.251711	0.632612
15810	-177.4311	-241.8405	64.40931	2.828239	0.5498202
15816	-177.709	-240.8412	63.13222	2.189636	2.201264
15822	-179.7358	-243.1087	63.37282	1.949043	2.201264
15828	-179.0952	-243.7169	64.62171	2.528877	0.7456005
15834	-182.6093	-246.922	64.31268	2.832901	0.7531222
15840	-179.7934	-243.448	63.65456	3.458131	0.7993536
15846	-180.8241	-243.7894	62.96527	4.258272	0.409506
15852	-178.6236	-242.2384	63.6148	3.593886	0.3814579
15858	-177.3186	-240.6865	63.36791	3.8596	0.5907077
15864	-181.6469	-246.359	64.71213	2.51992	0.5746952
15870	-187.1032	-250.1937	63.09044	3.814989	1.0295
15876	-176.7195	-240.0338	63.31422	3.922195	0.4480982
15882	-177.0939	-240.4506	63.35672	3.655335	0.2327463
15888	-180.4539	-244.1745	63.72058	2.900257	1.281133
15894	-182.4495	-246.0371	63.58764	2.290404	1.831119
15900	-182.5971	-246.5881	63.99099	2.547894	1.34728
15906	-189.1956	-252.6276	63.43193	3.751848	0.6909381
15912	-174.0508	-237.365	63.3142	3.925385	0.5371109
15918	-181.9728	-244.9579	62.98506	4.123489	0.8048609
15924	-182.2224	-244.3817	62.1593	2.313546	2.734168
15930	-180.1895	-243.4373	63.2478	2.688806	1.790668
15936	-176.9339	-240.6482	63.71435	2.677522	1.461463
15942	-179.6323	-244.1024	64.47009	2.127229	1.300327
15948	-177.7666	-241.4701	63.70357	2.644907	1.494252
15954	-181.7917	-245.1086	63.3169	3.806514	0.7848137
15960	-180.9368	-244.0716	63.13482	2.83233	1.769432
15966	-186.32	-249.0284	62.70837	4.16734	1.058028
15972	-186.7227	-250.1807	63.458	3.683791	0.7587219
15978	-185.8819	-248.8664	62.98448	4.157316	0.7587219
15984	-183.9697	-248.6022	64.63257	2.509219	0.7587219
15990	-190.0899	-252.8172	62.72727	4.414522	0.7587219
15996	-182.9588	-245.795	62.83626	4.211583	0.8796311
16002	-182.283	-246.6144	64.33145	2.879654	0.6352935
16008	-178.399	-242.4879	64.08892	3.023757	0.7993818
16014	-180.9868	-238.2212	57.23436	3.359184	4.972906
16020	-186.2888	-248.2677	61.97883	4.005587	1.757384
16026	-186.9913	-249.8061	62.81478	4.427198	0.5109039
16032	-181.868	-243.1649	61.29694	3.955875	2.245802
16038	-180.3091	-243.1556	62.84648	3.330581	1.620519
16044	-179.5948	-242.8156	63.22087	3.312054	1.352015
16050	-180.0733	-244.1956	64.12236	2.579581	1.213433
16056	-186.6699	-249.5713	62.90136	2.734267	1.995251
16062	-177.0311	-240.0271	62.99607	2.742791	1.925963
16068	-181.7788	-243.3145	61.53575	3.064165	2.65616
16074	-175.3527	-238.4529	63.1002	2.480879	2.031532
16080	-178.6251	-243.5609	64.93584	2.047575	0.9506819
16086	-177.614	-242.7562	65.14222	1.841191	0.9506819
16092	-174.3773	-238.3593	63.98206	2.717546	1.215421
16098	-176.7462	-238.8184	62.07226	1.924845	3.022103
16104	-172.752	-236.1851	63.43306	3.128563	1.329125
16110	-171.6439	-236.0694	64.42541	2.091979	1.364304
16116	-175.0545	-239.2139	64.1594	3.020186	0.6984115
16122	-173.6712	-238.4468	64.77557	2.384845	0.324069
16128	-173.4229	-237.8435	64.42057	2.725955	0.3119342
16134	-176.1658	-240.6538	64.48796	2.725955	0.6285431
16140	-166.8049	-230.1602	63.35535	2.430819	1.893915
16146	-169.8027	-232.869	63.06629	1.522543	2.662988
16152	-169.8386	-233.6078	63.76919	1.746325	2.074869
16158	-170.8371	-235.1324	64.2953	2.885304	0.3443974
16164	-169.9139	-234.2386	64.32475	2.543916	1.06468
16170	-178.1672	-242.718	64.55083	2.31784	1.06468
16176	-181.5193	-244.8235	63.3042	2.107548	2.142879
16182	-171.2755	-235.0789	63.80342	2.089377	1.820958
16188	-177.3525	-240.532	63.1795	3.418843	1.299491
16194	-180.1896	-244.4705	64.28087	2.765065	0.2484474
16200	-177.4671	-241.0695	63.6024	3.159202	0.1551293
16206	-177.3524	-240.9685	63.61611	3.582262	0.3661839
16212	-184.1723	-244.9934	60.8211	2.449083	3.452076
16218	-182.2382	-246.0633	63.82513	3.408697	0.5675757
16224	-175.5499	-239.5611	64.01126	3.198603	0.3833789
16230	-174.9275	-238.8135	63.88596	3.17564	0.8634975
16236	-173.5198	-236.4403	62.92055	3.36115	1.544022
16242	-171.8545	-235.5657	63.7112	2.870233	1.313188
16248	-175.1952	-237.7205	62.52535	4.676702	0.6553889
16254	-174.236	-238.9153	64.67928	2.522771	0.6553889
16260	-169.4672	-233.3868	63.91964	3.043372	0.9719413
16266	-175.7919	-239.7891	63.99724	3.093436	0.8279151
16272	-176.3678	-240.1557	63.7879	3.415592	0.6523292
16278	-171.532	-235.1788	63.64679	3.511387	0.3220213
16284	-171.8036	-235.787	63.98339	3.186242	0.7154213
16290	-174.7657	-237.3044	62.53874	1.586467	2.945152
16296	-173.9758	-236.719	62.74326	1.381956	2.945152
16302	-176.7686	-238.4468	61.67824	1.377723	3.576949
16308	-179.8104	-243.1255	63.31503	2.000916	2.205087
16314	-176.766	-240.3648	63.59886	3.299817	1.036047
16320	-181.5867	-244.8324	63.24566	1.855033	2.343059
16326	-173.9557	-237.5297	63.57402	1.730547	2.212446
16332	-173.8552	-235.9808	62.12553	1.49076	3.248654
16338	-181.4785	-241.1158	59.63728	1.711633	4.550881
16344	-178.8456	-242.9148	64.06923	1.581038	1.985471
16350	-176.5161	-240.0124	63.49633	1.53228	2.388757
16356	-183.4601	-239.2284	55.76824	1.53228	6.773963
16362	-184.0161	-243.6574	59.64134	1.499175	4.667761
16368	-186.9341	-242.3313	55.39721	1.853414	6.800894
16374	-190.5901	-252.7505	62.16046	3.324134	2.095206
16380	-190.9906	-253.2965	62.30588	1.25967	3.278615
16386	-188.8072	-252.8238	64.0166	2.945302	0.973088
16392	-181.1756	-244.2728	63.0972	2.642383	1.925474
16398	-183.3194	-246.5153	63.19588	3.076892	1.550616
16404	-192.3157	-255.9832	63.66754	3.54663	0.6279333
16410	-186.6555	-249.3288	62.67329	2.607924	2.227512
16416	-184.056	-247.1778	63.1218	2.314299	2.12698
16422	-175.5634	-239.1945	63.63114	1.804955	2.12698
16428	-175.5717	-238.9312	63.35955	2.076549	2.12698
16434	-183.733	-245.9066	62.17361	3.568547	1.923733
16440	-187.3491	-250.3185	62.96938	4.143011	0.7997581
16446	-181.0016	-244.0816	63.07999	4.161233	0.4781355
16452	-186.5796	-248.7656	62.18599	4.832917	0.235765
16458	-183.4994	-246.5836	63.08425	4.155231	0.4639601
16464	-182.7586	-245.8173	63.05861	4.155231	0.390159
16470	-190.4894	-254.113	63.62361	2.53411	1.63448
16476	-196.8385	-259.5268	62.68833	2.433315	2.329731
16482	-189.9152	-251.0447	61.1295	5.346413	1.396824
16488	-188.9432	-250.3147	61.37147	5.040016	1.446514
16494	-180.0928	-244.3014	64.20862	2.91266	0.7877497
16500	-196.6126	-259.2876	62.67501	4.330678	0.9268576
16506	-192.2792	-255.0914	62.81223	4.159005	0.9634364
16512	-179.4794	-242.0252	62.5458	3.763861	1.52328
16518	-171.3855	-235.2311	63.84554	3.142282	0.9460195
16524	-175.3591	-238.9207	63.56163	3.504052	0.858619
16530	-178.3931	-242.1097	63.71663	3.515006	0.4307876
16536	-176.1619	-239.9739	63.81202	3.261034	0.8497379
16542	-179.2571	-243.1447	63.88759	3.115039	0.9301649
16548	-177.9072	-241.1881	63.28093	3.013458	1.534628
16554	-180.3999	-241.8379	61.43798	1.996907	3.35554
16560	-180.6447	-244.394	63.74925	2.032745	1.896754
16566	-179.6167	-242.9992	63.38249	2.414	1.886897
16572	-180.3367	-244.9561	64.61945	2.519555	0.7627801
16578	-182.0472	-246.8522	64.80505	2.209769	0.9168803
16584	-175.1761	-239.8712	64.69503	2.226024	1.014197
16590	-185.1458	-249.1411	63.99539	2.434234	1.432617
16596	-185.9281	-250.4588	64.53074	2.434234	0.9699185
16602	-184.039	-247.8071	63.76811	2.21981	1.754935
16608	-188.6634	-250.7367	62.07333	3.208063	2.227395
16614	-175.3523	-238.9654	63.61314	2.104449	1.940308
16620	-179.8172	-242.9648	63.14757	3.994221	0.7587255
16626	-182.3567	-242.7213	60.36462	5.947618	1.52136
16632	-174.4389	-235.3702	60.93133	2.438998	3.393435
16638	-175.1913	-239.3909	64.19954	2.963682	0.7258912
16644	-177.8306	-242.1876	64.35696	2.831495	0.6823257
16650	-181.0503	-245.0203	63.97007	3.211605	0.694707
16656	-177.2928	-241.3128	64.02001	2.948079	0.9666988
16662	-176.9782	-241.595	64.61681	1.977661	1.302641
16668	-178.2206	-239.624	61.40338	3.35773	2.55643
16674	-170.5839	-234.111	63.52709	2.250564	1.8997
16680	-171.3558	-235.6821	64.3263	2.455754	1.143849
16686	-171.0983	-234.3637	63.26542	2.215271	2.097769
16692	-175.092	-239.9455	64.85347	2.343753	0.6653282
16698	-177.7274	-241.4606	63.73315	3.242129	0.9592248
16704	-171.4284	-236.0459	64.61749	2.44033	0.8679686
16710	-176.0776	-239.9448	63.86726	3.026672	1.040618
16716	-181.4609	-245.4869	64.02604	3.026672	0.8739628
16722	-173.5689	-236.5105	62.94156	3.026672	1.768674
16728	-166.4879	-230.1941	63.70616	2.803058	1.370744
16734	-169.2782	-231.931	62.65285	2.996178	1.986301
16740	-168.4557	-229.2932	60.83746	2.819895	3.22437
16746	-169.7501	-233.3014	63.55131	2.78838	1.500848
16752	-162.5622	-226.1704	63.60824	2.708767	1.517805
16758	-167.9346	-232.4779	64.54327	2.511188	0.871915
16764	-168.9821	-231.2157	62.23367	3.724841	1.775448
16770	-166.2429	-229.9083	63.66546	2.293027	1.775462
16776	-166.9557	-230.8775	63.92177	2.520978	1.422518
16782	-164.1226	-228.4542	64.33168	2.463557	1.132096
16788	-174.6252	-237.4964	62.87115	2.008046	2.482769
16794	-170.7751	-234.709	63.93385	2.553069	1.388238
16800	-170.8861	-234.1036	63.21755	2.607821	1.867213
16806	-177.237	-240.165	62.92805	2.523072	2.117149
16812	-175.183	-239.3739	64.19084	2.7768	0.9671685
16818	-177.5128	-239.3793	61.8665	3.79881	1.975408
16824	-171.9181	-235.9721	64.05402	2.711145	1.158778
16830	-170.4119	-234.4483	64.03644	2.574973	1.288844
16836	-174.5006	-237.1888	62.68822	3.662972	1.492207
16842	-170.2861	-234.7994	64.51335	2.590098	0.8115531
16848	-169.7283	-234.3762	64.6479	1.9107	1.331551
16854	-172.7133	-237.6785	64.96518	1.925432	1.043809
16860	-170.8904	-234.8976	64.00722	2.688461	1.218753
16866	-173.3536	-237.4238	64.07021	2.625464	1.218753
16872	-177.6854	-242.115	64.42955	2.785549	0.6256337
16878	-179.8552	-243.5655	63.7103	3.518682	0.5857969
16884	-180.0239	-241.267	61.24307	3.677396	2.456897
16890	-180.3299	-244.2635	63.93356	3.258401	0.6756791
16896	-184.3346	-248.5799	64.24526	2.952695	0.6638477
16902	-178.315	-241.6724	63.35733	3.781081	0.3053924
16908	-170.9439	-234.4857	63.54177	3.665304	0.3789026
16914	-172.2985	-235.6431	63.34455	3.862528	0.3789026
16920	-172.517	-236.6887	64.17171	2.534304	1.209964
16926	-171.4237	-235.3413	63.91765	2.112955	1.724986
16932	-172.3813	-234.6026	62.22125	2.069593	2.845045
16938	-176.127	-239.0163	62.88932	2.131299	2.39381
16944	-167.8526	-231.9204	64.06788	2.149394	1.591321
16950	-163.5229	-227.9418	64.41889	2.466757	1.048563
16956	-163.0006	-227.8145	64.81391	2.071739	1.048563
16962	-162.8105	-227.4401	64.62954	2.597744	0.5914201
16968	-172.0814	-236.0525	63.9711	2.644166	1.285696
16974	-174.8779	-239.2169	64.33906	2.276207	1.285696
16980	-171.0711	-233.816	62.74495	2.405935	2.311099
16986	-173.4011	-236.2877	62.88658	2.549516	2.126984
16992	-180.9465	-243.5015	62.55503	3.487676	1.716455
16998	-176.6117	-240.7062	64.0945	2.978604	0.8496798
17004	-169.6255	-233.7273	64.10177	3.138169	0.5344446
17010	-176.4863	-235.8948	59.40851	3.688834	3.552884
17016	-178.3633	-242.0516	63.68827	3.55393	0.5015572
17022	-178.5007	-242.7152	64.21453	2.296965	1.36895
17028	-175.8412	-239.652	63.81074	3.428777	0.4642235
17034	-177.3647	-239.6316	62.26694	2.855538	2.3292
17040	-183.4348	-243.1203	59.6855	5.436976	2.3292
17046	-178.3852	-240.531	62.14583	3.283237	2.131577
17052	-174.3661	-237.0521	62.68607	2.619447	2.211826
17058	-180.7909	-244.9644	64.17352	3.063193	0.5542603
17064	-178.5825	-240.1274	61.54484	1.946624	3.322271
17070	-179.6184	-241.3224	61.70398	2.111092	3.130786
17076	-178.7822	-241.0109	62.22869	2.56807	2.534244
17082	-177.6322	-239.5069	61.87473	2.381691	2.865908
17088	-181.131	-244.9006	63.76964	2.59481	1.482226
17094	-191.6421	-250.9741	59.33203	6.470209	0.04797022
17100	-182.4989	-245.3443	62.84548	2.530306	2.166292
17106	-170.493	-233.8186	63.32566	2.05013	2.166292
17112	-165.8618	-228.4648	62.603	1.146414	3.169807
17118	-167.3624	-231.4131	64.05069	1.891841	1.786554
17124	-172.3274	-234.4627	62.13535	3.150078	2.224796
17130	-171.665	-234.1477	62.48272	2.695757	2.293475
17136	-174.4196	-238.8273	64.40767	2.698014	0.8086269
17142	-182.131	-245.8383	63.70726	3.530191	0.5503702
17148	-182.3081	-246.2625	63.95437	3.287385	0.4851273
17154	-180.9798	-245.6211	64.64126	2.288566	1.005518
17160	-184.356	-248.5816	64.22559	2.260274	1.389062
17166	-177.3481	-241.5461	64.19797	3.036645	0.5641668
17172	-177.5058	-241.1262	63.6204	2.205807	1.866648
17178	-170.0887	-233.9084	63.81975	3.26651	0.8334664
17184	-170.2382	-233.8604	63.62215	3.140951	1.160591
17190	-166.3415	-230.4072	64.06564	3.140951	0.6455681
17196	-170.8356	-235.0655	64.22991	2.758253	0.9456545
17202	-175.004	-239.046	64.04199	2.540586	1.312264
17208	-171.1128	-234.8169	63.70417	3.448879	0.741847
17214	-176.4172	-240.8873	64.47016	2.768952	0.5403571
17220	-182.6986	-242.5559	59.85724	4.998932	2.497168
17226	-180.7592	-243.8671	63.10797	3.455156	1.327919
17232	-176.6974	-240.5971	63.89964	3.308598	0.6418773
17238	-178.3828	-238.9023	60.51948	3.753851	2.855665
17244	-174.6386	-238.4596	63.82098	3.107257	1.007091
17250	-172.1134	-236.4974	64.38397	2.594124	0.9562758
17256	-173.4493	-236.7498	63.30049	2.432954	1.929617
17262	-174.7342	-236.9329	62.19865	2.859261	2.370212
17268	-169.4401	-234.3021	64.86206	2.262812	0.7828019
17274	-175.6056	-239.0925	63.48689	3.750851	0.548774
17280	-176.2901	-239.3941	63.10405	3.857827	0.9731108
17286	-175.0288	-237.4556	62.42673	3.215126	1.991093
17292	-176.575	-239.6952	63.12026	3.294131	1.44429
17298	-176.3712	-240.8143	64.4431	2.090488	1.351486
17304	-175.5366	-239.4572	63.92057	2.35882	1.545734
17310	-175.5717	-240.2165	64.64477	2.35882	0.929124
17316	-182.6586	-246.32	63.66137	2.534113	1.607173
17322	-177.8049	-242.1919	64.38701	2.618843	0.9266748
17328	-177.6279	-240.9672	63.33926	2.568084	1.810922
17334	-178.0949	-242.1398	64.04484	1.438554	2.095996
17340	-181.7081	-244.1852	62.47712	2.680146	2.307024
17346	-180.5995	-245.0246	64.42502	2.627699	0.8739514
17352	-187.4574	-246.3862	58.9288	1.428178	5.104224
17358	-188.1176	-250.7891	62.67155	1.342373	3.012019
17364	-200.0173	-262.9062	62.88889	2.229454	2.331832
17370	-182.3405	-245.2973	62.95677	1.382573	2.815592
17376	-173.9557	-238.0334	64.07769	1.32572	2.148313
17382	-176.7767	-240.8142	64.03749	2.271255	1.523965
17388	-176.9421	-241.8489	64.90679	2.087633	0.9389925
17394	-179.9278	-243.8721	63.94435	1.531216	2.101134
17400	-177.6716	-242.3095	64.6379	2.502009	0.7614684
17406	-176.5031	-239.3983	62.89519	3.99075	1.048289
17412	-182.081	-245.4966	63.4156	3.232063	1.259008
17418	-180.8566	-244.1318	63.27517	3.372489	1.259008
17424	-181.5146	-245.0261	63.51142	3.145157	1.2516
17430	-183.8492	-247.5112	63.66194	3.310924	0.9617391
17436	-176.4505	-240.1376	63.6871	3.455364	0.7577311
17442	-183.9405	-248.5625	64.62202	2.570684	0.3587262
17448	-186.4272	-249.5742	63.14694	4.092151	0.540511
17454	-178.5132	-241.8956	63.3824	3.821965	0.650446
17460	-181.8642	-246.3929	64.52872	2.675647	0.650446
17466	-176.8872	-241.5283	64.64116	2.599948	0.476934
17472	-178.4893	-240.7487	62.25938	3.17625	2.127288
17478	-182.4104	-244.4294	62.01893	1.491528	3.31109
17484	-185.5136	-248.8349	63.32126	2.62958	1.780784
17490	-186.301	-249.6963	63.39531	2.555531	1.780784
17496	-187.9396	-248.8978	60.95817	2.801867	3.163496
17502	-186.3487	-247.6947	61.34602	2.922511	2.858572
17508	-184.5981	-247.7878	63.18968	3.191377	1.46967
17514	-184.6036	-248.1618	63.55828	1.726749	2.225056
17520	-190.5478	-254.0075	63.45976	2.516529	1.76306
17526	-187.7966	-251.9629	64.16635	1.985392	1.638784
17532	-195.3399	-258.2244	62.88449	4.351018	0.5601355
17538	-196.7921	-260.7283	63.93616	2.596269	1.352401
17544	-199.7966	-258.321	58.52438	3.82208	3.985818
17550	-191.5997	-255.6652	64.06556	2.799606	1.067977
17556	-190.4153	-253.5414	63.12611	3.837718	0.2133487
17562	-188.071	-251.0169	62.94591	3.911368	0.1790811
17568	-183.8135	-247.0876	63.27412	3.583157	0.1790811
17574	-179.3966	-243.472	64.07537	3.059967	0.3030024
17580	-180.2204	-244.6877	64.46734	2.758412	0.596263
17586	-172.3923	-236.963	64.57063	2.621491	0.675375
17592	-176.9386	-239.4242	62.48557	1.886115	2.795912
17598	-174.7507	-237.3155	62.56487	1.806822	2.795912
17604	-174.2825	-238.203	63.92056	2.708967	1.27399
17610	-175.9493	-238.7679	62.81862	2.364566	2.290461
17616	-178.6504	-242.5501	63.89974	3.176585	0.8457478
17622	-179.8804	-244.5854	64.70508	2.118532	1.10645
17628	-188.2384	-250.5453	62.30683	2.920244	2.262342
17634	-182.8272	-246.3017	63.47442	2.479685	1.778514
17640	-184.0104	-247.644	63.63355	2.742453	1.473492
17646	-192.517	-252.7641	60.24707	1.643667	4.245204
17652	-184.0237	-246.9903	62.96658	2.342019	2.209836
17658	-185.5906	-247.9181	62.32756	2.981046	2.209836
17664	-191.4233	-255.2692	63.84581	2.543039	1.463753
17670	-182.6595	-244.6872	62.02777	4.092086	1.661655
17676	-180.3854	-244.1094	63.72399	2.101805	1.866929
17682	-173.1895	-237.1411	63.95161	2.479216	1.431697
17688	-173.977	-237.2561	63.27917	3.24486	1.359057
17694	-170.2628	-234.0662	63.80341	2.46397	1.554594
17700	-178.3967	-243.038	64.6413	2.449979	0.8271538
17706	-180.9584	-245.2945	64.3361	2.900466	0.4487589
17712	-178.6521	-243.2846	64.63245	2.298949	1.003949
17718	-179.8476	-243.7589	63.91125	2.387737	1.531216
17724	-176.8344	-240.8434	64.00899	3.072322	0.8396218
17730	-170.005	-234.6169	64.61183	2.461691	0.8491731
17736	-177.5598	-239.093	61.53324	2.794674	2.82254
17742	-179.5539	-241.9399	62.38595	3.26586	1.984444
17748	-178.1678	-241.5316	63.36381	2.844126	1.598122
17754	-175.0996	-238.3279	63.22824	4.002432	0.4278576
17760	-175.1509	-238.14	62.98905	4.191757	0.3446264
17766	-181.5983	-244.2086	62.61027	4.191757	1.126001
17772	-174.3259	-234.9994	60.67343	4.015372	2.601278
17778	-180.5289	-243.6894	63.16051	3.985204	0.7529325
17784	-172.9155	-236.2688	63.35323	3.882716	0.5580427
17790	-171.8868	-235.3224	63.43568	3.799358	0.4424923
17796	-178.8379	-242.5199	63.68203	3.465555	0.7501386
17802	-182.6787	-246.4037	63.72496	2.449528	1.622382
17808	-182.3306	-246.5429	64.2123	2.762332	0.9598996
17814	-180.0544	-243.9917	63.93734	2.754598	1.221925
17820	-183.3497	-246.8383	63.48865	3.141649	1.273355
17826	-193.0662	-254.3548	61.28858	4.979799	1.553862
17832	-173.0161	-236.2214	63.20525	3.899038	0.8104583
17838	-173.2811	-236.5321	63.25098	1.813014	2.366354
17844	-176.8905	-239.5333	62.64279	1.677923	2.826915
17850	-179.4462	-240.3173	60.87114	3.449571	2.826915
17856	-179.4279	-243.091	63.66318	3.449571	0.7992749
17862	-176.9668	-240.6938	63.72708	2.933384	1.248365
17868	-174.4026	-238.5486	64.14597	3.092451	0.4577427
17874	-174.1295	-238.3609	64.23138	2.86656	0.8186754
17880	-171.6788	-236.0258	64.34701	2.802198	0.747692
17886	-181.4856	-245.2209	63.73533	3.506482	0.5142311
17892	-183.1517	-247.5515	64.39984	2.620005	0.9113312
17898	-180.7873	-243.9614	63.17408	2.837123	1.738626
17904	-183.3116	-246.5583	63.24665	3.796581	0.8849479
17910	-186.0382	-249.566	63.52772	2.285957	1.875193
17916	-185.1678	-249.2927	64.12487	2.378602	1.375265
17922	-176.6984	-240.9183	64.21986	2.86568	0.8343712
17928	-175.3116	-239.7519	64.44023	2.540287	0.9537313
17934	-183.003	-246.9642	63.9612	3.039582	0.9321615
17940	-187.0266	-250.1506	63.12408	4.066152	0.3556272
17946	-179.5051	-240.5038	60.99861	4.066152	2.365869
17952	-179.0986	-241.128	62.02946	3.710218	1.925406
17958	-180.8039	-242.7371	61.93316	2.33473	2.85896
17964	-181.0775	-244.8337	63.75622	3.152178	1.026607
17970	-178.0347	-240.5319	62.49714	2.450864	2.439593
17976	-172.6704	-235.4561	62.7857	2.043785	2.513839
17982	-178.6216	-241.9821	63.36054	3.666684	0.903112
17988	-182.4188	-245.2089	62.7901	3.041371	1.863049
17994	-184.3578	-247.3	62.94218	3.510773	1.41464
18000	-185.6206	-249.6002	63.97959	2.473357	1.41464
18006	-183.8875	-248.45	64.5625	2.439523	0.9308227
18012	-183.7446	-247.761	64.01635	2.328298	1.497128
18018	-185.9348	-249.8127	63.87795	2.28072	1.633794
18024	-181.7552	-245.8386	64.08346	3.057623	0.7597638
18030	-179.0297	-241.6625	62.63271	4.594427	0.5919007
18036	-171.8419	-236.2406	64.39866	2.814595	0.3891262
18042	-173.8959	-237.1736	63.27771	3.926108	0.3739492
18048	-171.3836	-235.2657	63.88206	3.359967	0.5096293
18054	-168.0846	-232.2405	64.15584	3.024339	0.3439365
18060	-168.6019	-232.6135	64.01166	2.55922	1.321694
18066	-171.3334	-234.1194	62.78602	3.325016	1.667961
18072	-175.9886	-239.4566	63.46798	3.043812	1.36872
18078	-176.7742	-240.241	63.46675	3.418563	1.048887
18084	-175.3971	-238.4552	63.05813	3.550125	1.291423
18090	-173.3821	-236.5362	63.15419	3.579463	1.186253
18096	-181.0372	-244.3393	63.30213	3.648108	0.985
18102	-178.7149	-241.8842	63.16929	3.215694	1.466691
18108	-179.2279	-239.4374	60.20958	2.64291	3.694912
18114	-179.5851	-239.7159	60.13077	2.721723	3.694912
18120	-189.6851	-252.3494	62.66429	4.464883	0.2983551
18126	-189.642	-253.212	63.56994	3.559231	0.2983551
18132	-190.5199	-254.0983	63.57837	3.577025	0.3195373
18138	-184.0149	-248.1433	64.12838	2.299761	1.433752
18144	-183.6018	-245.6603	62.05848	1.78885	3.11158
18150	-185.9989	-248.3792	62.38027	1.707466	2.967704
18156	-185.3528	-247.1761	61.82329	2.347556	2.917645
18162	-186.9776	-249.4018	62.42422	2.867824	2.220531
18168	-187.8913	-252.0871	64.19577	2.460793	1.251616
18174	-186.2878	-247.3318	61.04404	3.613126	2.620842
18180	-189.4709	-251.3737	61.90284	5.300805	0.3736863
18186	-192.146	-254.0488	61.90284	5.300805	0.3736863
18192	-192.2015	-255.3587	63.15719	1.818311	2.422283
18198	-188.0926	-249.5929	61.50026	3.716747	2.2688
18204	-195.7261	-255.1517	59.42558	6.812736	1.575951
18210	-182.7315	-246.7809	64.04932	2.680174	1.189838
18216	-184.4336	-242.825	58.39139	2.631927	4.733332
18222	-184.817	-246.2335	61.41654	5.109194	1.357707
18228	-188.872	-248.8084	59.93639	6.773849	1.206361
18234	-177.8478	-242.6297	64.78186	2.116745	1.036117
18240	-181.1271	-242.6714	61.5443	2.412293	3.046351
18246	-183.3045	-246.985	63.68058	2.529341	1.596682
18252	-195.3144	-258.5099	63.19551	2.713122	1.810032
18258	-188.8207	-251.9405	63.11977	2.606346	1.934556
18264	-189.2285	-250.2076	60.9791	5.060131	1.718908
18270	-187.2711	-250.5943	63.32318	3.30769	1.272884
18276	-180.0787	-243.6214	63.54273	3.662876	0.6477559
18282	-184.5348	-248.2793	63.74451	3.13938	1.050241
18288	-184.7442	-248.6274	63.88315	2.504779	1.464455
18294	-177.9873	-240.8525	62.86518	4.017849	0.1864983
18300	-184.1075	-247.0895	62.98201	3.88224	0.1810429
18306	-185.585	-249.1217	63.53669	3.705515	0.5011541
18312	-181.937	-245.0005	63.06347	4.053864	0.7931157
18318	-184.373	-246.6263	62.25328	1.777348	3.002005
18324	-185.0019	-247.8256	62.82363	3.444608	1.55396
18330	-177.816	-241.7704	63.95438	3.182627	0.7656823
18336	-178.9198	-241.2171	62.29731	2.246658	2.690572
18342	-186.6677	-250.5113	63.84358	3.323763	0.7191894
18348	-183.4165	-247.1115	63.69498	3.323763	0.9125466
18354	-182.2408	-246.7071	64.4663	2.307645	1.151032
18360	-179.1486	-243.1314	63.98282	2.278939	1.558733
18366	-175.4337	-238.8277	63.39399	3.429316	1.106732
18372	-179.1258	-243.57	64.44419	1.851753	1.533477
18378	-175.6301	-239.3699	63.73976	2.996066	1.184372
18384	-180.4489	-243.2301	62.7812	2.388654	2.298984
18390	-178.6787	-243.301	64.62231	2.566398	0.6818523
18396	-180.2925	-244.4801	64.18768	2.805181	0.9406627
18402	-184.24	-245.8882	61.64822	5.517981	0.7210658
18408	-177.734	-241.8878	64.15384	2.561608	1.201909
18414	-183.7181	-247.3955	63.67741	3.515446	0.673949
18420	-189.2266	-248.0025	58.7759	3.273349	4.155238
18426	-195.0362	-258.7702	63.73396	2.795386	1.35485
18432	-192.6485	-254.5664	61.91781	4.121247	1.719025
18438	-185.8734	-249.5959	63.72252	3.092737	1.114054
18444	-191.4897	-252.9725	61.48275	5.326804	1.119217
18450	-188.9546	-250.3485	61.39389	2.598529	3.024908
18456	-189.8637	-253.5912	63.72748	2.598529	1.511087
18462	-192.2	-256.3196	64.11957	2.402676	1.360466
18468	-194.9613	-258.8675	63.90622	2.184667	1.682324
18474	-186.0808	-249.4963	63.41549	2.675394	1.682324
18480	-188.7893	-251.754	62.96473	3.050728	1.735635
18486	-190.2305	-253.6862	63.45575	3.042283	1.379536
18492	-187.1402	-250.33	63.18976	3.308268	1.379536
18498	-197.7586	-260.1248	62.36619	3.525151	1.821962
18504	-190.1566	-251.6944	61.53783	1.966807	3.314516
18510	-196.1439	-259.1977	63.05385	3.722842	1.148605
18516	-189.305	-253.2378	63.93274	3.140262	0.8497931
18522	-184.1773	-247.6546	63.47724	2.66719	1.644044
18528	-181.316	-244.3179	63.00191	2.269352	2.233929
18534	-178.9932	-242.6217	63.62843	2.977492	1.293321
18540	-188.5364	-252.3197	63.78329	3.353081	0.7665966
18546	-184.032	-248.003	63.97103	3.091412	0.8624903
18552	-181.4768	-244.476	62.99922	3.314184	1.520494
18558	-183.7889	-243.3773	59.58844	4.45932	2.991723
18564	-168.9032	-232.6869	63.78369	3.350525	0.7696753
18570	-174.1214	-238.1257	64.00424	3.157948	0.7275427
18576	-179.7399	-238.5181	58.77821	3.710755	3.904223
18582	-181.3053	-244.7018	63.39643	2.078979	2.101238
18588	-190.7429	-253.5284	62.78558	1.693941	2.730085
18594	-185.1434	-248.4503	63.30687	3.815345	0.2933115
18600	-185.4176	-249.4701	64.0525	2.745672	1.129458
18606	-183.9786	-247.7969	63.81824	3.118079	0.9990356
18612	-184.1771	-247.8974	63.72033	3.292731	0.9188058
18618	-183.0388	-246.9287	63.88991	3.292731	0.6929711
18624	-185.0921	-248.9633	63.87115	2.960626	1.098977
18630	-185.4667	-249.6758	64.20905	2.726302	1.000007
18636	-187.8131	-248.9704	61.15729	4.118481	2.231024
18642	-182.0963	-245.3151	63.21885	3.713816	0.2022725
18648	-180.7977	-244.833	64.03535	2.891231	1.008739
18654	-175.3424	-239.7238	64.38142	2.795512	0.7030466
18660	-183.0272	-245.9136	62.88636	4.286519	0.7099788
18666	-178.2411	-242.2279	63.9868	2.782388	1.155234
18672	-187.5055	-248.5339	61.02834	5.754878	1.142819
18678	-181.9458	-246.2512	64.30536	2.928589	0.5670441
18684	-190.5636	-254.103	63.53944	3.321905	1.071569
18690	-189.1015	-250.8631	61.76162	4.909451	1.239496
18696	-190.2944	-253.4767	63.18228	3.686145	1.064911
18702	-191.2331	-252.8162	61.58313	4.944591	1.356134
18708	-189.9429	-253.7755	63.8326	3.403689	0.4475514
18714	-194.1587	-257.9395	63.78081	3.403689	0.6896167
18720	-195.1858	-258.9738	63.78794	3.415729	0.6519506
18726	-192.4027	-252.9282	60.52553	3.436685	3.04299
18732	-190.0585	-251.1633	61.10488	3.544144	2.62587
18738	-195.2982	-259.2905	63.99233	3.249538	0.5132469
18744	-193.041	-254.1381	61.09705	4.895421	1.751749
18750	-195.3827	-257.3833	62.00052	5.241663	0.5035979
18756	-190.7329	-253.346	62.6131	2.975058	2.026839
18762	-192.1075	-256.4745	64.36699	2.700715	0.8562004
18768	-193.663	-255.6659	62.00296	4.086607	1.683263
18774	-194.3888	-258.6145	64.22568	2.382313	1.291639
18780	-194.1	-258.193	64.09296	2.433501	1.357139
18786	-194.5634	-258.8203	64.25683	2.98462	0.4808406
18792	-192.691	-256.2637	63.5727	3.667828	0.4715844
18798	-186.4674	-250.5247	64.05728	3.082546	0.7615885
18804	-186.519	-250.4189	63.89983	3.045345	0.9901365
18810	-191.043	-255.3771	64.3341	2.55649	1.043836
18816	-190.3338	-250.3444	60.01063	4.796028	2.528078
18822	-187.6529	-248.9257	61.27283	4.799083	1.695795
18828	-188.0488	-249.2893	61.24042	4.446986	1.960597
18834	-192.9067	-254.9548	62.04807	2.549142	2.657823
18840	-192.572	-254.5846	62.01263	3.821605	1.861159
18846	-192.0528	-255.6179	63.56516	3.411258	0.9580353
18852	-192.143	-253.7602	61.61717	2.578429	2.9027
18858	-185.9461	-249.3171	63.37098	2.903822	1.549118
18864	-181.8559	-245.2144	63.35852	3.119648	1.395067
18870	-183.3667	-247.9845	64.61776	2.057173	1.236253
18876	-182.7197	-245.8644	63.14473	3.655339	1.127759
18882	-183.305	-246.6724	63.36733	3.432741	1.127759
18888	-189.4193	-254.1588	64.73955	2.209414	0.9863014
18894	-185.5405	-249.1128	63.57231	3.643363	0.3934938
18900	-186.5451	-249.5033	62.95819	4.272542	0.5796086
18906	-180.9216	-244.6108	63.68922	3.541178	0.5808336
18912	-179.3898	-242.9672	63.57745	3.657077	0.4405587
18918	-181.494	-245.1221	63.62805	3.527838	0.3199691
18924	-189.7424	-252.1735	62.43113	4.460853	0.1891934
18930	-184.2829	-246.3591	62.07626	4.940765	0.2349283
18936	-185.7985	-247.236	61.43753	4.940765	0.09346998
18942	-189.1145	-249.7211	60.60666	5.791868	0.09583168
18948	-183.2696	-246.9374	63.66782	3.40697	0.8476282
18954	-183.1579	-247.6878	64.52989	2.5449	0.8476282
18960	-182.6675	-246.27	63.60248	3.203899	1.122082
18966	-183.3704	-247.2466	63.87623	2.648009	1.358891
18972	-186.3717	-248.7868	62.41504	2.512147	2.452672
18978	-183.7111	-245.8089	62.09781	2.777471	2.485218
18984	-189.0338	-252.1113	63.07751	4.096091	0.3369147
18990	-179.3449	-241.8728	62.52792	4.68945	0.3966881
18996	-178.4541	-242.1077	63.65361	3.525224	0.3424627
19002	-183.0448	-243.4967	60.45191	4.320626	2.549324
19008	-176.8663	-238.9868	62.1205	4.741976	1.070509
19014	-179.2234	-242.7072	63.4838	3.11172	1.30179
19020	-183.3532	-245.2508	61.89759	3.487882	2.159992
19026	-186.5171	-247.1753	60.65824	5.920401	1.315441
19032	-191.6862	-254.8901	63.20389	4.004207	0.6421981
19038	-192.0209	-254.7987	62.77775	4.000241	1.147456
19044	-185.6801	-246.0151	60.33497	5.597543	1.793507
19050	-188.4233	-251.1618	62.73847	4.195443	1.001445
19056	-179.6482	-243.9567	64.30855	2.910628	0.6151048
19062	-185.2488	-250.0794	64.83059	2.11793	0.9867475
19068	-179.2201	-243.4416	64.22149	2.727029	0.9867475
19074	-183.72	-247.6432	63.92318	1.910589	1.861481
19080	-180.4715	-243.3941	62.92263	2.579515	2.08367
19086	-191.8851	-252.499	60.61397	2.905331	3.305877
19092	-191.6226	-253.9685	62.34592	4.58475	1.004673
19098	-192.4915	-254.4037	61.91218	3.878052	1.891157
19104	-191.6663	-255.4326	63.76639	3.095641	1.070925
19110	-188.3142	-252.343	64.02872	3.169696	0.6629202
19116	-179.7077	-243.1546	63.44685	3.23558	1.229948
19122	-183.762	-248.1231	64.36116	2.861694	0.604927
19128	-185.8704	-247.9179	62.0475	4.890316	0.9975348
19134	-184.0592	-246.2081	62.14886	2.760951	2.463583
19140	-180.5839	-241.7546	61.17064	2.803989	3.035561
19146	-190.1719	-250.3253	60.15338	1.660009	4.289011
19152	-185.5967	-248.7008	63.10409	4.06675	0.3341027
19158	-184.3438	-246.9674	62.62362	4.384277	0.230948
19164	-189.3456	-253.1369	63.79134	3.442586	0.4383886
19170	-188.2073	-252.2614	64.05417	3.092578	0.7513861
19176	-186.1856	-250.3553	64.1697	2.977046	0.7513861
19182	-189.8165	-250.8583	61.04188	4.680778	1.936891
19188	-188.175	-251.7259	63.55089	3.290038	1.090562
19194	-185.1338	-249.1833	64.04948	2.869673	1.016077
19200	-182.7469	-246.6249	63.87796	2.682392	1.33015
19206	-183.0197	-247.3016	64.2819	2.682392	0.9706278
19212	-186.3333	-250.3115	63.97816	2.707753	1.227008
19218	-182.7474	-243.8994	61.15196	5.923189	0.8471828
19224	-177.0212	-241.0091	63.98789	3.126226	0.7974487
19230	-186.407	-249.2082	62.80124	3.216845	1.733787
19236	-180.565	-245.2721	64.70713	2.534993	0.4936657
19242	-186.2113	-249.4024	63.19101	2.857944	1.712045
19248	-182.8935	-241.5626	58.6691	1.738018	5.076423
19254	-176.3834	-239.6124	63.22896	2.223876	2.116031
19260	-175.8695	-240.0203	64.15081	2.313678	1.4057
19266	-173.1011	-237.4947	64.39361	1.712423	1.67153
19272	-169.2352	-233.5172	64.28195	1.928026	1.596637
19278	-177.6084	-241.775	64.16653	2.094988	1.55891
19284	-172.9482	-237.2054	64.25711	2.62232	1.05449
19290	-182.1617	-246.423	64.26124	2.93269	0.671852
19296	-190.3977	-252.6049	62.20714	4.126162	0.08846733
19302	-189.8825	-253.7515	63.86908	3.369168	0.5458133
19308	-179.3898	-241.7045	62.31472	3.120371	2.127637
19314	-183.041	-245.2259	62.18485	1.863	2.991666
19320	-179.9683	-242.7829	62.81454	2.032653	2.502782
19326	-180.0631	-243.2769	63.21382	2.163867	2.165055
19332	-183.9158	-245.6719	61.75612	2.67912	2.757155
19338	-186.3433	-250.9195	64.57619	2.101955	1.233557
19344	-178.2161	-242.7049	64.48878	2.706532	0.6691478
19350	-187.0442	-249.2493	62.20516	2.170031	2.793782
19356	-176.8705	-239.899	63.02851	4.18746	0.6234574
19362	-175.4812	-238.786	63.30474	3.034337	1.501303
19368	-174.0485	-237.6768	63.62825	3.264943	1.041329
19374	-185.4884	-247.83	62.34163	3.457413	1.885164
19380	-180.5726	-244.2519	63.67936	3.1907	1.063368
19386	-180.332	-243.7789	63.44687	2.763721	1.596189
19392	-172.4626	-236.4301	63.96752	2.715108	1.229781
19398	-166.7782	-231.0994	64.32117	2.887618	0.6406493
19404	-175.2189	-238.6531	63.43419	2.647266	1.689025
19410	-180.1851	-242.1384	61.95324	3.484547	2.125878
19416	-179.2402	-240.6633	61.42319	4.953885	1.472682
19422	-177.1616	-239.5076	62.34599	4.10186	1.418581
19428	-168.596	-232.8759	64.27989	2.221501	1.376898
19434	-185.9827	-249.3137	63.33101	2.949819	1.544667
19440	-183.7316	-247.4541	63.7225	2.537878	1.559751
19446	-177.8327	-241.519	63.68634	2.696237	1.468512
19452	-180.804	-244.7872	63.98323	3.159119	0.7579057
19458	-178.2251	-242.3957	64.17067	2.93067	0.8142881
19464	-174.8215	-237.3009	62.47939	3.452321	1.794061
19470	-176.8451	-238.8796	62.03441	2.209421	2.873532
19476	-175.6382	-240.0346	64.39636	2.538548	1.000447
19482	-175.3737	-239.9025	64.52874	2.70438	0.5704764
19488	-176.4171	-240.91	64.49288	2.740243	0.5704764
19494	-179.5256	-243.7889	64.26323	2.974817	0.5470327
19500	-169.7125	-234.0725	64.36005	2.847693	0.6429957
19506	-173.5755	-237.791	64.21555	2.845379	0.8642946
19512	-171.5062	-235.8012	64.29502	2.845379	0.7607646
19518	-171.3899	-235.731	64.34118	2.799216	0.7607646
19524	-171.7588	-234.2616	62.5028	2.799216	2.214092
19530	-175.8029	-237.4301	61.62723	5.429606	0.8691262
19536	-175.727	-236.2582	60.53118	3.494515	3.00496
19542	-175.3633	-236.8042	61.44086	4.276908	1.940182
19548	-179.5828	-241.667	62.08416	3.054541	2.318866
19554	-180.2062	-241.5842	61.37797	2.659206	2.998078
19560	-176.2026	-238.2327	62.03008	2.146377	2.914259
19566	-174.5574	-236.594	62.03661	3.554338	2.024985
19572	-168.4228	-232.7604	64.33757	2.882149	0.6136647
19578	-171.3999	-235.9525	64.55257	2.675833	0.587754
19584	-169.314	-233.8015	64.48745	2.740951	0.587754
19590	-180.3749	-244.6361	64.26124	2.54184	1.125054
19596	-186.7563	-248.6981	61.9418	2.626534	2.675594
19602	-191.4266	-252.9288	61.50218	2.398131	3.079986
19608	-187.111	-248.2378	61.12673	4.016822	2.315775
19614	-183.6535	-247.3328	63.67931	3.561603	0.4749697
19620	-184.0725	-247.5758	63.50334	3.62461	0.7785254
19626	-184.6633	-247.768	63.10473	4.102683	0.3794322
19632	-189.0617	-251.5324	62.47071	4.669984	0.3071936
19638	-186.8599	-250.2003	63.3404	3.539067	1.054455
19644	-185.3492	-246.6408	61.29162	4.901364	1.608987
19650	-182.1218	-244.5925	62.47074	4.134965	1.2935
19656	-180.3461	-244.5662	64.22008	2.789062	0.9230966
19662	-190.4895	-251.7694	61.27992	2.76456	2.993688
19668	-186.7366	-250.1099	63.37329	3.223259	1.300949
19674	-178.1275	-241.6926	63.56514	3.50088	0.8582239
19680	-178.1244	-241.8668	63.7424	3.152129	1.040044
19686	-175.0579	-238.9282	63.87025	3.364962	0.4431656
19692	-180.1396	-241.1395	60.99993	4.726405	1.934408
19698	-174.819	-237.2713	62.45226	2.165431	2.645203
19704	-176.716	-240.1721	63.45616	2.438574	1.819623
19710	-174.7546	-238.5828	63.82816	2.671813	1.378009
19716	-176.7168	-240.972	64.2552	2.975434	0.5799731
19722	-179.1176	-242.2643	63.14669	2.975434	1.660037
19728	-179.782	-243.5003	63.71827	3.270617	0.9448867
19734	-180.6987	-245.0185	64.31985	2.919517	0.4632252
19740	-180.9026	-245.3884	64.48579	2.738306	0.6012816
19746	-177.7419	-241.7264	63.98452	2.837014	1.108345
19752	-178.6803	-242.963	64.2827	2.609302	1.042474
19758	-185.1406	-248.7527	63.61203	2.757631	1.478291
19764	-199.8719	-259.4958	59.62397	2.643947	4.030685
19770	-192.0759	-255.0809	63.00506	4.083938	0.2717571
19776	-189.6608	-253.8884	64.22758	2.930973	0.7333061
19782	-189.4519	-252.3428	62.89085	3.202058	1.680881
19788	-190.0874	-252.4137	62.32634	4.588771	1.02005
19794	-194.3922	-256.8793	62.4871	4.116563	1.295162
19800	-192.9002	-255.8086	62.90845	2.784891	1.956614
19806	-186.8604	-251.2574	64.39705	2.490142	1.04709
19812	-186.3176	-249.2731	62.95544	3.221443	1.620649
19818	-185.4875	-249.5294	64.04193	2.669454	1.205383
19824	-187.3319	-250.6341	63.30226	3.433649	1.184299
19830	-182.6078	-246.2576	63.64977	3.086143	1.184299
19836	-184.3743	-246.977	62.60276	1.97305	2.671001
19842	-190.5352	-253.3438	62.80855	2.599958	2.144994
19848	-187.1744	-249.0026	61.82826	3.468968	2.217184
19854	-181.6354	-246.0073	64.37193	2.170902	1.344142
19860	-188.533	-251.1505	62.61749	2.978143	2.021875
19866	-180.2011	-244.4213	64.22013	2.986164	0.6462275
19872	-185.9424	-245.965	60.02256	2.663471	3.790974
19878	-179.22	-243.0531	63.83315	1.810021	1.99021
19884	-186.473	-248.6277	62.15471	1.996819	2.929294
19890	-188.2785	-251.9057	63.6272	2.418415	1.714404
19896	-179.8353	-243.987	64.15161	1.893998	1.714404
19902	-181.6072	-242.256	60.64882	3.795473	2.751629
19908	-180.9476	-245.0981	64.15055	2.998488	0.7479419
19914	-186.2505	-248.2768	62.0263	4.14811	1.62244
19920	-190.2242	-252.5126	62.28835	4.458475	1.17482
19926	-184.3855	-246.9847	62.59916	2.70486	2.212794
19932	-183.1796	-246.4042	63.22462	3.252269	1.396059
19938	-178.0621	-241.5724	63.51031	2.103549	2.009752
19944	-178.3752	-240.9953	62.62017	1.704459	2.824535
19950	-178.4095	-239.7347	61.32513	1.803272	3.534808
19956	-180.0468	-243.8648	63.81803	1.495061	2.206936
19962	-179.445	-242.4921	63.04719	1.184198	2.881064
19968	-177.776	-242.6442	64.86824	1.95166	1.109835
19974	-174.9471	-238.1906	63.2435	3.989405	0.4348522
19980	-179.679	-242.8906	63.21164	3.989405	0.6574984
19986	-181.3403	-245.1147	63.77445	2.712568	1.388155
19992	-182.1295	-244.2216	62.09215	2.020857	2.952503
19998	-175.7406	-240.1732	64.43254	2.237808	1.240101
20004	-178.8294	-243.4542	64.62486	2.045489	1.240101
20010	-174.3745	-237.6629	63.28837	2.973998	1.558286
20016	-175.8445	-239.6054	63.7609	2.000435	1.910764
20022	-171.0933	-235.7588	64.66548	2.114198	1.145962
20028	-172.0623	-236.5461	64.48385	2.222326	1.209826
20034	-173.7102	-237.5651	63.85488	1.961153	1.87359
20040	-175.1738	-239.9336	64.75984	1.51787	1.546972
20046	-177.6283	-240.491	62.86273	2.990874	1.847901
20052	-177.8472	-240.3472	62.5	1.756925	2.865603
20058	-182.6779	-245.0108	62.33296	4.567097	0.1916758
20064	-173.8204	-237.6627	63.84229	3.180336	0.2374356
20070	-173.901	-236.7445	62.84353	3.809995	1.254142
20076	-181.9558	-243.9429	61.98703	3.809077	1.887159
20082	-177.4183	-240.8337	63.41535	2.804127	1.589715
20088	-182.4139	-244.2937	61.87981	2.721734	2.655157
20094	-188.8808	-252.9414	64.06061	3.033733	0.8232695
20100	-184.4978	-247.5693	63.07154	3.983303	0.8714644
20106	-180.7506	-244.477	63.72646	3.459458	0.6870385
20112	-176.1523	-240.4337	64.28147	2.952099	0.568628
20118	-186.443	-246.9111	60.46809	2.893062	3.398815
20124	-172.9567	-236.4953	63.53853	3.691851	0.5808724
20130	-171.6178	-235.9347	64.3169	2.888944	0.6472211
20136	-169.5769	-233.0955	63.51858	1.849566	2.171256
20142	-172.2333	-236.7983	64.56498	1.943728	1.371148
20148	-173.9461	-237.7707	63.82459	1.818448	1.990301
20154	-182.6361	-244.3036	61.66745	2.280876	3.0513
20160	-177.0887	-238.7439	61.65523	2.073116	3.182307
20166	-176.3615	-238.4078	62.04635	3.094426	2.317542
20172	-173.5185	-235.3757	61.8572	4.332937	1.611057
20178	-165.4809	-229.1179	63.63698	3.507358	0.7549734
20184	-161.8772	-225.594	63.71686	2.343309	1.704117
20190	-163.2597	-227.2539	63.99411	2.066055	1.704117
20196	-165.6454	-227.7556	62.11025	1.931992	2.995033
20202	-167.5057	-231.8197	64.31405	1.945585	1.560297
20208	-174.1694	-238.3088	64.13936	2.196624	1.503626
20214	-183.6187	-245.0322	61.41353	5.623737	0.891766
20220	-172.3393	-236.6321	64.29273	2.642806	0.9998159
20226	-174.3576	-237.2554	62.89781	2.260914	2.306096
20232	-174.5032	-238.7596	64.25636	2.98366	0.5338508
20238	-179.0079	-242.8555	63.84763	3.360531	0.3806221
20244	-176.5578	-240.4605	63.90272	3.338629	0.5210268
20250	-184.8936	-248.1608	63.26716	2.849839	1.663699
20256	-181.3033	-245.2417	63.93843	3.033226	0.9629973
20262	-183.6054	-246.8878	63.28243	2.818355	1.675273
20268	-186.3655	-247.9611	61.59568	3.145692	2.56869
20274	-185.1215	-249.4432	64.32173	2.867203	0.6814338
20280	-187.1495	-248.0132	60.86374	4.390352	2.244982
20286	-189.9554	-253.7388	63.78342	3.438758	0.6068613
20292	-173.1632	-236.447	63.28384	3.955867	0.5362332
20298	-169.4649	-233.4875	64.02266	3.084873	0.8061972
20304	-171.3948	-235.5751	64.1803	2.92723	0.8061972
20310	-166.249	-230.5373	64.28831	2.92723	0.3932433
20316	-170.5123	-233.9062	63.39389	3.097324	1.384879
20322	-171.1852	-235.3244	64.13924	2.642907	1.143769
20328	-178.7787	-242.819	64.04033	2.987684	0.9022279
20334	-170.4222	-233.9574	63.53516	2.611977	1.642093
20340	-172.5748	-235.6751	63.10035	2.275958	2.165953
20346	-165.2207	-229.7401	64.51936	2.137588	1.251289
20352	-163.2499	-227.8523	64.60245	2.248078	1.081663
20358	-169.3399	-234.0045	64.66455	2.290745	0.9798557
20364	-184.2736	-244.9117	60.63814	3.588738	2.88379
20370	-188.8516	-249.3579	60.50625	3.383383	3.086356
20376	-185.7851	-250.1738	64.38866	2.611806	0.9325057
20382	-181.1851	-243.7218	62.53667	4.22033	1.165943
20388	-180.6209	-244.5503	63.92945	2.21874	1.64134
20394	-180.0624	-243.6106	63.54818	3.658992	0.3790568
20400	-179.1492	-243.5886	64.43935	2.205875	1.261025
20406	-182.0361	-245.2782	63.24204	2.279305	2.071029
20412	-183.2825	-244.4602	61.17765	3.093351	2.857076
20418	-189.59	-252.1422	62.55224	1.718758	2.857076
20424	-180.842	-242.845	62.00303	2.267966	2.857076
20430	-179.0126	-243.2524	64.23986	2.677273	1.018064
20436	-179.5088	-241.8535	62.34472	3.700625	0.06304383
20442	-179.2042	-242.7472	63.54305	3.578052	0.2925275
20448	-181.0226	-243.866	62.84337	4.394866	0.5458801
20454	-178.2276	-241.5849	63.35729	3.862677	0.4018318
20460	-171.6223	-235.2854	63.66319	3.554786	0.3978448
20466	-172.7343	-236.5502	63.81586	3.316974	0.3010917
20472	-173.0174	-237.1435	64.12614	3.110148	0.5563885
20478	-169.9056	-233.8993	63.99362	3.236306	0.5825037
20484	-176.2137	-236.2026	59.98889	3.967707	3.046351
20490	-174.4356	-236.5092	62.07361	3.311105	2.160484
20496	-178.9553	-240.9247	61.96939	3.415334	2.160484
20502	-170.941	-234.9965	64.05552	2.93393	0.9442885
20508	-171.9739	-235.489	63.51513	3.017807	1.352006
20514	-172.1834	-235.5334	63.35	3.182935	1.352006
20520	-172.4219	-235.9021	63.48025	3.040166	1.361914
20526	-171.0379	-234.8506	63.81277	3.429407	0.5039615
20532	-174.5131	-238.1065	63.59343	3.429407	0.9080044
20538	-182.9775	-246.6448	63.6673	3.256685	1.011308
20544	-180.4609	-244.1817	63.72073	2.981232	1.213418
20550	-167.464	-231.1165	63.65253	3.346138	0.934438
20556	-168.3707	-232.8161	64.44533	2.600123	0.8823928
20562	-174.9583	-238.8536	63.8953	2.996182	1.042979
20568	-176.0681	-239.9826	63.91455	2.976928	1.042979
20574	-169.0876	-233.4191	64.33151	2.85024	0.3456751
20580	-172.0826	-235.5527	63.47005	2.978387	1.418128
20586	-179.6046	-244.6935	65.08886	2.077019	0.721585
20592	-182.2667	-246.5833	64.31659	2.601133	1.017483
20598	-183.5509	-247.5375	63.98659	2.406986	1.460163
20604	-186.0754	-246.9929	60.91753	4.233547	2.310973
20610	-181.6094	-242.2531	60.64373	1.596591	4.046433
20616	-176.6806	-240.1681	63.48754	2.030377	2.073286
20622	-177.8147	-242.3347	64.51993	2.123054	1.262889
20628	-171.8865	-235.5578	63.67132	3.518123	0.3546641
20634	-173.4782	-237.4093	63.93111	2.322822	1.56449
20640	-180.6351	-243.0909	62.45582	4.327855	1.142409
20646	-177.1145	-241.4507	64.33624	2.588514	1.01055
20652	-179.2562	-242.8895	63.6333	2.408799	1.716886
20658	-176.525	-240.0615	63.53649	2.484743	1.731575
20664	-181.0451	-242.0279	60.98284	3.431718	2.769781
20670	-193.611	-255.628	62.01705	3.746618	1.909181
20676	-189.6028	-253.1341	63.53129	2.082869	2.009555
20682	-190.9682	-253.2436	62.27541	2.252815	2.700237
20688	-193.1711	-256.9324	63.76126	3.053691	1.114326
20694	-195.0396	-254.1972	59.15767	4.086952	3.467015
20700	-197.5677	-256.3423	58.7746	6.270856	2.3781
20706	-192.5902	-253.4367	60.84645	5.740545	1.308699
20712	-186.3863	-247.8228	61.43648	5.704604	0.7597552
20718	-185.3505	-249.545	64.19452	2.946569	0.7597552
20724	-188.2862	-251.3111	63.02492	2.900493	1.798429
20730	-184.7732	-248.5453	63.77212	2.973737	1.175669
20736	-186.412	-249.2356	62.8236	2.394836	2.267884
20742	-181.2269	-244.556	63.32905	2.123361	2.116305
20748	-181.4533	-245.7685	64.31525	2.095019	1.447441
20754	-180.7217	-245.2398	64.51804	2.610996	0.7770028
20760	-174.7405	-239.134	64.39357	2.844758	0.5453443
20766	-176.3273	-237.6837	61.3564	3.681756	2.382723
20772	-180.5457	-240.275	59.72933	3.398722	3.535008
20778	-179.0319	-243.0615	64.0296	3.071553	0.8145258
20784	-168.6426	-232.8222	64.17959	3.052322	0.4316452
20790	-170.8568	-235.4042	64.54741	2.487058	0.8949443
20796	-169.1478	-233.2602	64.11244	2.697368	1.118983
20802	-172.2009	-234.9951	62.79428	3.156662	1.780713
20808	-168.8641	-232.646	63.78196	2.394914	1.620654
20814	-169.0645	-232.3524	63.28788	2.396795	1.962433
20820	-176.4935	-240.4543	63.96084	1.723835	1.962433
20826	-177.2911	-242.0789	64.78777	1.905697	1.220625
20832	-172.8718	-237.1691	64.29735	1.59352	1.822291
20838	-176.2124	-240.9776	64.76517	2.465723	0.5790456
20844	-181.0244	-244.9103	63.88588	2.021675	1.810781
20850	-175.9029	-238.8279	62.92498	2.507163	2.129567
20856	-178.2215	-242.3231	64.10167	2.862061	0.9711997
20862	-182.5827	-246.5811	63.99834	3.239224	0.5497257
20868	-182.2181	-246.0197	63.80162	3.428006	0.5835762
20874	-177.8382	-241.6364	63.79822	3.29243	0.8279577
20880	-176.4442	-240.414	63.96974	3.247586	0.6199941
20886	-176.7784	-239.5854	62.807	4.383637	0.3561361
20892	-174.2261	-238.1212	63.89511	3.277391	0.7106184
20898	-176.271	-239.621	63.34993	2.442418	1.889715
20904	-174.8916	-239.1145	64.22296	2.442418	1.244262
20910	-175.8486	-239.6244	63.77585	2.740697	1.364973
20916	-183.5273	-247.1751	63.64781	2.178163	1.866803
20922	-178.095	-241.0927	62.99769	2.240833	2.254989
20928	-179.1086	-242.4967	63.38815	1.260958	2.62582
20934	-181.5917	-244.2364	62.6447	2.004408	2.62582
20940	-187.0633	-246.0999	59.03662	1.264265	5.135303
20946	-184.7978	-243.5627	58.76487	2.022128	4.865238
20952	-187.5248	-247.2794	59.75462	2.150228	4.237208
20958	-190.219	-250.3791	60.16008	2.222177	3.965347
20964	-187.6004	-250.8559	63.25552	2.75257	1.740807
20970	-185.3533	-249.1679	63.8146	2.193493	1.740807
20976	-174.927	-239.1901	64.26309	2.430623	1.220419
20982	-180.5783	-244.9823	64.40398	2.804508	0.6413224
20988	-184.7725	-247.878	63.10551	3.679553	1.141178
20994	-175.8557	-239.4186	63.56289	3.346752	1.025396
21000	-179.0861	-242.9826	63.89642	3.064757	0.9738263
21006	-185.6281	-248.3375	62.70938	2.645582	2.179816
21012	-180.4093	-242.7765	62.36718	2.912873	2.228262
21018	-180.7819	-243.7141	62.93218	2.264843	2.281603
21024	-182.9686	-246.0437	63.07504	3.996164	0.8519804
21030	-179.9687	-243.8479	63.87917	3.19203	0.8519804
21036	-176.7258	-240.6534	63.92765	1.866567	1.888443
21042	-173.7305	-237.8872	64.15664	3.071716	0.5878978
21048	-180.4918	-243.8304	63.33864	3.881946	0.6113079
21054	-178.8575	-242.031	63.17349	4.058057	0.5765955
21060	-181.5798	-244.2306	62.65078	4.588545	0.4629659
21066	-177.1528	-241.462	64.30924	2.910513	0.4013877
21072	-180.9243	-244.0277	63.10346	3.404338	1.37186
21078	-184.9997	-248.3284	63.32873	2.819451	1.641344
21084	-191.6943	-256.1069	64.41259	2.796844	0.6391533
21090	-198.3178	-262.8678	64.54996	2.26816	1.111454
21096	-186.3408	-251.0236	64.6828	2.26816	0.9842654
21102	-189.9706	-249.6792	59.70859	1.388312	4.692174
21108	-184.6148	-245.8996	61.28477	1.829538	3.543012
21114	-189.057	-249.2897	60.23276	2.986765	3.481673
21120	-189.816	-254.015	64.19902	2.474258	1.237643
21126	-191.4151	-253.484	62.06888	2.675324	2.566931
21132	-206.2523	-268.3792	62.12681	3.849017	1.763378
21138	-202.6247	-266.4258	63.80107	3.047643	1.083349
21144	-194.712	-254.7327	60.02076	2.476152	3.899668
21150	-195.2911	-256.9498	61.65868	5.568565	0.4184308
21156	-197.0612	-260.0914	63.03026	3.583597	1.286848
21162	-187.1818	-250.2333	63.0515	3.375417	1.434694
21168	-180.2445	-243.8139	63.56944	3.146456	1.201523
21174	-181.0984	-245.4183	64.31985	2.354199	1.236995
21180	-176.133	-240.7971	64.66417	2.354199	0.9129655
21186	-181.5537	-245.9375	64.38376	2.339645	1.195082
21192	-172.6245	-236.9944	64.36991	2.708394	0.8433278
21198	-173.3358	-237.4902	64.15437	2.453722	1.291556
21204	-178.9042	-241.6339	62.72978	2.611837	2.188473
21210	-170.6586	-235.1168	64.45812	2.771487	0.4247662
21216	-176.2795	-239.6659	63.38641	3.759897	0.3117549
21222	-175.3558	-237.5647	62.20897	3.80845	1.734257
21228	-170.4108	-233.6974	63.28665	3.68834	0.2175756
21234	-171.8021	-235.5309	63.72877	3.246228	0.2175756
21240	-180.1609	-243.9094	63.74855	3.32955	0.2654354
21246	-189.8659	-252.8934	63.02751	4.050587	0.2654354
21252	-185.5433	-248.2064	62.66307	4.054508	1.200085
21258	-184.3749	-245.1201	60.74515	2.206094	3.637734
21264	-186.1915	-249.6775	63.48599	3.029344	1.365929
21270	-181.2779	-244.2063	62.92846	2.56728	2.087885
21276	-180.9609	-244.957	63.99603	3.153761	0.7468162
21282	-180.1036	-242.4239	62.32031	2.548617	2.489197
21288	-179.7942	-242.7333	62.93909	3.489438	1.433461
21294	-175.7918	-239.3501	63.55831	2.333769	1.821459
21300	-175.2775	-237.7383	62.46084	4.051543	1.368255
21306	-173.5304	-237.2392	63.70884	2.768556	1.395669
21312	-173.8889	-237.2161	63.3272	3.150196	1.395669
21318	-170.9123	-235.0003	64.08802	2.389367	1.395669
21324	-176.8781	-239.8032	62.92504	4.105618	0.8992508
21330	-178.7033	-243.6104	64.90704	1.937489	1.087226
21336	-180.1533	-243.4049	63.25167	2.448355	1.952126
21342	-176.2161	-240.6327	64.41665	2.197501	1.286608
21348	-180.5608	-241.9971	61.43622	3.922879	2.177131
21354	-186.92	-248.0962	61.17613	4.517728	1.956265
21360	-179.0866	-243.3306	64.244	2.691909	0.9994431
21366	-176.8866	-238.8664	61.97975	2.05223	3.001191
21372	-182.4901	-242.4363	59.94622	1.389186	4.558467
21378	-175.7876	-239.6628	63.87513	1.697034	2.037444
21384	-181.6976	-245.0359	63.33834	2.866905	1.600085
21390	-184.6866	-248.5397	63.85311	2.635253	1.387109
21396	-175.887	-239.7402	63.85311	2.635253	1.387109
21402	-177.1157	-241.251	64.13537	2.180304	1.518802
21408	-178.5348	-242.7775	64.2427	2.098303	1.499862
21414	-178.7171	-242.1369	63.41978	2.839922	1.560246
21420	-182.2479	-245.6913	63.44345	3.777673	0.4042267
21426	-184.7599	-248.2391	63.47918	3.671824	0.7449709
21432	-181.4209	-244.31	62.88911	4.345248	0.4399456
21438	-176.9636	-241.1018	64.13818	3.059929	0.6635394
21444	-175.6623	-239.5201	63.85785	2.618966	1.396114
21450	-195.2315	-257.0462	61.8147	4.035613	1.850157
21456	-194.9336	-258.9802	64.04661	2.766194	1.116277
21462	-180.1656	-244.5687	64.40314	2.342533	1.175831
21468	-187.0622	-245.7893	58.7271	1.996757	4.900406
21474	-189.8528	-253.213	63.36023	2.296665	1.981044
21480	-185.2403	-249.5326	64.29231	2.190185	1.391691
21486	-184.8688	-246.2342	61.3654	2.190185	3.284493
21492	-185.7398	-249.2849	63.5451	3.280715	0.1706249
21498	-181.1651	-244.9075	63.74236	3.083459	0.1706249
21504	-195.6553	-257.9841	62.32889	4.161128	1.385814
21510	-185.6824	-248.661	62.97859	4.043987	0.2374153
21516	-181.8025	-244.9277	63.12519	4.043987	0.3324347
21522	-180.6378	-243.4899	62.85208	4.108962	0.212317
21528	-180.6157	-244.5915	63.97584	3.266104	0.5116478
21534	-184.5534	-248.8542	64.30075	2.938203	0.4607397
21540	-182.4608	-244.7528	62.29194	2.733423	2.390814
21546	-182.0546	-245.4632	63.4086	2.360663	1.905387
21552	-186.0139	-248.6529	62.63901	2.163869	2.530431
21558	-187.8297	-249.648	61.81825	2.499727	2.828573
21564	-192.9279	-255.3763	62.44841	1.881831	2.821125
21570	-184.7326	-245.9412	61.20867	3.963029	2.297805
21576	-189.919	-250.9925	61.07355	4.098151	2.297805
21582	-190.528	-253.39	62.86202	3.522561	1.466997
21588	-190.6992	-254.6394	63.94017	2.126248	1.699691
21594	-178.0072	-241.3353	63.32814	2.945506	1.549972
21600	-176.5473	-239.9283	63.38098	2.945506	1.510728
21606	-178.8922	-243.169	64.27684	2.932774	0.6387449
21612	-173.5623	-237.6051	64.04287	2.649099	1.221892
21618	-177.3061	-241.9691	64.66299	2.422536	0.8343812
21624	-182.5472	-246.2876	63.7404	3.115763	1.076413
21630	-186.8646	-249.8848	63.02015	3.0415	1.703068
21636	-189.6465	-254.3212	64.67469	2.492465	0.7195008
21642	-184.0585	-247.9147	63.85619	3.382945	0.5402051
21648	-180.54	-244.2931	63.75309	3.338925	0.8262331
21654	-179.1577	-242.87	63.71226	2.797635	1.370209
21660	-184.6339	-248.2631	63.62922	2.359809	1.754158
21666	-184.9591	-249.0756	64.11651	2.856375	0.9617208
21672	-190.5642	-254.9626	64.39846	2.609489	0.9243967
21678	-188.0497	-251.996	63.94633	2.338976	1.541352
21684	-188.9032	-252.5119	63.60871	2.971417	1.314243
21690	-188.5393	-252.7412	64.20192	3.037823	0.465735
21696	-186.9684	-248.9303	61.96183	3.277681	2.254355
21702	-192.3065	-255.8775	63.57097	3.537688	0.8047134
21708	-191.7695	-253.1497	61.38013	4.18282	2.043543
21714	-187.6992	-251.3587	63.65948	3.51222	0.3349737
21720	-179.2347	-242.4133	63.17864	3.436315	1.285952
21726	-184.1596	-247.3616	63.20194	3.593485	1.131924
21732	-187.2766	-250.1	62.82338	3.160689	1.757626
21738	-184.662	-249.6381	64.97609	2.036452	0.9193774
21744	-187.5238	-249.2683	61.74458	5.300473	0.8828507
21750	-182.0404	-246.1856	64.14517	2.237029	1.468803
21756	-186.057	-250.0839	64.02684	1.880455	1.810957
21762	-193.0791	-256.7137	63.63463	2.152332	1.893379
21768	-195.0822	-257.5248	62.44265	2.152332	2.659202
21774	-186.0315	-247.6251	61.59363	4.054936	1.986607
21780	-181.97	-246.2194	64.24943	2.605918	1.077175
21786	-177.5239	-241.0394	63.51549	2.990927	1.372949
21792	-181.5245	-245.7821	64.25756	2.283913	1.345218
21798	-175.6223	-239.5095	63.88719	2.37265	1.560151
21804	-176.4104	-240.3667	63.95626	2.303581	1.560151
21810	-195.8871	-259.9494	64.06233	1.806028	1.837777
21816	-183.1791	-247.79	64.61085	2.631228	0.4921183
21822	-173.9236	-238.3738	64.45022	2.134155	1.310813
21828	-178.5592	-242.1141	63.5549	2.675063	1.582057
21834	-169.9201	-233.384	63.46391	2.821179	1.541513
21840	-170.4934	-233.1063	62.61296	2.220722	2.51122
21846	-169.124	-233.0743	63.95027	2.569744	1.362237
21852	-172.8289	-235.6835	62.85462	3.665389	1.362237
21858	-175.9048	-239.5837	63.67893	3.504445	0.6916536
21864	-183.2718	-247.5069	64.23509	2.274306	1.370603
21870	-180.9519	-243.8814	62.92946	3.407855	1.502632
21876	-176.4486	-239.8061	63.35749	3.416515	1.150982
21882	-178.0999	-242.454	64.35415	2.450368	1.123761
21888	-183.3594	-246.0573	62.69795	4.219398	1.017849
21894	-179.6086	-241.9433	62.33474	3.288898	2.003244
21900	-177.3922	-240.9075	63.51531	2.509473	1.729083
21906	-175.0056	-237.9166	62.91103	3.113746	1.729083
21912	-171.4918	-235.8104	64.31867	1.955416	1.549649
21918	-173.159	-236.5333	63.37427	2.935076	1.523512
21924	-170.543	-234.8775	64.33446	2.797437	0.7729721
21930	-171.5911	-234.7316	63.14052	2.916066	1.706652
21936	-169.4016	-232.346	62.94441	4.293966	0.5450772
21942	-172.9768	-235.7138	62.73701	4.360116	0.276693
21948	-180.6998	-243.982	63.28227	3.558158	1.091016
21954	-172.9898	-237.2292	64.23937	2.997603	0.5528997
21960	-175.487	-238.974	63.48699	2.930921	1.441599
21966	-184.5166	-248.3552	63.83858	1.968408	1.879755
21972	-180.707	-244.2229	63.51594	2.345465	1.842548
21978	-178.9177	-241.726	62.80828	2.882119	1.958589
21984	-177.8026	-240.8597	63.05711	3.589255	1.260083
21990	-174.6401	-238.3464	63.70623	3.196176	1.032434
21996	-177.5307	-241.8936	64.36294	1.95738	1.515339
22002	-178.8855	-242.9623	64.07685	2.900838	0.9567059
22008	-175.6938	-239.5703	63.87655	3.091023	0.9672323
22014	-174.6613	-238.648	63.98672	3.25463	0.5210096
22020	-176.3579	-240.8717	64.51382	2.282251	1.131343
22026	-179.4691	-240.2941	60.82495	5.158186	1.75828
22032	-182.6092	-246.4913	63.88209	2.048491	1.794845
22038	-182.2158	-246.0178	63.80205	2.824796	1.276196
22044	-189.4112	-252.5826	63.17147	3.654745	1.104071
22050	-184.5141	-248.5814	64.0673	2.963214	0.8994191
22056	-181.3261	-245.2462	63.92014	2.932228	1.079952
22062	-186.7838	-251.3957	64.61191	2.583126	0.6696942
22068	-187.0728	-249.962	62.88918	2.834521	1.936188
22074	-180.1199	-244.5956	64.47574	2.671552	0.7505682
22080	-184.3419	-248.604	64.26211	2.812945	0.8472943
22086	-180.0295	-242.0017	61.97218	1.775009	3.171127
22092	-186.1353	-250.5675	64.4322	2.200567	1.271326
22098	-184.221	-248.0561	63.83504	3.337088	0.7112416
22104	-187.6985	-251.5688	63.87028	2.861823	1.187588
22110	-192.2129	-255.5307	63.31779	3.884216	0.6554809
22116	-191.7691	-255.6134	63.84437	3.385463	0.582856
22122	-191.8928	-255.2081	63.31531	3.683849	0.9339064
22128	-187.118	-250.5367	63.41871	3.823426	0.4938648
22134	-177.8612	-241.0536	63.19242	3.805504	0.9352416
22140	-189.6006	-253.4215	63.82092	3.402757	0.6025355
22146	-186.0976	-249.0179	62.92035	2.847015	1.906678
22152	-182.0806	-243.6109	61.53032	5.044213	1.318757
22158	-195.348	-258.9993	63.65124	3.525479	0.7034137
22164	-196.1525	-255.351	59.1985	6.957086	0.07160771
22170	-191.537	-252.1289	60.59186	3.67524	2.859438
22176	-181.0005	-245.0353	64.03479	3.073514	0.283824
22182	-184.1651	-246.8215	62.65636	4.548555	0.6492459
22188	-181.1464	-244.7461	63.5997	3.577378	0.3405646
22194	-177.0687	-241.2811	64.21243	2.563851	1.148966
22200	-176.1494	-240.6804	64.531	2.564873	0.821326
22206	-187.5696	-251.5578	63.98817	2.52687	1.366156
22212	-187.188	-251.2126	64.02461	3.189154	0.6289288
22218	-191.7749	-254.3857	62.61084	4.593893	0.3753167
22224	-187.1405	-250.21	63.06944	3.919227	0.9451227
22230	-187.7053	-249.6749	61.96967	3.186298	2.307855
22236	-178.386	-242.7734	64.38746	2.405117	1.134472
22242	-192.1643	-256.2718	64.10757	3.134172	0.4848373
22248	-191.9107	-256.245	64.33434	2.47792	1.116765
22254	-183.5195	-246.5273	63.00777	2.806536	1.874768
22260	-190.1817	-249.8733	59.69163	7.396353	0.831307
22266	-182.8613	-246.1171	63.25585	3.832136	0.831307
22272	-180.0368	-242.6892	62.65244	3.651265	1.527708
22278	-178.3056	-241.807	63.50133	3.497806	0.9339401
22284	-183.2421	-245.3845	62.14234	2.923295	2.365318
22290	-183.1819	-247.309	64.12709	2.97663	0.8111899
22296	-186.9675	-250.7412	63.7737	2.171016	1.785042
22302	-183.8393	-246.9766	63.13724	4.087416	0.4120893
22308	-191.5283	-253.6388	62.11047	4.37687	1.387905
22314	-187.8141	-251.2372	63.42313	3.591393	0.9172057
22320	-184.1257	-246.6175	62.49177	3.510225	1.745081
22326	-180.4308	-244.2937	63.86288	3.114155	0.957386
22332	-177.6841	-241.7513	64.0672	2.708215	1.149741
22338	-181.3843	-245.5548	64.17053	3.002541	0.7096531
22344	-186.0051	-249.0756	63.07052	2.734101	1.881365
22350	-178.8996	-242.6905	63.79083	2.407739	1.604933
22356	-183.6573	-246.5202	62.8629	3.485671	1.494184
22362	-189.5262	-251.8035	62.27737	2.620026	2.471367
22368	-183.7608	-245.181	61.42022	3.477168	2.471367
22374	-180.7558	-244.0578	63.30205	3.290522	1.304181
22380	-189.6483	-251.0823	61.43402	2.647206	2.971618
22386	-192.7233	-256.8972	64.17391	2.805695	0.9546964
22392	-189.285	-251.2354	61.95038	5.229553	0.3436645
22398	-190.1994	-252.8434	62.64404	4.480397	0.2948991
22404	-187.8575	-251.9491	64.09161	2.956223	0.8796361
22410	-195.2506	-259.0144	63.76381	3.366529	0.775169
22416	-188.1538	-252.2746	64.12082	2.665417	1.140129
22422	-187.1307	-248.2469	61.11621	4.597566	1.942874
22428	-183.5742	-246.7085	63.13431	3.806536	0.9944906
22434	-189.7061	-253.5125	63.80637	3.136486	0.9924726
22440	-185.9951	-250.0528	64.05775	3.136486	0.6712604
22446	-182.4331	-246.3107	63.87759	3.364583	0.5040519
22452	-188.0421	-248.2113	60.16924	6.720503	1.044644
22458	-185.2803	-248.0457	62.76533	4.385818	0.3158336
22464	-184.7293	-247.0927	62.36337	4.755833	0.2911962
22470	-178.5528	-241.0341	62.48129	4.637914	0.2911962
22476	-180.4544	-242.7033	62.24889	4.870312	0.2911962
22482	-187.9019	-251.5454	63.64353	3.598389	0.4879879
22488	-191.625	-254.6904	63.06536	3.598389	1.24562
22494	-189.4837	-253.5028	64.01914	2.901766	1.014346
22500	-181.535	-245.6244	64.08933	2.659807	1.172811
22506	-176.397	-240.1087	63.71171	2.36238	1.694255
22512	-181.6519	-244.6121	62.96027	1.827413	2.539896
22518	-177.3037	-240.7358	63.43201	1.827413	2.241548
22524	-170.9163	-234.9911	64.07471	3.119679	0.6709576
22530	-177.9786	-241.6897	63.7111	2.919121	1.273422
22536	-180.4443	-244.3812	63.93692	3.07224	0.9230792
22542	-174.541	-238.6268	64.08575	3.010286	0.8211117
22548	-172.8033	-235.4758	62.67247	2.470135	2.316379
22554	-181.7993	-243.2986	61.49936	4.262659	1.910295
22560	-185.3211	-247.8001	62.47902	2.713337	2.284592
22566	-171.7795	-236.2502	64.47065	1.970671	1.42362
22572	-171.3519	-235.8096	64.45764	2.782696	0.469992
22578	-162.3371	-226.5789	64.2418	2.916684	0.7334176
22584	-176.8214	-237.3718	60.55036	3.545888	2.962582
22590	-171.7561	-233.4922	61.7361	2.360153	2.962582
22596	-171.9823	-236.4279	64.44565	2.522189	0.9669609
22602	-173.396	-236.902	63.50596	3.010089	1.365362
22608	-172.4098	-235.9492	63.53939	2.147636	1.960857
22614	-175.3077	-237.21	61.90231	3.097057	2.407231
22620	-180.559	-243.9329	63.37396	2.250586	2.00264
22626	-179.4656	-243.2625	63.79692	2.719228	1.365289
22632	-188.7308	-251.0565	62.32571	2.528425	2.498447
22638	-180.8533	-245.1547	64.3014	2.61113	1.022574
22644	-175.1502	-238.8846	63.73434	2.683775	1.441445
22650	-167.2895	-231.3466	64.05702	3.18146	0.4580778
22656	-177.2649	-241.4842	64.21927	3.022892	0.5048789
22662	-190.7454	-251.1513	60.40588	4.678659	2.353322
22668	-185.8566	-249.4411	63.58449	2.84997	1.428898
22674	-173.806	-237.1184	63.31238	1.842074	2.308821
22680	-172.5934	-236.225	63.63159	2.413762	1.714591
22686	-168.5491	-231.8621	63.31308	2.413762	1.934067
22692	-177.3551	-240.9801	63.62491	3.542886	0.7184484
22698	-176.4699	-237.905	61.43511	1.955737	3.381396
22704	-169.7309	-232.6427	62.91181	1.925521	2.508944
22710	-178.4689	-242.5974	64.12852	2.718959	1.0845
22716	-175.8262	-239.3622	63.53605	2.337105	1.834484
22722	-184.2838	-245.5029	61.21909	4.623939	1.855147
22728	-176.0313	-239.0984	63.06705	3.646808	1.203265
22734	-168.5277	-232.8781	64.35044	2.404663	1.167599
22740	-172.8467	-235.915	63.0683	4.040246	0.2839791
22746	-170.0995	-233.5417	63.4422	3.773313	0.3931858
22752	-174.1739	-237.6453	63.4714	3.744113	0.3931858
22758	-166.8945	-230.2457	63.35128	3.755339	0.282721
22764	-171.5221	-231.7059	60.18378	5.445484	1.999494
22770	-174.464	-235.1856	60.72154	5.52388	1.570744
22776	-173.0694	-236.2064	63.13699	4.094015	0.4288465
22782	-166.9379	-230.3332	63.3953	3.835709	0.4288465
22788	-175.4005	-238.6634	63.26284	3.972638	0.4442083
22794	-171.8507	-235.5331	63.68247	3.516076	0.3664259
22800	-173.184	-236.1046	62.92066	4.262521	0.3472929
22806	-170.8465	-235.2263	64.37976	2.776239	0.7372895
22812	-170.8489	-232.852	62.00309	1.727644	3.180888
22818	-177.5874	-241.4816	63.89428	2.731424	1.277139
22824	-173.563	-237.2658	63.70285	3.53689	0.535943
22830	-169.4162	-233.1275	63.71123	3.520614	0.4314347
22836	-178.2879	-241.4756	63.18771	4.04791	0.4447651
22842	-188.2135	-250.2154	62.00196	3.715122	1.940647
22848	-182.1517	-246.8324	64.6807	2.385393	0.858132
22854	-184.2818	-248.5764	64.29469	2.136382	1.431507
22860	-181.7432	-242.4843	60.7411	5.929	1.240304
22866	-179.2064	-243.3117	64.10526	3.00163	0.8070421
22872	-170.355	-233.3636	63.00861	2.205381	2.270733
22878	-171.5208	-235.7116	64.19083	2.410267	1.297257
22884	-170.2645	-233.9559	63.69134	3.01525	1.209476
22890	-177.3986	-241.4587	64.06019	2.974312	0.8949105
22896	-184.521	-248.2517	63.73065	3.480297	0.6356454
22902	-180.8901	-244.6184	63.7283	3.454797	0.3471981
22908	-179.2439	-243.0124	63.76848	3.454797	0.4089135
22914	-182.5685	-244.2756	61.70711	4.425651	1.652418
22920	-182.3291	-246.8935	64.5644	2.499929	0.8602474
22926	-178.3379	-242.5999	64.26206	2.394557	1.251569
22932	-174.5853	-238.9736	64.38827	2.561245	0.985739
22938	-172.2006	-236.3685	64.16789	2.794897	0.9721772
22944	-171.1745	-235.4758	64.30135	1.833494	1.650927
22950	-172.708	-234.7263	62.01833	1.527906	3.290002
22956	-168.671	-230.4944	61.82335	1.722886	3.290002
22962	-170.5599	-235.4402	64.88025	2.26307	0.7564773
22968	-171.9363	-236.7279	64.79162	2.36048	0.7432974
22974	-187.0774	-252.3185	65.24105	1.86846	0.8035938
22980	-185.8538	-250.2108	64.35706	2.770753	0.7787167
22986	-183.4014	-247.9768	64.57536	2.181762	1.165837
22992	-175.205	-239.5476	64.34258	2.276181	1.282832
22998	-177.477	-238.432	60.95504	2.612705	3.277317
23004	-180.4919	-245.1168	64.62495	2.617261	0.5004111
23010	-178.1235	-242.1049	63.98146	2.457478	1.425453
23016	-177.044	-241.8967	64.8527	2.388596	0.4789144
23022	-174.7449	-238.8848	64.13993	2.987902	0.2973672
23028	-173.8714	-238.0954	64.224	3.014942	0.4606681
23034	-178.9906	-243.1137	64.12319	3.043043	0.3295533
23040	-181.7067	-245.923	64.21627	2.945693	0.3255012
23046	-191.8746	-252.8648	60.99014	6.210188	0.6589812
23052	-180.801	-245.5148	64.71376	2.378521	0.8258924
23058	-179.7031	-244.0098	64.30678	2.542701	1.082633
23064	-179.3946	-244.0018	64.60721	2.592936	0.65936
23070	-184.7098	-249.3171	64.60721	2.592936	0.65936
23076	-184.2216	-248.9293	64.70764	2.523301	0.5788554
23082	-183.662	-248.361	64.699	2.526519	0.5969812
23088	-179.8523	-244.3515	64.4992	2.661862	0.7293345
23094	-179.3714	-241.6608	62.28941	1.839056	2.943194
23100	-194.9322	-256.272	61.33978	4.098226	2.125732
23106	-183.7323	-246.7464	63.01411	4.22545	0.4644843
23112	-183.455	-247.0547	63.5997	2.935715	1.350034
23118	-178.4188	-242.6914	64.27261	2.849445	0.7866955
23124	-170.5934	-233.6556	63.06219	4.022482	0.8354512
23130	-175.092	-238.3062	63.21416	3.69872	1.022234
23136	-175.863	-237.0295	61.16646	2.335431	3.316132
23142	-176.2212	-239.8532	63.63205	3.172513	1.123717
23148	-174.0727	-238.2409	64.16822	2.636346	1.123717
23154	-175.7824	-238.9718	63.18947	3.714878	1.030548
23160	-172.8902	-236.7524	63.86221	3.254875	0.7934535
23166	-169.384	-234.0803	64.69629	2.518965	0.6252288
23172	-170.4053	-234.6501	64.24479	2.994192	0.4609234
23178	-167.3509	-231.5381	64.18726	3.051726	0.4609234
23184	-172.5811	-237.0203	64.43921	2.799778	0.4609234
23190	-174.0954	-237.5701	63.47477	2.918783	1.460183
23196	-175.5262	-238.9303	63.40411	2.285863	1.958877
23202	-172.1705	-235.8038	63.63333	1.951299	2.029178
23208	-187.363	-249.3382	61.9752	3.119125	2.347106
23214	-186.0336	-249.0745	63.04088	2.460115	2.084425
23220	-183.8557	-245.6289	61.77323	4.631178	1.451917
23226	-185.9303	-248.8931	62.96284	2.37952	2.187988
23232	-188.5851	-245.5683	56.98322	0.6685678	6.584111
23238	-178.0237	-239.7289	61.70514	1.308785	3.601371
23244	-181.6989	-245.0017	63.30285	2.427268	1.931858
23250	-177.9489	-241.7174	63.76854	1.961581	1.931858
23256	-176.2359	-237.2693	61.03344	1.841526	3.68191
23262	-172.9105	-237.0094	64.0989	2.462288	1.32948
23268	-168.7156	-232.9829	64.26729	2.928718	0.667754
23274	-172.4723	-236.0827	63.61032	2.052012	1.977402
23280	-176.6957	-240.694	63.99829	1.666415	1.975813
23286	-176.4868	-239.637	63.15017	2.380287	2.065018
23292	-174.7716	-239.0787	64.30708	1.888142	1.607363
23298	-176.7222	-241.0637	64.34148	2.131193	1.399342
23304	-178.6375	-242.7963	64.15881	1.954307	1.66647
23310	-173.254	-237.4946	64.24064	1.872477	1.66647
23316	-169.0752	-231.9773	62.90214	1.534803	2.756119
23322	-182.5767	-247.2766	64.69994	2.13547	1.095646
23328	-178.7659	-241.008	62.24211	2.013697	2.866284
23334	-178.6286	-241.4711	62.84253	2.532826	2.16657
23340	-173.7485	-237.0892	63.34078	1.673993	2.397506
23346	-173.1044	-234.7859	61.68149	2.322295	3.018097
23352	-170.1162	-233.7391	63.62294	3.122122	1.176359
23358	-169.1609	-233.1858	64.02491	2.160025	1.614822
23364	-166.7518	-230.7258	63.97392	2.575101	1.339205
23370	-173.259	-236.7124	63.45344	3.766037	0.4008216
23376	-171.4859	-235.4367	63.95079	3.150865	0.8138757
23382	-160.3389	-224.1096	63.77071	3.150865	1.01369
23388	-160.1333	-223.4409	63.30756	3.874862	0.3464288
23394	-175.876	-239.8578	63.98181	3.023385	0.927391
23400	-170.4209	-233.722	63.30111	3.881306	0.3464288
23406	-165.988	-230.2015	64.21354	2.992615	0.6465349
23412	-175.8312	-239.271	63.43978	2.718297	1.634222
23418	-182.1701	-243.7565	61.58649	2.596048	2.910588
23424	-183.4413	-243.2271	59.78583	4.373391	2.924658
23430	-183.0226	-243.5758	60.5532	3.142333	3.20176
23436	-176.6095	-240.6545	64.04508	2.222184	1.554682
23442	-170.941	-234.1937	63.25276	2.948502	1.602975
23448	-168.4584	-232.2481	63.78967	3.44913	0.542427
23454	-172.8501	-236.4511	63.60094	3.607926	0.6404572
23460	-172.7927	-236.367	63.57426	3.341885	1.019027
23466	-177.2354	-240.2635	63.02801	3.293958	1.514107
23472	-182.3577	-246.0421	63.68446	3.439687	0.7838074
23478	-178.5378	-242.5225	63.98466	2.95184	0.2035795
23484	-176.003	-240.0216	64.01861	2.303356	1.514107
23490	-169.2127	-233.4199	64.20722	2.864893	0.8508834
23496	-171.6019	-235.9488	64.3469	2.436374	1.142767
23502	-186.0173	-249.8754	63.85814	2.50599	1.482468
23508	-184.3299	-244.8718	60.5419	6.027309	1.323039
23514	-176.6798	-240.6143	63.93446	3.144016	0.8431062
23520	-181.2755	-244.4651	63.18964	3.983177	0.7100758
23526	-182.3899	-246.448	64.05808	3.179625	0.5489726
23532	-177.4084	-241.7385	64.33009	2.885022	0.6256071
23538	-178.4832	-240.9323	62.44908	4.653649	0.2802158
23544	-177.9755	-240.685	62.7095	4.459289	0.3320551
23550	-179.1622	-241.8717	62.7095	4.459289	0.3320551
23556	-176.6351	-239.8995	63.26441	3.862487	0.2966846
23562	-176.134	-239.2925	63.1585	3.999013	0.3214277
23568	-174.618	-238.4652	63.84712	3.360914	0.6423383
23574	-171.0305	-235.2362	64.20577	3.018735	0.6000775
23580	-172.108	-236.4941	64.38616	2.618115	0.9283878
23586	-172.5837	-237.4821	64.89843	2.326794	0.5979114
23592	-171.5943	-235.8743	64.27995	2.962248	0.497572
23598	-178.706	-242.3704	63.6644	3.463814	0.7781508
23604	-186.6244	-248.7607	62.13628	1.892016	3.003399
23610	-181.7791	-244.5777	62.7986	2.956169	1.915204
23616	-184.6904	-246.9866	62.29624	2.652836	2.438917
23622	-190.0075	-252.8933	62.88581	2.667489	2.049928
23628	-195.9085	-259.605	63.69654	2.719143	1.443301
23634	-188.4263	-251.9685	63.54227	2.792502	1.504531
23640	-189.5264	-252.6198	63.09337	3.965287	0.8669832
23646	-192.2628	-256.0389	63.77614	3.048843	1.1052
23652	-190.3448	-253.8634	63.51864	3.512673	0.8985098
23658	-188.9505	-252.5417	63.59122	3.547269	0.7635299
23664	-191.0656	-253.4441	62.37851	4.293827	1.238428
23670	-190.7621	-253.8135	63.05144	3.628684	1.23189
23676	-192.5112	-256.2013	63.69013	3.256344	0.9888178
23682	-188.4818	-252.0631	63.58127	2.798058	1.470978
23688	-186.7699	-251.0052	64.23527	2.575913	1.117737
23694	-189.4723	-253.842	64.36975	2.063251	1.430024
23700	-183.02	-247.4616	64.44162	2.779981	0.6084892
23706	-186.9848	-251.4203	64.43547	2.545359	0.9534052
23712	-187.5997	-251.3903	63.79062	3.447783	0.4576286
23718	-181.1983	-245.1981	63.99982	3.173196	0.3363144
23724	-175.2862	-237.5095	62.2233	2.748724	2.424475
23730	-172.2028	-236.4203	64.21745	2.802552	0.9111593
23736	-173.1166	-236.3482	63.23166	2.571198	1.882567
23742	-173.4053	-236.2321	62.82679	2.803791	1.998614
23748	-176.379	-239.2149	62.83596	2.660517	2.087401
23754	-176.363	-240.9727	64.60968	2.380604	0.9434107
23760	-180.511	-243.8824	63.37142	3.606605	0.9563461
23766	-185.5874	-248.6698	63.08242	3.809979	1.042095
23772	-179.7937	-241.9038	62.11012	2.563036	2.610956
23778	-179.853	-244.1026	64.24961	2.786828	0.8927182
23784	-184.0809	-247.8356	63.7547	3.284013	0.8901242
23790	-186.7401	-250.2802	63.54008	2.647564	1.612857
23796	-183.8713	-247.6782	63.80698	1.848165	1.982214
23802	-181.4185	-246.2316	64.81308	2.330716	0.7557674
23808	-187.485	-251.9772	64.49212	2.747181	0.4628519
23814	-181.8871	-245.2364	63.34935	3.890405	0.4657815
23820	-179.4237	-242.9852	63.56149	3.452404	0.2335482
23826	-184.6632	-248.5373	63.87405	2.7563	1.273311
23832	-190.0954	-254.3837	64.28833	2.878541	0.3301694
23838	-182.3673	-245.489	63.12164	4.116638	0.4569794
23844	-190.6665	-253.5238	62.85725	4.126302	0.9505346
23850	-183.8821	-245.5493	61.66721	5.522328	0.6802861
23856	-179.1162	-241.6693	62.55317	3.538954	1.68144
23862	-171.5804	-235.6238	64.04343	2.097875	1.646285
23868	-167.8717	-230.202	62.3303	1.526174	3.106129
23874	-167.1003	-228.7187	61.6184	2.238079	3.106129
23880	-162.7492	-226.6381	63.88888	2.476698	1.481375
23886	-166.7632	-230.5569	63.79371	2.476698	1.552363
23892	-169.8186	-234.136	64.31738	2.467678	1.141177
23898	-171.6094	-235.5811	63.97169	3.174264	0.7525635
23904	-168.5414	-232.487	63.94567	3.174264	0.7895923
23910	-168.6836	-232.3075	63.62394	3.063074	1.226086
23916	-165.5602	-230.2028	64.64257	2.40102	0.884533
23922	-172.78	-237.5349	64.75492	2.40102	0.7373892
23928	-173.9233	-237.1005	63.17726	3.944263	0.7874186
23934	-173.7373	-236.0269	62.28951	2.85626	2.31436
23940	-197.8489	-262.5143	64.66543	2.28779	0.9819733
23946	-195.0134	-258.5524	63.53897	2.514069	1.709157
23952	-188.5651	-250.9558	62.39071	4.315428	0.1433392
23958	-192.9506	-256.1147	63.16409	4.025098	0.3543557
23964	-183.3899	-244.7954	61.40549	2.094594	3.317195
23970	-187.8421	-250.2623	62.42027	3.864291	1.541909
23976	-190.212	-253.131	62.91909	2.967487	1.825245
23982	-179.8128	-244.1636	64.35079	2.542323	1.041408
23988	-177.0728	-238.2103	61.13758	4.327992	2.107685
23994	-174.9981	-238.9249	63.92681	3.291333	0.3981717
24000	-179.0664	-242.7794	63.71296	3.516099	0.4232276
24006	-181.6415	-245.9348	64.2933	2.691087	0.9496622
24012	-182.4999	-243.8636	61.36371	5.620677	0.9496622
24018	-183.6882	-246.3057	62.61756	4.535952	0.3178796
24024	-179.4126	-243.7844	64.37178	2.552924	1.0106
24030	-180.6273	-244.9303	64.30304	2.874014	0.7028295
24036	-183.6453	-247.3158	63.67045	3.262833	1.002066
24042	-184.1754	-247.2071	63.03174	2.898033	1.795404
24048	-189.3106	-252.5677	63.25717	3.56092	1.111476
24054	-186.3874	-247.2529	60.86549	5.894562	0.154782
24060	-182.7958	-246.3484	63.55263	3.684799	0.5504596
24066	-181.4909	-243.8588	62.36785	3.72408	1.681583
24072	-181.2195	-243.5519	62.33234	3.328212	1.978598
24078	-183.994	-244.964	60.97	4.277166	2.249436
24084	-180.9572	-242.9178	61.96061	4.115222	1.693021
24090	-182.9618	-244.2526	61.29083	4.816202	1.670815
24096	-186.368	-248.3701	62.00211	5.111155	0.2871265
24102	-186.5728	-249.6275	63.05479	4.077749	0.3008683
24108	-189.3914	-251.9505	62.5591	4.627152	0.6864156
24114	-190.9804	-252.5862	61.60582	1.880301	3.325417
24120	-178.671	-242.8558	64.18481	3.053672	0.458096
24126	-180.2376	-243.5253	63.28771	2.943695	1.581003
24132	-186.3461	-249.3047	62.95858	2.411318	2.170118
24138	-181.3245	-244.5106	63.18611	2.648079	1.861191
24144	-187.6545	-251.3513	63.69682	2.118795	1.873875
24150	-184.5484	-248.0401	63.49161	2.324004	1.873875
24156	-178.082	-241.2738	63.19176	2.438796	1.998627
24162	-186.5804	-247.0497	60.46931	3.043027	3.30998
24168	-182.1077	-244.5795	62.47178	3.755373	1.584111
24174	-182.8493	-245.9904	63.14118	3.899904	0.8874191
24180	-187.5357	-249.5942	62.05847	3.298528	2.178497
24186	-184.2919	-248.1243	63.83236	3.139705	0.962572
24192	-184.1942	-247.1275	62.93322	3.11122	1.715229
24198	-186.1672	-250.2612	64.09401	2.378273	1.399649
24204	-183.6142	-246.5041	62.88985	3.353652	1.57215
24210	-187.2966	-251.3543	64.05777	2.438082	1.381241
24216	-189.5948	-253.7417	64.14693	2.165846	1.520963
24222	-191.4685	-253.3597	61.8913	3.544036	2.127482
24228	-183.2454	-246.8296	63.58418	3.341168	1.009954
24234	-198.3972	-260.8312	62.43398	1.869614	2.837311
24240	-178.4502	-242.2158	63.76555	1.981424	1.92048
24246	-178.98	-241.7279	62.74794	4.376634	0.7832232
24252	-178.2443	-241.4718	63.22754	3.037089	1.556622
24258	-184.9817	-246.4553	61.47359	3.945731	2.13794
24264	-187.046	-247.6851	60.63916	3.862164	2.71673
24270	-185.7663	-247.3706	61.60435	5.277982	1.05173
24276	-189.2004	-250.4013	61.20087	5.674204	1.058624
24282	-184.4069	-246.1437	61.73677	5.365669	0.8128548
24288	-189.504	-249.467	59.96304	7.212572	0.7053277
24294	-195.5343	-256.1777	60.64349	5.020601	1.97623
24300	-194.2121	-255.7673	61.55523	4.544165	1.67626
24306	-193.9845	-254.446	60.46149	6.473613	1.00025
24312	-186.3149	-250.0311	63.71625	3.525768	0.5098752
24318	-187.4287	-249.8248	62.39616	4.730421	0.7804327
24324	-200.103	-264.6442	64.54124	2.655497	0.6663088
24330	-190.4685	-253.4241	62.95566	1.950117	2.466113
24336	-188.2861	-252.3721	64.08594	2.608969	1.219407
24342	-194.946	-258.2884	63.34233	2.5825	1.798833
24348	-189.5828	-249.2453	59.66253	6.723216	1.466114
24354	-194.1994	-253.6086	59.40925	7.093211	1.376063
24360	-187.3836	-248.9569	61.57336	5.493813	0.2593999
24366	-178.0671	-240.5831	62.51595	4.646315	0.7274248
24372	-179.5989	-242.3085	62.70958	4.532369	0.4887867
24378	-176.8954	-240.1336	63.23824	3.22518	1.406527
24384	-175.3561	-238.5295	63.17341	2.359116	2.06365
24390	-177.1919	-239.8065	62.61458	4.015441	1.273587
24396	-180.4394	-241.1763	60.73684	6.484962	0.6079347
24402	-171.7823	-235.7819	63.99957	3.196159	0.3626381
24408	-168.8295	-232.2472	63.41763	3.4667	0.186887
24414	-168.4308	-232.1539	63.72305	3.279646	0.2287344
24420	-169.869	-232.9261	63.05714	3.620923	0.1378497
24426	-176.1632	-239.4182	63.25504	3.423026	0.1378497
24432	-173.2691	-237.8286	64.55942	2.599083	0.7333745
24438	-172.6785	-237.1756	64.4971	2.262172	1.163948
24444	-169.6525	-233.534	63.88148	3.005494	1.0473
24450	-176.5077	-240.6085	64.10076	2.361732	1.407253
24456	-178.0594	-242.4321	64.37269	2.101316	1.398306
24462	-172.6845	-236.2532	63.56864	3.54616	0.7965419
24468	-174.1116	-238.0741	63.96246	3.27272	0.5616506
24474	-170.2247	-234.5318	64.30707	2.93427	0.5211023
24480	-171.6639	-235.8298	64.16595	3.052053	0.6182149
24486	-168.801	-231.945	63.14397	3.307125	1.416076
24492	-170.997	-235.1269	64.1299	3.015204	0.7538305
24498	-168.3578	-231.2482	62.89037	4.254739	0.7538305
24504	-167.9913	-230.5417	62.5504	4.546863	0.2767803
24510	-170.5802	-232.6503	62.07007	4.157278	1.583969
24516	-176.5986	-236.7103	60.11178	3.293669	3.372831
24522	-171.5057	-234.548	63.04231	2.020616	2.367034
24528	-177.2651	-239.924	62.65883	2.034457	2.598501
24534	-180.1866	-244.8815	64.6949	2.54666	0.4821557
24540	-174.3835	-238.0935	63.70998	2.208753	1.803049
24546	-178.225	-238.6843	60.4593	2.583936	3.584347
24552	-173.32	-236.2212	62.90115	3.48165	1.468345
24558	-171.3408	-235.9069	64.56612	2.675965	0.5077727
24564	-171.7027	-235.0358	63.33307	2.408165	1.924355
24570	-175.8294	-237.9763	62.14691	2.555243	2.593008
24576	-167.2822	-230.6803	63.39804	2.998607	1.457831
24582	-170.146	-233.2298	63.08381	1.966038	2.375321
24588	-168.8624	-232.2589	63.39656	2.128622	2.068495
24594	-169.1144	-232.8918	63.77734	2.402921	1.618206
24600	-169.7645	-233.6408	63.87639	2.527489	1.452322
24606	-166.4493	-230.3206	63.87129	2.182196	1.708845
24612	-174.5412	-237.9795	63.43831	3.12143	1.330637
24618	-178.3356	-237.9119	59.57629	1.883853	4.488346
24624	-181.6116	-241.6401	60.02855	1.431595	4.488346
24630	-177.0936	-241.8502	64.75658	2.383519	0.7612008
24636	-172.4446	-236.6318	64.18722	2.531979	1.198697
24642	-168.4048	-232.1677	63.76287	1.815992	2.033003
24648	-174.56	-237.9108	63.3508	2.267385	2.006876
24654	-173.8677	-237.7149	63.84722	3.192456	0.8890189
24660	-168.7193	-233.1733	64.45398	2.749297	0.652791
24666	-174.501	-237.6193	63.11825	4.084258	0.6544327
24672	-173.4378	-236.5251	63.08726	3.71745	1.12358
24678	-168.5983	-232.7638	64.16552	2.499211	1.244796
24684	-176.729	-240.9075	64.17851	3.050522	0.4231704
24690	-173.3575	-237.3594	64.00192	3.120867	0.2937171
24696	-174.3982	-237.7688	63.37065	3.818803	0.6804429
24702	-176.0774	-239.291	63.21364	3.975818	0.6804429
24708	-181.2139	-244.3728	63.15892	3.055051	1.593732
24714	-177.9913	-240.6296	62.63826	2.600466	2.254856
24720	-180.2575	-244.3668	64.10934	2.72358	1.097928
24726	-180.1328	-238.9117	58.7789	3.013474	4.300903
24732	-175.0818	-239.1105	64.02863	2.208254	1.576998
24738	-182.3747	-245.9923	63.61762	1.914517	2.06391
24744	-180.9696	-243.8819	62.91227	2.628451	2.058246
24750	-177.2723	-241.0296	63.75725	2.867826	1.277654
24756	-174.7967	-238.778	63.98139	2.742338	1.194804
24762	-174.8496	-238.8039	63.9543	2.742338	1.217938
24768	-181.2533	-244.2728	63.01951	2.742338	1.910415
24774	-182.1271	-244.0443	61.91712	1.632896	3.287778
24780	-178.7795	-239.6136	60.83418	1.632896	3.916774
24786	-184.6391	-245.0637	60.42456	2.042511	3.916774
24792	-178.879	-242.1168	63.23781	3.402036	1.26548
24798	-182.251	-246.3362	64.08515	3.144332	0.5840718
24804	-187.4882	-252.1828	64.69461	2.300885	0.9378401
24810	-188.1036	-251.9401	63.83649	3.111691	0.987089
24816	-191.9513	-255.1327	63.18133	3.536642	1.199743
24822	-187.138	-250.1942	63.05617	3.257444	1.520335
24828	-183.6182	-247.2984	63.68022	3.181253	1.071442
24834	-186.6288	-249.8916	63.2628	3.588141	1.081284
24840	-190.208	-253.4612	63.25321	3.275735	1.355168
24846	-191.3299	-254.1157	62.7858	3.366955	1.638057
24852	-193.2578	-254.8185	61.56069	2.689006	2.86998
24858	-196.8477	-259.2849	62.43714	2.129193	2.676828
24864	-191.5934	-255.2012	63.6078	2.681376	1.538494
24870	-193.2625	-256.8419	63.57942	3.323064	1.032356
24876	-190.1867	-252.3831	62.19642	4.642258	1.092638
24882	-189.3447	-252.3228	62.97805	2.076659	2.372238
24888	-197.2028	-259.2186	62.01582	4.396222	1.446089
24894	-200.0318	-262.4074	62.3756	3.779186	1.63659
24900	-194.7692	-257.9444	63.17521	4.059621	0.563212
24906	-191.6284	-255.7381	64.10977	2.993361	0.8119535
24912	-192.0733	-256.8497	64.77641	2.376297	0.7423719
24918	-186.6856	-249.5735	62.8879	4.227783	0.7953501
24924	-188.5923	-252.0912	63.49887	3.740764	0.5367368
24930	-189.1186	-250.0281	60.90948	5.307137	1.591803
24936	-187.9344	-249.7907	61.85632	4.204407	1.703719
24942	-180.1777	-243.1914	63.01367	4.201343	0.6258355
24948	-184.3206	-247.0596	62.73898	4.196133	0.2031038
24954	-194.1377	-256.4267	62.28897	3.312238	2.018167
24960	-187.1121	-249.0148	61.90268	4.940365	1.088601
24966	-183.4446	-245.1177	61.67315	3.797878	2.104108
24972	-184.2914	-247.4919	63.20045	2.393042	2.023293
24978	-181.652	-244.9628	63.31084	3.765839	0.8453154
24984	-180.008	-244.6386	64.63064	1.96776	1.299451
24990	-180.9369	-244.2151	63.27812	3.311964	1.306196
24996	-179.4892	-240.2127	60.72353	3.33067	2.987857
25002	-184.5979	-245.2906	60.69271	3.657183	2.809179
25008	-179.3495	-243.4367	64.08721	2.027096	1.665625
25014	-185.0015	-246.4455	61.44401	4.697765	1.645947
25020	-186.3876	-249.4127	63.02511	3.827013	1.08018
25026	-180.9549	-244.4309	63.47599	3.743512	0.6142491
25032	-184.2147	-247.4699	63.25511	3.946129	0.3701926
25038	-183.8603	-245.4106	61.55024	3.543687	2.347362
25044	-172.6707	-235.5863	62.91562	4.196527	0.2863744
25050	-189.4169	-250.8244	61.40752	4.945361	1.49094
25056	-184.8189	-248.1135	63.29456	3.641825	0.9989643
25062	-183.6793	-247.4156	63.73622	3.417864	0.7402496
25068	-188.5297	-251.6863	63.15653	2.833245	1.753638
25074	-188.1841	-249.6682	61.48407	3.901429	2.15998
25080	-182.3929	-245.8537	63.46078	3.465353	1.009185
25086	-179.8906	-244.5718	64.68118	2.144477	1.104583
25092	-184.1575	-245.7798	61.62237	3.197244	2.519999
25098	-189.451	-253.3891	63.93806	2.747722	1.227121
25104	-194.6251	-257.4489	62.82376	4.038496	1.070713
25110	-191.457	-255.5898	64.13283	2.656532	1.137345
25116	-186.0412	-249.6586	63.6174	3.622102	0.4640929
25122	-190.0104	-252.975	62.96464	4.275642	0.5316777
25128	-194.6512	-257.5546	62.90342	4.275642	0.3427043
25134	-201.4416	-261.7878	60.34624	4.481829	2.514728
25140	-198.8436	-260.1705	61.32694	3.665064	2.41188
25146	-198.8086	-258.9951	60.18643	5.663381	1.850499
25152	-194.9535	-256.0537	61.10027	4.75786	1.844799
25158	-198.7915	-258.6301	59.8386	4.890479	2.576317
25164	-202.1018	-263.0338	60.93194	3.867138	2.5328
25170	-180.1207	-244.0097	63.88905	3.334217	0.4088848
25176	-184.3616	-244.2565	59.89496	6.41273	1.52475
25182	-185.4991	-249.5475	64.0484	2.84539	1.040755
25188	-185.4277	-248.4442	63.01657	4.100194	0.2895079
25194	-187.3918	-250.7426	63.3508	3.87567	0.5940339
25200	-194.7547	-254.1132	59.35852	6.423384	1.896814
25206	-197.0796	-258.9195	61.83992	5.119519	0.9756191
25212	-196.2962	-260.4342	64.13801	2.693826	1.098924
25218	-204.1154	-268.2186	64.10319	2.79298	1.038464
25224	-191.7276	-251.2145	59.4869	7.384057	1.06252
25230	-193.4513	-255.363	61.91177	3.524767	2.126694
25236	-194.2314	-254.1564	59.92503	5.808473	1.929573
25242	-185.3676	-244.4639	59.09632	1.86466	4.768171
25248	-177.7613	-242.1047	64.34341	2.890433	0.4380951
25254	-177.5547	-242.3325	64.77782	2.464382	0.49887
25260	-175.1215	-239.6367	64.51518	2.718558	0.5679221
25266	-175.2932	-239.6856	64.39242	2.849698	0.4934615
25272	-173.5295	-237.901	64.37153	2.849698	0.6095225
25278	-180.2065	-244.1206	63.91418	3.321233	0.4439575
25284	-178.4271	-243.0853	64.65818	2.540256	0.6628853
25290	-185.6966	-247.2243	61.52764	3.498474	2.390337
25296	-188.3324	-250.7929	62.46056	3.094817	2.048558
25302	-184.6476	-249.3191	64.67152	2.129564	1.126849
25308	-190.4616	-252.9632	62.50164	2.077184	2.669147
25314	-184.8749	-246.7719	61.89699	1.773157	3.216795
25320	-184.7602	-248.7243	63.96412	2.21741	1.617285
25326	-184.8174	-248.3	63.48265	2.149847	1.997338
25332	-171.7613	-234.1322	62.37084	4.709616	0.2667733
25338	-174.1715	-237.4896	63.31815	2.964407	1.543391
25344	-172.8493	-236.7416	63.89225	2.637986	1.354148
25350	-182.258	-246.2466	63.98862	2.543565	1.3526
25356	-187.7938	-250.5221	62.72829	2.452786	2.291811
25362	-177.2135	-241.935	64.72151	2.315	0.8926325
25368	-175.7097	-239.2465	63.53679	3.442511	0.955012
25374	-168.6948	-232.7794	64.08463	2.414432	1.378728
25380	-177.2787	-239.8037	62.52499	2.414432	2.444987
25386	-171.2314	-235.7099	64.4785	2.444239	1.012539
25392	-176.3292	-240.0352	63.70594	2.834881	1.345741
25398	-176.1744	-238.1749	62.00045	2.785248	2.541131
25404	-171.8994	-235.3519	63.45247	2.982754	1.428308
25410	-176.0884	-239.3341	63.24574	3.738587	0.9497254
25416	-172.7056	-237.1638	64.4582	2.656876	0.2883498
25422	-171.2224	-235.8843	64.66186	2.051741	1.203489
25428	-184.2052	-247.1079	62.90271	2.706761	2.012677
25434	-175.6664	-240.0287	64.36231	1.931754	1.534865
25440	-186.3341	-250.2372	63.90314	3.306989	0.3838175
25446	-183.3359	-247.1149	63.77899	3.45461	0.4372327
25452	-176.7186	-240.612	63.89333	3.348639	0.5109437
25458	-171.9827	-233.2913	61.30859	3.110393	2.767084
25464	-166.3395	-230.0405	63.70098	3.457594	0.3223869
25470	-171.31	-234.8614	63.55143	3.662649	0.3905847
25476	-177.8135	-239.2872	61.47375	5.367771	0.1747669
25482	-175.5093	-238.3445	62.83521	4.251776	0.2705699
25488	-176.2668	-239.7439	63.4771	3.188307	1.244234
25494	-174.3377	-238.2721	63.93443	2.932992	1.065852
25500	-173.8718	-238.6462	64.77446	2.467569	0.5095503
25506	-175.3823	-239.6668	64.28448	2.946811	0.5775521
25512	-194.8137	-257.7528	62.93907	4.036563	0.9588474
25518	-191.7496	-255.1073	63.3577	3.294241	1.255455
25524	-175.2094	-239.3933	64.18388	2.95806	0.7585027
25530	-174.8205	-238.1013	63.28085	2.499681	1.897743
25536	-168.2879	-232.3484	64.06049	3.103253	0.7250422
25542	-173.177	-237.6792	64.50221	2.608447	0.8020681
25548	-172.2647	-235.9938	63.72915	3.151524	1.05331
25554	-178.5948	-241.1364	62.54165	4.62615	0.3310764
25560	-177.0747	-238.9515	61.87681	5.177921	0.2528691
25566	-177.9198	-241.9269	64.00708	3.213004	0.6126804
25572	-177.9433	-242.2323	64.28902	2.560095	1.082976
25578	-180.8892	-241.7395	60.85032	1.984885	3.704901
25584	-173.1062	-237.2217	64.11553	2.466012	1.313101
25590	-185.113	-244.9961	59.88303	6.698518	1.313101
25596	-172.5965	-237.0197	64.42324	2.158305	1.313101
25602	-172.7357	-233.417	60.6813	2.558415	3.469881
25608	-175.9387	-237.998	62.05938	1.319976	3.388141
25614	-181.9359	-243.4465	61.51054	2.828339	2.815873
25620	-176.3656	-240.4984	64.13272	2.736905	1.063781
25626	-170.3827	-234.6534	64.2707	2.434426	1.210724
25632	-168.9044	-232.8409	63.93654	2.120273	1.70649
25638	-168.7819	-232.8181	64.03625	2.020566	1.70649
25644	-172.4383	-234.7869	62.34862	3.069889	2.13847
25650	-176.746	-240.2816	63.53565	2.308364	1.85447
25656	-171.8507	-236.2017	64.35099	2.304055	1.252876
25662	-176.3179	-238.2661	61.94826	2.11166	2.984419
25668	-175.0739	-238.2364	63.16243	1.669029	2.512608
25674	-194.0995	-255.1633	61.06378	4.97701	1.717809
25680	-179.3062	-243.2363	63.93013	3.157051	0.8323179
25686	-176.8469	-241.2195	64.37263	2.8671	0.536024
25692	-174.6724	-238.3655	63.6931	3.546441	0.5374099
25698	-183.0216	-247.3404	64.31881	2.923381	0.5028771
25704	-174.6447	-239.1581	64.51334	2.118073	1.272436
25710	-180.9604	-243.4059	62.44548	2.199955	2.628086
25716	-175.1067	-238.8724	63.76568	2.403862	1.625954
25722	-178.9907	-242.8418	63.85117	3.284385	0.7677631
25728	-177.8305	-241.8972	64.0667	3.06885	0.7677631
25734	-181.7314	-245.0783	63.34698	3.615678	0.9723059
25740	-183.6844	-247.8142	64.12975	2.285924	1.443308
25746	-178.1291	-241.3432	63.21411	2.234503	2.118796
25752	-181.1444	-243.5991	62.45465	2.993963	2.118796
25758	-185.6798	-247.9658	62.28593	3.51862	1.881412
25764	-176.2353	-239.5683	63.33308	2.997288	1.507829
25770	-173.6661	-237.6703	64.00415	3.152016	0.737039
25776	-172.9901	-236.8476	63.85744	2.885878	1.177875
25782	-173.2327	-237.0879	63.85527	3.357043	0.6324193
25788	-171.7531	-235.3551	63.60192	2.397578	1.746828
25794	-172.5378	-236.2038	63.66601	2.938241	1.294687
25800	-173.6921	-237.6205	63.92835	2.928955	1.075351
25806	-170.1996	-234.4837	64.28412	2.928955	0.6306003
25812	-178.6704	-241.1607	62.49032	2.371036	2.493928
25818	-174.1351	-238.0094	63.87433	3.11518	0.9442335
25824	-171.5659	-235.4304	63.86456	3.243918	0.8049483
25830	-179.4332	-241.9733	62.54016	3.598267	1.64835
25836	-183.8636	-243.5813	59.7177	2.751457	3.915579
25842	-179.6947	-243.2525	63.55781	1.947619	2.081507
25848	-177.1461	-239.0031	61.85707	3.39793	2.244394
25854	-181.5316	-244.894	63.36242	1.892585	2.244394
25860	-180.7055	-244.0357	63.33015	1.799306	2.324759
25866	-179.0776	-240.5604	61.48275	1.799306	3.445127
25872	-174.0661	-238.3946	64.32847	2.628177	0.9784753
25878	-184.3335	-247.6769	63.3434	3.870213	0.6292928
25884	-185.5002	-248.6963	63.19612	2.113428	2.209222
25890	-179.5121	-242.4015	62.88938	1.670723	2.680655
25896	-175.6899	-239.9938	64.30392	2.618206	1.013141
25902	-174.5253	-238.6476	64.12225	3.119891	0.4941673
25908	-184.1466	-247.9388	63.79215	3.24181	0.2426681
25914	-169.1768	-233.0277	63.85089	3.35339	0.6506414
25920	-183.9966	-245.067	61.07039	4.838324	1.809976
25926	-176.5384	-238.2866	61.74812	3.273275	2.393319
25932	-173.3276	-236.887	63.55942	3.613033	0.7106882
25938	-177.3747	-240.8711	63.49633	3.72985	0.4157392
25944	-181.6666	-243.6265	61.95999	3.239964	2.27973
25950	-183.7646	-246.7483	62.98371	2.993084	1.762707
25956	-185.2083	-246.8951	61.68682	3.883846	2.038439
25962	-182.8959	-245.678	62.78206	1.928043	2.588085
25968	-178.2348	-242.7904	64.5556	2.267684	1.10675
25974	-170.0356	-234.3557	64.32008	2.879529	0.6604703
25980	-174.218	-237.138	62.91997	3.051036	1.766746
25986	-181.778	-244.8352	63.05716	3.628487	1.227239
25992	-184.2272	-247.9856	63.75839	3.364021	0.7862001
25998	-180.6609	-242.1926	61.53166	2.760367	2.844329
26004	-177.4189	-240.6641	63.24523	3.009358	1.564009
26010	-179.7755	-243.389	63.6135	3.491031	0.810138
26016	-180.3871	-243.6321	63.245	3.757662	0.9301345
26022	-174.4422	-238.0304	63.5882	3.487459	0.8465628
26028	-177.0682	-240.7244	63.6562	3.53752	0.3600265
26034	-171.1686	-234.4792	63.31066	3.931375	0.5092109
26040	-178.0879	-240.749	62.66108	2.640615	2.2143
26046	-184.0427	-247.3785	63.33577	3.393947	1.189645
26052	-170.8634	-235.3463	64.48291	2.750152	0.4354049
26058	-171.1691	-235.1379	63.96885	3.264219	0.4354049
26064	-174.0099	-237.4701	63.46023	3.505362	0.969286
26070	-174.5882	-238.8719	64.28365	2.958553	0.4990119
26076	-178.6711	-239.5325	60.86143	2.230363	3.556114
26082	-176.53	-241.0881	64.55808	1.683154	1.57381
26088	-176.7379	-238.9663	62.22835	1.900222	2.94313
26094	-173.0759	-232.8586	59.78267	1.968422	4.32425
26100	-173.246	-237.6287	64.38275	2.13834	1.361385
26106	-176.9129	-241.3821	64.46926	2.13834	1.291958
26112	-173.1686	-237.6238	64.45515	1.581726	1.720566
26118	-180.8415	-240.7166	59.8751	0.8970216	4.873526
26124	-179.7371	-238.8918	59.15474	1.431879	4.976758
26130	-181.7228	-243.1271	61.40428	1.177227	3.851102
26136	-185.4229	-248.5726	63.14973	2.098721	2.248609
26142	-183.0187	-245.351	62.33231	3.598568	1.794639
26148	-183.6141	-246.9154	63.30136	2.511961	1.87544
26154	-180.9348	-245.7532	64.81838	1.955708	1.150909
26160	-176.3058	-239.7616	63.45583	1.818703	2.23182
26166	-177.3128	-239.9468	62.63402	2.094891	2.576423
26172	-173.7954	-237.6067	63.8113	1.992132	1.882174
26178	-179.427	-242.5276	63.10052	2.496641	2.020859
26184	-183.3017	-246.7959	63.49425	3.078959	1.319824
26190	-176.3337	-240.9368	64.60302	1.970187	1.319824
26196	-175.9083	-240.5876	64.6793	2.281059	0.974675
26202	-177.6227	-238.8651	61.24239	3.372797	2.646752
26208	-168.2806	-232.7456	64.46504	1.966395	1.431225
26214	-170.8018	-234.6885	63.88669	2.661331	1.340001
26220	-169.1812	-232.7893	63.60808	1.512889	2.330159
26226	-174.5343	-237.861	63.32671	2.257818	2.029249
26232	-175.7664	-240.0913	64.32489	2.017879	1.498538
26238	-176.1614	-239.4291	63.26765	2.465257	1.929981
26244	-172.239	-236.5377	64.29871	2.698193	0.9363333
26250	-177.9026	-242.8376	64.935	1.952923	1.046384
26256	-175.0337	-239.8685	64.83473	1.960215	1.132353
26262	-175.9654	-239.0077	63.04235	2.826978	1.837112
26268	-183.4477	-247.6544	64.20668	2.602443	1.119603
26274	-177.4385	-242.0549	64.61642	2.236497	1.07944
26280	-176.821	-237.7655	60.94452	2.515833	3.340575
26286	-175.5272	-239.3103	63.78308	2.55868	1.499298
26292	-173.4008	-238.1672	64.76647	2.474316	0.4737652
26298	-178.3683	-242.8305	64.46226	2.77991	0.4954482
26304	-179.2124	-242.2419	63.02951	3.505916	1.350028
26310	-173.6639	-238.081	64.41708	2.54601	0.9718666
26316	-170.6403	-234.9833	64.343	2.096281	1.425192
26322	-177.3986	-241.476	64.0774	2.361874	1.425192
26328	-179.4321	-242.5327	63.10064	3.33864	1.425192
26334	-169.4649	-233.3161	63.85121	2.462077	1.520579
26340	-174.5476	-239.1071	64.55942	2.377062	0.9988699
26346	-171.1995	-234.2697	63.0702	2.232394	2.213719
26352	-172.881	-236.5153	63.63429	3.063686	1.216803
26358	-180.9624	-243.9038	62.94132	1.989179	2.450593
26364	-187.5588	-249.4265	61.86766	3.062836	2.450593
26370	-191.6327	-255.1456	63.51285	3.698926	0.6336921
26376	-184.7318	-248.5127	63.78093	3.255282	0.8929717
26382	-189.0684	-252.7082	63.63982	3.396282	0.8930911
26388	-180.0684	-242.4306	62.36211	2.76801	2.324337
26394	-194.7674	-257.0789	62.31151	1.814878	2.94444
26400	-186.7218	-250.1301	63.40829	2.576131	1.757379
26406	-185.5527	-250.0862	64.53349	2.554534	0.8312564
26412	-184.4113	-247.3352	62.92383	1.600409	2.702682
26418	-181.1006	-241.7893	60.68868	1.099084	4.303509
26424	-176.7435	-240.6209	63.8774	1.722253	2.019202
26430	-187.8624	-250.9948	63.13243	4.048511	0.6960172
26436	-189.3909	-253.2478	63.85691	3.24437	0.814367
26442	-182.3548	-246.037	63.68218	3.153673	1.095234
26448	-182.9896	-245.9917	63.00209	2.730812	1.92998
26454	-186.9497	-251.3906	64.44088	2.243941	1.227937
26460	-183.4074	-247.9134	64.50602	2.342839	1.083215
26466	-185.4772	-250.0728	64.59561	2.342839	0.9969037
26472	-179.6703	-244.0729	64.40262	2.535824	0.9969037
26478	-173.3222	-237.5039	64.18166	2.796721	0.9559754
26484	-170.9262	-235.1377	64.21158	2.678987	1.043856
26490	-171.6746	-235.7962	64.12154	2.564147	1.227204
26496	-170.096	-234.4664	64.37036	2.337517	1.208378
26502	-165.7913	-230.3142	64.52285	2.288957	1.117174
26508	-173.2969	-236.1192	62.82228	1.597752	2.76644
26514	-178.3062	-242.7921	64.48588	2.021949	1.37184
26520	-182.1587	-243.3203	61.16162	3.379725	2.692178
26526	-180.9513	-243.8295	62.87825	3.540321	1.441096
26532	-179.7658	-241.7618	61.99601	4.221649	1.591044
26538	-178.2986	-241.3601	63.06149	3.151128	1.594713
26544	-180.2406	-241.7562	61.51558	3.667922	2.290259
26550	-175.966	-238.9526	62.98666	3.630668	1.284009
26556	-180.7052	-243.5994	62.89427	2.415041	2.209378
26562	-179.4062	-239.5112	60.10506	4.013602	2.949097
26568	-176.6196	-240.7177	64.09819	2.750885	1.083016
26574	-174.1952	-236.8274	62.63227	3.359605	1.752165
26580	-170.8041	-234.9764	64.17226	2.235224	1.449571
26586	-177.991	-240.8345	62.84357	2.856583	1.952036
26592	-174.7773	-238.4834	63.70604	1.994118	1.952036
26598	-173.7621	-237.3969	63.6348	3.065364	1.214947
26604	-175.4039	-238.2487	62.8448	4.324646	0.3327078
26610	-175.8986	-238.2984	62.39977	4.105213	1.37408
26616	-177.6632	-241.7266	64.0634	3.171237	0.5640774
26622	-174.6322	-236.1221	61.48987	1.808579	3.435539
26628	-175.8404	-239.9426	64.10221	2.620136	1.195993
26634	-179.4259	-241.953	62.52707	2.041641	2.675364
26640	-181.4395	-246.2515	64.81195	1.75971	1.32107
26646	-183.5759	-247.2011	63.62519	1.159315	2.541874
26652	-170.8687	-233.9768	63.10808	3.851783	0.9751813
26658	-175.7384	-240.6019	64.86349	2.373578	0.552434
26664	-176.0968	-240.4821	64.38537	2.838817	0.4109778
26670	-178.6305	-240.9642	62.33368	4.070665	0.09652424
26676	-179.3559	-241.7829	62.42698	4.070665	0.1085408
26682	-178.488	-241.2795	62.79152	3.76612	0.117285
26688	-178.7592	-241.265	62.50584	3.837434	0.08954743
26694	-174.4543	-237.5227	63.06844	3.444175	0.110642
26700	-189.493	-254.0108	64.51782	2.536141	0.8724981
26706	-189.5012	-253.4087	63.90742	3.175656	0.8374313
26712	-187.8831	-251.8371	63.95403	2.850527	1.12372
26718	-184.701	-247.6822	62.98113	2.968579	1.781571
26724	-185.6593	-248.2009	62.54155	3.408162	1.781571
26730	-183.0666	-247.1576	64.09098	1.92342	1.736379
26736	-182.8099	-245.8065	62.99665	3.33697	1.505397
26742	-187.4754	-250.6125	63.13706	4.079762	0.3956284
26748	-191.2699	-254.9306	63.66069	3.00664	1.242623
26754	-201.2571	-253.7952	52.53812	1.788061	8.366719
26760	-194.1894	-251.0235	56.83403	2.201654	5.831472
26766	-185.5401	-249.5096	63.96951	2.429445	1.456071
26772	-183.9322	-248.3876	64.45545	2.743116	0.6626161
26778	-187.2985	-249.7437	62.44517	4.773003	0.3982382
26784	-188.9748	-251.8509	62.87613	4.202727	0.8426456
26790	-186.1884	-249.9836	63.79525	3.008194	1.124723
26796	-172.3883	-235.664	63.27577	3.875661	0.3160806
26802	-176.5125	-240.3018	63.78929	3.33933	0.7775858
26808	-178.8685	-240.3496	61.48111	4.50077	1.759156
26814	-174.0723	-235.7028	61.63053	3.852016	2.096554
26820	-176.5067	-240.5038	63.99707	3.207609	0.6497662
26826	-177.0556	-239.7834	62.72782	3.545745	1.550032
26832	-168.9372	-232.7759	63.83867	2.573569	1.445935
26838	-171.3992	-234.3563	62.95704	2.777257	1.929037
26844	-167.2885	-231.6031	64.31451	2.901261	0.62394
26850	-170.4699	-232.7328	62.26287	2.089127	2.807898
26856	-178.3238	-242.2487	63.92496	2.54574	1.400875
26862	-176.5207	-240.9967	64.47603	2.54574	0.9091898
26868	-176.6884	-241.1644	64.47603	2.54574	0.9091898
26874	-179.0479	-242.123	63.07514	3.083953	1.633494
26880	-177.8282	-241.4036	63.57541	2.583682	1.633494
26886	-180.0426	-243.9325	63.8899	2.269188	1.633494
26892	-184.8786	-247.7784	62.89974	4.328477	0.4209567
26898	-183.1913	-246.8515	63.66018	3.53831	0.6627637
26904	-185.0327	-249.3599	64.32717	2.56953	1.037949
26910	-183.2349	-246.1437	62.90877	4.110198	0.9123046
26916	-182.8078	-246.786	63.97822	2.624956	1.295562
26922	-182.1923	-245.8759	63.68367	2.919508	1.295562
26928	-185.0429	-246.1322	61.08932	3.752851	2.505923
26934	-180.7059	-244.6047	63.8988	3.342581	0.4799035
26940	-184.0199	-247.976	63.95608	3.229536	0.6875773
26946	-188.3463	-252.5185	64.17224	2.694667	1.066342
26952	-185.3696	-247.7597	62.39018	2.564494	2.435394
26958	-175.3964	-239.6627	64.26631	2.706089	0.9622284
26964	-181.1437	-245.008	63.86433	3.33714	0.6566021
26970	-180.4114	-244.2725	63.86114	3.221299	0.8382174
26976	-175.1313	-236.83	61.69879	1.887587	3.266321
26982	-172.6485	-236.709	64.06054	2.382425	1.422352
26988	-175.2822	-238.8229	63.54069	3.660535	0.6571216
26994	-174.759	-237.4197	62.66074	4.435878	0.2763819
27000	-173.7216	-236.2989	62.5773	4.664878	0.496254
27006	-178.3449	-241.3092	62.96429	2.869523	1.861447
27012	-175.158	-238.8114	63.6534	3.588706	0.4927566
27018	-179.8211	-242.7456	62.92452	3.979453	1.030912
27024	-182.7872	-245.6358	62.84852	4.013275	1.071142
27030	-177.2228	-240.8402	63.61738	3.622482	0.5350375
27036	-184.8919	-247.4132	62.52126	3.443747	1.770926
27042	-180.4433	-243.7599	63.31661	2.551648	1.837848
27048	-183.4922	-246.8838	63.39152	3.681543	0.262617
27054	-184.7507	-249.1364	64.38571	2.788811	0.7071843
27060	-194.9215	-258.2592	63.33771	2.418763	1.91405
27066	-190.9705	-251.7209	60.75031	5.173936	1.799234
27072	-184.7736	-248.1308	63.35719	3.766988	0.7837653
27078	-187.8711	-252.0932	64.22208	3.018697	0.5272137
27084	-183.9593	-246.4647	62.50538	4.504278	0.2317072
27090	-189.6089	-254.0516	64.44273	2.651087	0.8239425
27096	-191.7092	-254.9933	63.28412	2.597229	1.828849
27102	-184.937	-247.2868	62.34981	4.311897	1.247321
27108	-183.7478	-247.3616	63.61388	2.935939	1.338566
27114	-183.9908	-247.2544	63.26358	2.686667	1.781197
27120	-176.7372	-240.7891	64.05194	2.728553	1.145235
27126	-180.8641	-243.7354	62.87132	2.552599	2.134938
27132	-182.5502	-242.7554	60.20527	2.057734	4.033493
27138	-179.3869	-243.2912	63.9043	2.956196	1.072362
27144	-176.866	-240.5363	63.67032	2.449911	1.661388
27150	-180.809	-242.7567	61.94772	2.312658	2.863512
27156	-182.1168	-244.7236	62.60675	1.990665	2.657702
27162	-179.5978	-242.6855	63.0877	2.183971	2.233661
27168	-172.4812	-235.8942	63.41299	3.317328	1.189128
27174	-174.2729	-238.0256	63.75266	3.02243	1.150028
27180	-171.4668	-235.4293	63.9625	2.812588	1.150028
27186	-175.8109	-239.8251	64.01419	2.607625	1.280329
27192	-186.121	-249.6298	63.50875	2.072053	2.031719
27198	-190.7177	-250.8767	60.15893	3.53815	3.200842
27204	-186.8327	-251.1041	64.27141	2.192009	1.406535
27210	-189.9412	-253.227	63.28574	3.917374	0.653138
27216	-188.0888	-251.6494	63.5606	1.864869	2.133927
27222	-183.5609	-247.7127	64.15184	3.085334	0.4514942
27228	-185.6257	-250.0847	64.459	2.580859	0.8888123
27234	-184.2624	-248.9349	64.67254	2.367321	0.8888123
27240	-185.8051	-250.1128	64.30766	2.852011	0.7315452
27246	-183.5597	-248.3026	64.74295	2.40129	0.7551135
27252	-184.7566	-245.7443	60.98777	1.631695	3.829287
27258	-185.6932	-246.9892	61.29595	1.323513	3.829287
27264	-180.9139	-245.5899	64.676	2.188013	1.069058
27270	-186.8075	-250.0096	63.20208	2.570742	1.902974
27276	-190.2642	-250.8666	60.60232	5.428514	1.724823
27282	-185.7847	-250.3246	64.53985	2.484929	0.9058485
27288	-181.3591	-245.8428	64.48369	1.981629	1.405054
27294	-187.3032	-250.0832	62.78004	1.528414	2.834359
27300	-183.4481	-247.7698	64.32165	2.819062	0.7602952
27306	-175.4652	-240.0982	64.63293	2.588385	0.6092969
27312	-174.5433	-237.2912	62.74788	3.010724	1.912608
27318	-175.928	-238.1975	62.26952	2.488199	2.558536
27324	-167.2485	-231.2694	64.02089	3.118784	0.7618089
27330	-171.5357	-235.624	64.0883	3.118784	0.6444841
27336	-175.9331	-239.9269	63.99376	3.001177	0.9384435
27342	-170.8372	-234.8808	64.04356	2.968532	0.9198696
27348	-175.0858	-238.923	63.83718	2.89108	1.190901
27354	-174.7066	-235.5043	60.79768	2.89108	3.205772
27360	-168.35	-232.2601	63.91005	3.327354	0.5506155
27366	-172.9805	-233.733	60.75253	4.68935	2.123202
27372	-174.9233	-237.7651	62.84186	2.944973	1.893465
27378	-171.7009	-234.3132	62.61237	1.97826	2.661882
27384	-172.3687	-234.8194	62.45062	1.524991	3.034972
27390	-170.306	-230.8778	60.57182	1.87564	3.928015
27396	-174.4234	-233.8434	59.41994	1.899228	4.567588
27402	-174.7721	-235.8195	61.04742	2.923385	3.037852
27408	-175.9376	-239.8917	63.95409	3.285946	0.533684
27414	-174.9736	-239.4746	64.50108	2.082098	1.311785
27420	-168.6754	-232.5641	63.88867	3.351101	0.535758
27426	-171.9195	-235.7332	63.81371	3.419756	0.5690656
27432	-176.5571	-240.588	64.0309	3.088339	0.7905393
27438	-183.6505	-248.2645	64.614	2.453146	0.856874
27444	-177.9287	-240.8622	62.93349	3.216763	1.639854
27450	-180.533	-243.9249	63.39182	3.412748	1.123711
27456	-177.5376	-240.8176	63.28	3.412748	1.221234
27462	-180.3266	-244.4094	64.08281	3.116771	0.6605382
27468	-180.875	-245.0652	64.19014	3.037605	0.5899184
27474	-175.455	-239.2544	63.79935	2.362208	1.631716
27480	-177.6717	-242.0715	64.39981	2.840401	0.4690669
27486	-179.5876	-243.0299	63.44226	2.52562	1.768925
27492	-174.8559	-239.362	64.50603	2.282213	1.138344
27498	-182.0546	-244.4525	62.39786	3.049069	2.119894
27504	-183.3076	-247.7019	64.39432	2.467851	1.070795
27510	-179.1716	-242.0397	62.86805	2.387861	2.24381
27516	-176.9946	-241.1856	64.19098	1.875093	1.699939
27522	-180.2711	-244.0986	63.82745	2.812238	1.26561
27528	-179.3288	-243.2176	63.88881	2.896187	1.141231
27534	-178.4088	-242.7672	64.35847	2.875798	0.5656918
27540	-180.6552	-245.0064	64.35121	2.735825	0.8324996
27546	-182.505	-247.0374	64.53235	2.509341	0.8867151
27552	-180.609	-244.4903	63.88127	3.312377	0.6724178
27558	-179.3132	-244.0732	64.76	2.324791	0.8352958
27564	-176.6447	-241.068	64.42324	2.348044	1.153385
27570	-182.9755	-247.4854	64.50993	2.645747	0.7377933
27576	-189.9315	-251.4407	61.50926	4.882257	1.46173
27582	-183.1754	-247.3558	64.18042	3.022309	0.3723387
27588	-186.2474	-250.9823	64.73486	2.477465	0.6324012
27594	-187.4913	-251.0546	63.56332	3.637446	0.6580731
27600	-184.6312	-248.2948	63.66361	3.414844	0.8431435
27606	-186.29	-250.5041	64.2141	2.852415	0.8576322
27612	-188.6263	-252.7454	64.11918	2.205945	1.511747
27618	-183.6492	-246.605	62.95585	3.086225	1.716901
27624	-183.7095	-243.9254	60.21591	2.268446	3.906866
27630	-178.0689	-241.6356	63.56664	1.941353	2.079825
27636	-173.0559	-235.9595	62.90363	1.986386	2.475989
27642	-183.438	-247.758	64.32004	1.90909	1.58267
27648	-185.9217	-250.6779	64.75619	2.245721	0.9309404
27654	-178.5233	-243.1609	64.63762	1.979797	1.283936
27660	-179.4127	-241.3295	61.91683	2.519765	2.75633
27666	-186.5996	-246.0228	59.42319	1.537099	4.768556
27672	-177.6246	-242.3466	64.72201	1.877432	1.298598
27678	-180.4148	-242.2695	61.85473	2.914856	2.551161
27684	-184.4905	-246.9847	62.49417	2.123983	2.644924
27690	-179.6492	-243.3901	63.74082	2.331288	1.695661
27696	-182.1359	-245.9538	63.81791	2.906045	1.194612
27702	-183.0409	-246.543	63.50207	3.12496	1.276043
27708	-182.5159	-246.1634	63.6475	2.712386	1.485666
27714	-179.5897	-243.1	63.51027	2.734078	1.571527
27720	-180.2613	-244.4419	64.1806	2.790979	0.963073
27726	-183.6013	-246.7127	63.11139	1.907989	2.394598
27732	-173.0317	-235.9727	62.94102	2.07835	2.394598
27738	-172.0296	-234.9506	62.92097	2.098402	2.394598
27744	-169.1015	-233.5739	64.47245	1.885361	1.487232
27750	-174.8087	-239.7302	64.92154	2.142289	0.8608394
27756	-178.014	-241.7245	63.71052	2.395147	1.671796
27762	-181.0669	-244.6589	63.59198	2.513681	1.671796
27768	-178.0283	-242.5507	64.52237	1.937995	1.408898
27774	-181.4302	-242.5578	61.12757	5.827762	0.2102274
27780	-183.0045	-244.1294	61.12486	5.757832	0.1863992
27786	-182.5313	-246.2081	63.6768	3.463618	0.3069749
27792	-176.6192	-239.8995	63.28027	3.938523	0.6161502
27798	-180.0247	-242.9582	62.93349	2.352305	2.224557
27804	-177.4246	-240.8014	63.37678	3.373942	1.171428
27810	-172.9953	-237.0904	64.09515	2.655574	1.171428
27816	-178.6854	-243.2608	64.5754	2.430392	0.9267454
27822	-175.0767	-238.6726	63.59586	2.275525	1.835694
27828	-178.873	-243.7588	64.88586	2.139873	0.9047801
27834	-184.2489	-247.6632	63.41434	3.094373	1.371143
27840	-180.9943	-245.4256	64.43133	1.975743	1.449882
27846	-177.4222	-242.4119	64.98972	2.146664	0.7665776
27852	-176.9036	-240.6548	63.75114	2.922906	1.237003
27858	-182.3384	-246.5711	64.23269	2.216595	1.41747
27864	-174.0017	-237.8057	63.80398	2.04244	1.852826
27870	-178.4782	-242.0405	63.56225	2.868436	1.431802
27876	-178.4627	-241.4274	62.96476	3.264021	1.582925
27882	-176.8453	-240.6566	63.81125	2.658765	1.401409
27888	-176.8441	-240.5811	63.73698	2.2775	1.736325
27894	-178.9704	-243.4146	64.44413	2.508241	0.982835
27900	-183.4484	-247.4424	63.99396	2.540304	1.350946
27906	-179.5362	-241.5941	62.05782	1.580368	3.235706
27912	-186.2573	-248.5772	62.31988	3.229738	2.052364
27918	-178.7916	-242.1216	63.33001	1.863919	2.283585
27924	-182.6948	-242.8536	60.15879	1.72273	4.250428
27930	-195.9109	-257.2346	61.32366	2.959525	2.84969
27936	-192.6862	-255.7889	63.1027	1.615818	2.58287
27942	-191.5074	-256.4781	64.97076	2.052751	0.907258
27948	-192.7739	-255.7182	62.94422	2.054518	2.40763
27954	-193.1223	-257.6528	64.53055	2.380148	1.024367
27960	-191.0872	-253.6099	62.52264	3.879095	1.453952
27966	-188.799	-251.6445	62.84554	4.313493	0.7325529
27972	-191.6994	-255.0032	63.30377	3.224332	1.355835
27978	-193.8418	-255.0588	61.21706	5.217973	1.428456
27984	-187.4165	-250.4485	63.03197	3.910951	0.9924061
27990	-187.5451	-251.7262	64.18107	2.663454	1.087237
27996	-190.5687	-254.3182	63.74947	2.788377	1.348107
28002	-196.6308	-259.2773	62.6465	4.594317	0.4740472
28008	-192.7695	-255.123	62.35343	4.83966	0.673487
28014	-189.4935	-251.0287	61.53515	5.250942	1.140259
28020	-191.5221	-254.7554	63.2333	3.55279	1.140259
28026	-186.721	-249.9037	63.1827	3.713726	1.038216
28032	-186.0113	-249.5592	63.5479	3.348531	1.038216
28038	-186.7559	-250.5829	63.82706	1.795329	2.004073
28044	-189.8783	-253.3084	63.43012	3.787604	0.61896
28050	-190.0594	-253.5008	63.44144	3.776277	0.61896
28056	-181.483	-245.4232	63.94022	3.208079	0.7490595
28062	-179.8891	-243.8626	63.97351	3.174787	0.7490595
28068	-176.7275	-239.9372	63.20974	2.761151	1.766824
28074	-175.6414	-239.5309	63.88948	3.191329	0.8402363
28080	-172.9925	-236.0634	63.07093	4.162564	0.4368707
28086	-176.6649	-240.4199	63.75497	3.479311	0.5656077
28092	-174.6238	-237.9582	63.33445	2.830895	1.628982
28098	-177.7176	-240.9337	63.21614	3.383276	1.298623
28104	-181.2863	-243.3071	62.0208	1.870909	3.085117
28110	-177.0702	-241.5571	64.48697	2.544275	0.8985925
28116	-179.8846	-244.0483	64.1637	3.07083	0.5645463
28122	-176.7125	-240.9672	64.25474	2.980825	0.5598456
28128	-179.753	-242.5684	62.81542	4.234305	0.2503337
28134	-178.2686	-242.6687	64.40004	1.933287	1.505613
28140	-177.5043	-240.0948	62.59051	2.646288	2.256096
28146	-171.4703	-235.6484	64.1781	3.064075	0.5037924
28152	-172.3892	-235.2525	62.86337	4.305202	0.3318388
28158	-170.8012	-235.1208	64.31958	2.640677	0.9747784
28164	-172.4023	-236.08	63.67768	3.171893	1.082549
28170	-174.947	-238.6317	63.6847	3.212406	1.037556
28176	-173.5176	-237.6034	64.08586	2.974158	0.8653689
28182	-180.6411	-243.5285	62.88736	1.721852	2.650433
28188	-184.2821	-247.1888	62.90669	1.702526	2.650433
28194	-176.9259	-240.5092	63.58329	2.448148	1.724396
28200	-175.1794	-238.5776	63.3982	2.633243	1.724396
28206	-179.1828	-242.3995	63.2167	1.429486	2.627628
28212	-197.037	-261.1419	64.10493	3.030201	0.7683721
28218	-198.7572	-260.583	61.82584	1.941176	3.15935
28224	-184.2707	-245.202	60.93135	2.539303	3.334513
28230	-179.9969	-242.1216	62.12463	1.346029	3.334513
28236	-184.1821	-245.2543	61.07214	2.269108	3.410478
28242	-183.8988	-247.6369	63.73816	3.15851	0.1906286
28248	-180.8386	-243.1185	62.27996	3.781421	1.703255
28254	-181.5986	-244.584	62.98543	4.056337	0.2464055
28260	-180.5809	-244.2529	63.67201	2.594469	1.555261
28266	-186.8084	-249.5179	62.70942	4.523371	0.4344771
28272	-191.1035	-253.8857	62.78217	4.413342	0.3623559
28278	-189.462	-253.7142	64.25221	2.561738	1.115241
28284	-188.1031	-250.8734	62.77025	4.453225	0.6031145
28290	-192.2169	-256.2754	64.05852	2.715831	1.150675
28296	-187.6338	-250.31	62.67615	3.841575	1.364041
28302	-186.0061	-248.0661	62.06001	3.933156	1.751263
28308	-185.2683	-245.8197	60.55134	2.96476	3.307762
28314	-180.8009	-243.4635	62.66265	3.810804	1.398737
28320	-179.7431	-244	64.25696	2.216036	1.399094
28326	-185.4725	-249.6045	64.13197	1.836184	1.768734
28332	-188.2318	-252.2022	63.97042	2.661802	1.271775
28338	-188.7184	-250.4201	61.70174	3.225551	2.452611
28344	-186.5046	-250.7153	64.21065	3.030618	0.5220204
28350	-184.4685	-247.7711	63.30264	3.912502	0.392516
28356	-192.9443	-256.1972	63.2529	3.242331	1.381733
28362	-189.104	-252.5811	63.47712	2.586658	1.701562
28368	-182.872	-247.4011	64.52911	2.586658	0.795235
28374	-184.1917	-247.6438	63.45212	3.776289	0.4214769
28380	-190.7318	-253.7827	63.05099	3.745032	1.131394
28386	-188.4906	-251.7557	63.26504	2.788796	1.708596
28392	-194.1424	-252.7188	58.57644	7.487594	1.701383
28398	-183.4384	-246.9561	63.51766	3.638334	0.3200682
28404	-183.6985	-247.2161	63.51766	3.638334	0.3200682
28410	-188.2444	-252.0277	63.78326	3.38412	0.7191257
28416	-188.749	-252.2882	63.53918	2.983721	1.359951
28422	-183.4273	-247.3203	63.89292	3.342892	0.5587226
28428	-178.7081	-243.2802	64.57213	2.283943	1.076502
28434	-178.7397	-240.8368	62.09704	3.388222	2.094766
28440	-179.772	-243.2444	63.47242	2.633195	1.671828
28446	-180.3607	-242.4872	62.12654	3.406285	2.063454
28452	-181.008	-244.1873	63.1793	2.589237	1.905882
28458	-178.6694	-241.9994	63.32995	2.795244	1.657839
28464	-177.3142	-241.7757	64.46148	2.771412	0.5713772
28470	-173.4894	-237.9509	64.46148	2.771412	0.5713772
28476	-184.0171	-245.9743	61.95717	4.591053	1.33984
28482	-180.2543	-244.2903	64.03604	3.205905	0.4885592
28488	-179.0912	-242.1818	63.09065	3.548512	1.266047
28494	-179.337	-243.5281	64.19109	3.024519	0.6243475
28500	-177.5478	-240.9785	63.43066	3.810578	0.5223675
28506	-179.827	-243.9457	64.11877	3.109198	0.5891773
28512	-177.3769	-241.0196	63.64274	2.543079	1.61418
28518	-176.3129	-240.5275	64.21457	3.027632	0.501133
28524	-170.8746	-234.7977	63.92313	3.176035	0.2779627
28530	-171.255	-235.8618	64.60684	2.628745	0.5597685
28536	-174.4162	-239.0124	64.59628	2.418746	0.9166491
28542	-179.004	-241.8027	62.79871	3.857866	1.2516
28548	-184.3957	-249.0999	64.70424	2.365968	0.8531864
28554	-182.4176	-242.5876	60.17001	2.276651	3.928471
28560	-175.5399	-237.8559	62.31593	3.385946	1.950878
28566	-183.174	-245.989	62.815	1.711924	2.701034
28572	-175.4893	-238.148	62.65867	1.868251	2.701034
28578	-181.4841	-246.1775	64.69346	2.487531	0.6959205
28584	-176.881	-240.8159	63.93495	3.191794	0.7802097
28590	-181.6969	-246.1873	64.49043	2.511035	0.9314295
28596	-177.226	-241.6514	64.42546	2.576005	0.9314295
28602	-183.0799	-247.2006	64.12068	2.880786	0.9314295
28608	-178.8752	-243.0232	64.14807	2.880786	0.9012849
28614	-178.4324	-241.8323	63.3999	2.536721	1.790657
28620	-172.1824	-236.4832	64.30086	2.635844	0.9986499
28626	-172.8487	-237.3128	64.46417	2.516121	0.9539753
28632	-172.3697	-235.784	63.41428	2.907908	1.513941
28638	-174.252	-238.1795	63.92757	2.381649	1.523609
28644	-185.0162	-247.1076	62.0914	3.138436	2.260569
28650	-177.5549	-241.325	63.77007	3.302007	0.8509205
28656	-175.1694	-238.8921	63.72267	3.349403	0.8509205
28662	-175.2241	-238.957	63.73295	3.339124	0.8509205
28668	-177.2756	-241.4703	64.19464	3.040268	0.5628855
28674	-173.3072	-237.8988	64.59158	2.430272	0.9090994
28680	-175.2131	-238.7933	63.58019	2.748827	1.508842
28686	-174.4492	-238.5469	64.0977	2.87601	0.9608555
28692	-172.5881	-237.197	64.60885	2.609051	0.6184959
28698	-174.6215	-239.2153	64.59385	2.647081	0.5257335
28704	-170.8556	-234.9478	64.09216	3.104145	0.3633986
28710	-169.6144	-234.0316	64.41721	2.27864	1.218609
28716	-166.7314	-230.0527	63.32131	1.768362	2.350063
28722	-166.8258	-230.0657	63.23986	1.849807	2.350063
28728	-159.4936	-223.7048	64.21114	2.2075	1.441037
28734	-168.0901	-232.4408	64.35073	2.65938	0.9220426
28740	-166.723	-231.5515	64.82845	2.172215	0.9322881
28746	-171.072	-235.4361	64.36414	2.869609	0.5678867
28752	-176.4721	-240.5613	64.08921	3.064042	0.3176488
28758	-176.0951	-239.5552	63.46011	2.907915	1.479526
28764	-173.3199	-236.8932	63.57329	2.256515	1.864187
28770	-169.7331	-234.2899	64.55675	2.407794	0.9703644
28776	-177.1592	-241.4473	64.28815	2.676395	0.9703644
28782	-175.8193	-240.1538	64.33454	2.593236	1.007548
28788	-167.4415	-231.9313	64.48982	2.593236	0.8374579
28794	-166.499	-230.9078	64.40872	2.593236	0.9308995
28800	-163.7247	-228.041	64.31631	2.751917	0.8555653
28806	-166.0933	-230.796	64.70272	2.242556	0.9900277
28812	-167.9321	-231.8244	63.89232	2.261623	1.637202
28818	-182.7515	-243.6656	60.91402	2.615667	3.29976
28824	-184.1278	-246.7605	62.63274	2.060436	2.59857
28830	-186.5997	-250.8538	64.25418	2.960288	0.627198
28836	-189.033	-251.5348	62.50177	4.699476	0.6570878
28842	-182.5086	-246.2388	63.73016	3.495949	0.5951649
28848	-182.4558	-246.1586	63.70282	3.495949	0.6621944
28854	-183.0097	-246.7306	63.72098	3.495949	0.6210051
28860	-183.2461	-245.8126	62.56658	3.174876	1.924205
28866	-179.5392	-243.6064	64.06716	3.174876	0.4908637
28872	-178.8266	-239.209	60.38238	4.416338	2.533028
28878	-187.3409	-248.0171	60.67616	5.770303	1.419653
28884	-181.7887	-245.0295	63.24085	3.979265	0.4021271
28890	-187.0405	-247.1404	60.09989	6.210336	1.522857
28896	-184.8085	-247.867	63.05859	4.005562	0.8604595
28902	-189.2724	-252.5765	63.30411	2.980734	1.541696
28908	-181.022	-245.2892	64.26715	2.639243	1.028565
28914	-187.9295	-251.6312	63.70176	2.855552	1.33258
28920	-186.6602	-249.8026	63.14242	3.717059	1.073311
28926	-178.8102	-242.8791	64.06885	2.572271	1.264423
28932	-181.8381	-242.2136	60.37551	2.300831	3.796552
28938	-178.5498	-242.0404	63.49055	2.561782	1.709661
28944	-175.6013	-239.1187	63.51738	3.456107	0.9610903
28950	-179.3661	-242.1913	62.82516	4.148325	0.9610903
28956	-175.564	-239.5357	63.97178	2.715115	1.226185
28962	-180.8672	-244.1348	63.26762	3.17443	1.423058
28968	-176.6842	-240.0265	63.34233	3.339334	1.230596
28974	-182.2106	-242.0917	59.88109	2.654278	3.877599
28980	-183.5711	-246.2118	62.64066	3.049126	1.959005
28986	-177.9214	-242.3991	64.47777	2.718656	0.6669316
28992	-183.2924	-244.5318	61.23946	5.392496	1.271989
28998	-175.0943	-239.3979	64.30365	2.937653	0.5215869
29004	-176.8036	-241.1882	64.38463	2.539808	1.010859
29010	-185.1612	-246.9168	61.75563	5.08163	1.09394
29016	-186.2381	-250.2929	64.05475	2.878729	1.001871
29022	-185.685	-246.2189	60.53393	3.163044	3.200909
29028	-178.93	-243.1824	64.25246	2.647946	1.034369
29034	-177.9305	-241.0037	63.07319	1.630755	2.5919
29040	-181.2972	-244.5145	63.21728	1.942876	2.305181
29046	-179.275	-242.1167	62.84171	2.984084	1.866928
29052	-178.0486	-241.1012	63.05264	2.441372	2.089021
29058	-180.6489	-243.8489	63.20002	2.59377	1.888737
29064	-186.5219	-249.4959	62.97399	2.873111	1.852356
29070	-181.923	-246.5782	64.6552	2.040386	1.218828
29076	-181.1189	-245.6694	64.55054	2.204772	1.167418
29082	-167.6005	-231.5322	63.93169	2.692431	1.278433
29088	-169.3688	-233.8621	64.49327	2.560588	0.872623
29094	-173.3642	-237.5345	64.17028	2.560588	1.188653
29100	-176.7757	-241.1702	64.39449	2.336379	1.188653
29106	-175.1464	-239.8422	64.69583	2.203487	1.035425
29112	-180.558	-243.6712	63.11322	2.883008	1.749118
29118	-181.4612	-244.6083	63.14706	3.561608	1.207705
29124	-179.2381	-243.1579	63.91982	2.635212	1.334407
29130	-175.1695	-239.3068	64.13732	2.715317	1.079705
29136	-180.1816	-244.3618	64.18018	2.572789	1.169469
29142	-181.1285	-243.9877	62.85922	2.572789	2.12965
29148	-184.0817	-246.8785	62.7968	3.260512	1.706139
29154	-172.6932	-236.801	64.10785	2.730662	1.092788
29160	-175.7859	-238.5325	62.74665	2.552037	2.216239
29166	-178.047	-240.0247	61.97764	4.264253	1.573326
29172	-180.2114	-243.0575	62.84611	4.127563	0.9609004
29178	-178.8616	-242.7197	63.85816	3.247643	0.8084697
29184	-176.0125	-239.4941	63.48166	2.898609	1.470266
29190	-187.4623	-250.5136	63.05127	3.042752	1.680093
29196	-190.6205	-253.8232	63.20264	3.662368	1.068128
29202	-192.797	-256.0434	63.24644	3.995531	0.5110334
29208	-193.4178	-256.6624	63.24457	3.995531	0.4682681
29214	-195.35	-254.7091	59.35916	5.510659	2.488636
29220	-197.7733	-261.102	63.32871	3.711121	0.888848
29226	-197.1263	-260.8268	63.70051	3.168904	1.063981
29232	-195.7074	-255.6739	59.96643	2.119894	4.134157
29238	-197.6491	-256.0738	58.42469	3.114548	4.443817
29244	-190.4387	-249.2494	58.81066	1.722619	5.006395
29250	-195.519	-257.8955	62.37658	3.233332	2.01238
29256	-188.2367	-250.6756	62.43887	3.720399	1.633363
29262	-191.3528	-252.0862	60.73342	2.118908	3.695006
29268	-191.637	-254.2743	62.63728	2.672048	2.209365
29274	-194.329	-256.9699	62.64089	3.894195	0.1138943
29280	-198.2449	-261.7512	63.50638	2.717394	1.586581
29286	-195.323	-258.969	63.64601	3.546764	0.3588145
29292	-189.9513	-253.0602	63.1089	2.972757	1.68888
29298	-184.7191	-244.1307	59.41164	4.149031	3.281492
29304	-185.8968	-250.7896	64.89279	2.282408	0.7060256
29310	-183.5845	-247.442	63.85743	3.013186	1.06284
29316	-182.5562	-245.9432	63.38705	3.012252	1.45581
29322	-187.019	-251.6146	64.59568	2.621808	0.619576
29328	-185.8589	-249.9239	64.06499	3.112487	0.3409961
29334	-186.8151	-248.0841	61.26907	4.053797	2.200609
29340	-186.3404	-249.7742	63.43382	3.476942	0.1950507
29346	-185.6014	-248.995	63.39366	3.5171	0.1950507
29352	-188.7624	-250.5657	61.80325	3.081506	2.479282
29358	-180.1777	-244.4201	64.24239	2.37513	1.283853
29364	-181.2603	-244.1586	62.8983	3.675126	0.1197371
29370	-191.2447	-255.1428	63.8981	3.279525	0.3411573
29376	-186.2302	-250.0821	63.85193	3.325695	0.3411573
29382	-184.8856	-248.619	63.73333	3.50713	0.4710383
29388	-187.2792	-251.4974	64.21819	3.016982	0.5616629
29394	-179.5319	-241.6327	62.1008	2.025972	2.944214
29400	-179.5427	-240.8555	61.31276	3.779884	2.348173
29406	-181.0045	-242.8743	61.86977	4.522895	1.460857
29412	-178.8029	-240.6232	61.82031	3.764187	2.029264
29418	-173.9093	-238.2646	64.35529	2.477269	1.098264
29424	-179.2411	-242.64	63.39891	2.410004	1.878441
29430	-177.8226	-241.9813	64.15863	1.70196	1.84311
29436	-178.6966	-241.8545	63.15791	3.095995	1.564511
29442	-182.0035	-243.1699	61.16641	2.48636	3.227082
29448	-180.1763	-244.816	64.63965	2.517241	0.7359041
29454	-181.5448	-243.3222	61.77745	2.76958	2.688691
29460	-188.6061	-252.7838	64.17774	2.956493	0.7696575
29466	-183.5311	-247.5079	63.97685	3.248342	0.4133409
29472	-178.1877	-241.1297	62.94193	1.493128	2.757269
29478	-173.4994	-236.8157	63.31631	2.50426	1.870491
29484	-188.0964	-250.5986	62.50223	2.7671	2.235169
29490	-185.4635	-247.4417	61.97815	2.588452	2.67666
29496	-191.2934	-254.4836	63.19023	3.398714	1.307117
29502	-179.759	-243.9525	64.19351	2.288318	1.39221
29508	-184.8315	-248.6032	63.77172	2.806982	1.315397
29514	-183.8722	-246.5028	62.63061	4.486119	0.2894829
29520	-178.621	-241.2207	62.5997	4.517031	0.2894829
29526	-174.5166	-239.341	64.82441	2.333399	0.7344684
29532	-180.4388	-244.7175	64.27868	2.331706	1.289681
29538	-178.5256	-242.5381	64.01251	3.030688	0.8849836
29544	-185.6207	-249.9706	64.3499	1.886522	1.577338
29550	-177.7034	-241.0385	63.33511	2.562913	1.817358
29556	-179.9983	-244.242	64.24368	1.423739	1.973999
29562	-180.3109	-240.7966	60.48575	2.86764	3.403363
29568	-173.9114	-238.3447	64.43323	2.066524	1.37818
29574	-182.2038	-244.7556	62.55182	3.273132	1.8675
29580	-184.2845	-247.9058	63.62129	2.713392	1.504602
29586	-188.8028	-253.4712	64.66843	2.523542	0.6756639
29592	-185.1137	-248.154	63.04037	3.913298	0.9815172
29598	-184.2529	-247.4178	63.16488	3.333267	1.379441
29604	-177.0311	-239.7383	62.70722	3.017711	1.935356
29610	-176.7756	-238.4538	61.67817	2.02802	3.195447
29616	-174.1492	-234.7445	60.59533	1.674913	4.029361
29622	-170.524	-234.022	63.49801	3.739742	0.5486702
29628	-168.5224	-232.0634	63.54101	3.501525	0.2467769
29634	-163.8399	-228.437	64.5972	2.361316	0.9765647
29640	-167.1432	-231.275	64.13186	2.070983	1.601828
29646	-168.2374	-232.7654	64.52799	2.608297	0.766708
29652	-178.3657	-239.9172	61.5515	3.813875	2.173057
29658	-177.7028	-241.5808	63.87796	2.12891	1.741663
29664	-177.0737	-241.1927	64.119	2.759444	1.05543
29670	-172.0151	-236.3985	64.38343	1.51764	1.815258
29676	-168.6561	-231.5776	62.92151	1.849728	2.550131
29682	-173.1946	-237.372	64.17745	2.818818	0.9370166
29688	-179.424	-240.4811	61.05707	3.739399	2.534425
29694	-176.6323	-239.6165	62.98426	1.812211	2.534425
29700	-183.1924	-246.1914	62.99904	4.205358	0.6503859
29706	-181.4689	-246.3384	64.86955	2.09545	0.969892
29712	-184.8067	-248.4577	63.65105	3.313954	0.969892
29718	-185.6891	-247.4562	61.76712	2.311996	2.972888
29724	-179.3412	-243.5398	64.1986	2.948498	0.7508582
29730	-186.4436	-250.6276	64.18399	2.64278	1.103567
29736	-185.0815	-248.7163	63.63484	2.766579	1.454197
29742	-192.7364	-255.452	62.71554	4.029237	1.176602
29748	-188.7396	-251.7162	62.97663	2.558327	2.06205
29754	-184.6512	-248.6099	63.95874	2.548448	1.372344
29760	-187.4595	-251.8057	64.34626	2.81468	0.7295275
29766	-180.8297	-245.1784	64.34869	2.617463	0.9687021
29772	-177.4545	-241.7664	64.31194	2.722073	0.8954673
29778	-179.2362	-242.0511	62.81493	3.255989	1.696504
29784	-179.5009	-241.0791	61.57815	3.207184	2.541359
29790	-169.3133	-233.3924	64.07908	2.254963	1.505082
29796	-174.0524	-237.7969	63.7445	1.4714	2.269511
29802	-172.9605	-235.611	62.65051	2.956061	2.0146
29808	-169.151	-232.7881	63.63705	2.058997	1.954795
29814	-168.4	-232.3841	63.98412	1.711928	1.954795
29820	-179.1979	-242.873	63.67514	2.995373	1.239961
29826	-174.2512	-236.9169	62.66574	1.723679	2.785111
29832	-173.7057	-238.0601	64.35446	2.289262	1.262271
29838	-166.614	-231.3133	64.69924	1.96168	1.247984
29844	-169.5383	-234.3216	64.78331	2.330826	0.7974293
29850	-164.6128	-229.2069	64.5941	2.512625	0.8072624
29856	-168.7533	-230.8558	62.10252	4.189222	1.536587
29862	-171.1116	-234.6691	63.55754	2.582882	1.646916
29868	-172.2213	-235.9987	63.77742	2.582882	1.485353
29874	-170.1369	-233.4217	63.28488	3.075425	1.485353
29880	-168.5024	-230.1366	61.63416	2.443774	2.973596
29886	-170.7227	-234.7768	64.05403	2.443774	1.379715
29892	-172.4082	-236.5419	64.13374	2.602875	1.183688
29898	-164.8053	-229.0269	64.22158	2.515039	1.183688
29904	-180.5649	-244.6598	64.09493	2.75029	1.086591
29910	-170.4774	-234.5188	64.04137	2.695247	1.183688
29916	-172.4934	-236.7665	64.27306	2.396644	1.240639
29922	-173.7684	-235.673	61.90467	2.480442	2.787734
29928	-169.7076	-231.5376	61.83001	2.592386	2.764999
29934	-170.5578	-235.0268	64.469	2.772494	0.5191385
29940	-172.8177	-236.5609	63.74324	2.230613	1.76476
29946	-174.9642	-238.2115	63.24731	2.977665	1.585706
29952	-181.115	-245.1944	64.07941	2.372384	1.415535
29958	-176.5943	-240.2877	63.69342	2.753149	1.419571
29964	-174.6171	-238.2906	63.6735	2.675998	1.493482
29970	-184.8991	-249.0918	64.19273	2.232077	1.436314
29976	-177.4653	-241.6581	64.19273	2.232077	1.436314
29982	-176.0571	-240.1008	64.04374	3.174559	0.6174461
29988	-177.2971	-240.0659	62.76884	3.951328	1.19786
29994	-178.0268	-240.0608	62.03404	3.990618	1.729168
30000	-173.4828	-237.5945	64.11171	2.74605	1.074917
30006	-169.3744	-233.7237	64.34928	2.875844	0.5982174
30012	-176.9856	-240.6076	63.62206	3.279636	1.033127
30018	-176.0816	-240.665	64.58335	2.13424	1.20007
30024	-176.4303	-238.5792	62.14895	2.476587	2.640366
30030	-178.7848	-242.8727	64.08792	2.580763	1.241497
30036	-177.8203	-241.3052	63.48487	3.671814	0.736221
30042	-178.782	-241.9582	63.17614	2.101179	2.230026
30048	-177.9966	-242.7297	64.73312	1.962069	1.21917
30054	-174.762	-237.6037	62.84165	2.504766	2.185357
30060	-175.5291	-238.9295	63.40035	1.666452	2.364576
30066	-175.6151	-240.187	64.57194	2.487137	0.866481
30072	-175.2291	-239.0908	63.86174	3.359716	0.404924
30078	-175.552	-239.5733	64.02134	3.018324	0.8890318
30084	-173.5136	-237.949	64.43536	2.398493	1.097076
30090	-177.7159	-240.0749	62.35904	3.474245	1.861807
30096	-183.8411	-245.9822	62.14115	4.042972	1.615411
30102	-179.6289	-242.082	62.45309	3.016391	2.105123
30108	-177.0783	-240.7443	63.666	3.016391	1.229978
30114	-172.0836	-234.8205	62.73688	4.369569	0.2826099
30120	-182.8263	-247.3573	64.53099	2.688374	0.6146099
30126	-173.7162	-237.5019	63.78564	1.924944	1.94502
30132	-177.8684	-240.1581	62.28971	2.328716	2.644754
30138	-175.9968	-238.1547	62.15786	3.667736	1.867063
30144	-171.2733	-233.4012	62.12788	2.327344	2.744947
30150	-172.9146	-236.2174	63.30279	2.698169	1.745803
30156	-172.4772	-234.0863	61.60914	3.81919	2.132054
30162	-166.0149	-230.0311	64.01613	3.226042	0.495596
30168	-170.6041	-234.3816	63.77752	2.718563	1.381065
30174	-168.7596	-232.8899	64.13027	2.718563	1.083236
30180	-172.029	-236.2452	64.21613	2.796614	0.9191553
30186	-175.151	-237.7939	62.64281	2.544608	2.287752
30192	-175.1424	-239.0671	63.92464	3.245923	0.3338176
30198	-180.7124	-245.1733	64.46091	2.778159	0.4614411
30204	-185.8372	-248.7854	62.94827	4.15952	0.8058606
30210	-183.8314	-246.5745	62.7431	3.719888	1.406862
30216	-197.1991	-256.3136	59.11454	3.719888	3.705352
30222	-189.1294	-252.9369	63.80756	2.623084	1.431837
30228	-182.923	-246.9022	63.97922	2.920999	1.034556
30234	-194.5692	-257.2323	62.66314	1.912611	2.671033
30240	-191.6163	-254.2216	62.60525	2.360471	2.428443
30246	-193.7121	-255.4895	61.77741	2.328959	2.956496
30252	-187.965	-250.4314	62.46642	2.03939	2.713981
30258	-192.5077	-252.0591	59.55133	1.869433	4.5105
30264	-184.8157	-249.2982	64.48247	2.60066	0.8373691
30270	-177.1109	-240.7009	63.59003	2.443373	1.723013
30276	-180.2336	-239.6541	59.4205	4.315532	3.177747
30282	-177.7493	-241.1153	63.36607	3.02825	1.459596
30288	-177.5322	-241.7425	64.21032	2.493408	1.211914
30294	-170.7158	-234.1511	63.43538	2.957398	1.460768
30300	-170.6404	-234.6666	64.02621	2.916636	0.9924836
30306	-175.6259	-238.2786	62.65268	3.988907	1.264038
30312	-183.6339	-246.5072	62.87338	3.83931	1.204265
30318	-178.0941	-242.1625	64.06833	3.144831	0.6303886
30324	-178.1689	-242.0124	63.84348	3.396773	0.4693801
30330	-177.7291	-240.7453	63.01626	4.18326	0.6606606
30336	-183.5528	-246.5079	62.95513	4.033513	0.9451476
30342	-184.1526	-247.9308	63.77827	3.301087	0.842026
30348	-189.358	-253.0305	63.67254	3.371539	0.2475348
30354	-169.8849	-233.762	63.87715	3.151141	0.9019196
30360	-166.7932	-231.0252	64.23203	2.867507	0.8166169
30366	-169.8112	-233.3423	63.53115	3.664223	0.6690121
30372	-178.7485	-242.3411	63.59252	3.646252	0.5425847
30378	-174.9679	-237.9957	63.02773	3.646252	0.1370761
30384	-180.4602	-243.5667	63.10642	2.385673	2.090282
30390	-191.3652	-255.807	64.44181	2.593386	0.8941244
30396	-191.501	-252.3194	60.81848	2.505169	3.420786
30402	-178.959	-240.7101	61.75115	4.969493	1.197458
30408	-182.2133	-245.307	63.09366	3.750778	1.087314
30414	-184.3062	-247.3033	62.99712	3.750778	1.173893
30420	-188.4535	-249.9277	61.47418	4.091457	2.041765
30426	-186.6725	-250.0017	63.32928	3.274591	1.294999
30432	-195.3128	-258.8905	63.57767	2.976663	1.334965
30438	-193.0592	-256.2167	63.15753	3.72091	1.055432
30444	-187.5921	-250.4438	62.85164	3.316791	1.626756
30450	-183.4199	-244.6499	61.22997	2.130769	3.399058
30456	-184.8804	-243.7494	58.86901	2.422929	4.582872
30462	-186.0042	-249.2837	63.2795	3.399077	1.233188
30468	-185.2469	-249.1314	63.88449	3.284322	0.7167697
30474	-171.4708	-235.3427	63.87188	2.458863	1.50755
30480	-171.3822	-235.3131	63.93089	2.155025	1.685856
30486	-179.7879	-243.6189	63.83096	2.210597	1.717266
30492	-179.8931	-243.92	64.02684	1.860501	1.824718
30498	-181.6909	-245.5566	63.86564	2.983632	1.082827
30504	-186.0264	-249.1332	63.10678	3.858425	0.213863
30510	-182.7488	-246.1299	63.3811	3.858425	0.4642804
30516	-186.7894	-246.3284	59.53902	1.767107	4.574905
30522	-181.4939	-243.4873	61.99338	3.687408	1.965041
30528	-179.567	-241.7313	62.16432	3.516465	1.965041
30534	-184.3944	-246.4883	62.0939	3.483252	2.034139
30540	-185.2566	-247.9965	62.73989	4.500809	0.5279678
30546	-190.7506	-253.6693	62.91867	4.322026	0.5279678
30552	-181.2742	-242.282	61.00774	3.135414	2.93434
30558	-175.6209	-239.5284	63.90751	2.840849	1.173493
30564	-182.0155	-243.0096	60.99409	1.64753	3.816541
30570	-180.1319	-242.431	62.29904	2.197763	2.719503
30576	-178.8843	-241.5714	62.68708	1.731822	2.767132
30582	-183.0976	-247.4264	64.3288	2.185214	1.366971
30588	-174.5301	-238.7436	64.21349	1.487136	1.951718
30594	-177.5161	-241.461	63.94492	1.75571	1.951718
30600	-189.7818	-252.6289	62.84708	1.702514	2.687117
30606	-183.257	-242.9066	59.64953	1.416705	4.709335
30612	-182.3107	-241.4957	59.18501	2.062108	4.608019
30618	-185.0665	-246.8448	61.77834	2.062108	3.115676
30624	-185.7633	-250.4144	64.65111	1.923382	1.318791
30630	-176.3596	-240.4856	64.12599	2.601358	1.191685
30636	-182.5167	-245.8171	63.30041	1.436761	2.571295
30642	-180.2955	-241.6583	61.36285	2.64727	3.014302
30648	-176.7376	-239.5109	62.7733	2.751388	2.068822
30654	-176.9567	-240.9364	63.97976	2.675025	1.253089
30660	-182.1097	-245.7887	63.67897	2.982232	1.247746
30666	-181.5763	-245.4308	63.85456	2.905226	1.163498
30672	-177.605	-240.5357	62.93072	3.104828	1.7215
30678	-179.8054	-242.8636	63.05815	3.130746	1.611952
30684	-178.4122	-242.353	63.94081	3.252802	0.672476
30690	-181.7658	-245.5946	63.82883	3.36478	0.672476
30696	-182.6152	-246.1149	63.49972	3.638912	0.7633293
30702	-183.5741	-246.7703	63.19618	2.337492	2.0629
30708	-178.3573	-240.7864	62.42907	2.163212	2.660861
30714	-175.9431	-238.9963	63.05313	2.901327	1.778267
30720	-179.115	-243.0156	63.90056	2.595448	1.381119
30726	-176.8387	-240.1934	63.35475	2.053832	2.144946
30732	-177.8233	-241.5337	63.71041	2.676269	1.4654
30738	-171.9938	-235.2059	63.21204	3.16781	1.470583
30744	-184.6889	-247.699	63.01012	3.111169	1.66063
30750	-185.1641	-248.813	63.64887	2.835398	1.390301
30756	-182.5869	-244.8707	62.28375	1.913245	2.901857
30762	-185.4093	-243.6774	58.26818	0.8896956	5.764607
30768	-184.2887	-247.2204	62.93176	1.178018	2.954444
30774	-180.0516	-245.1175	65.06586	1.807904	1.059869
30780	-185.9181	-249.2967	63.37856	1.8029	2.291564
30786	-179.5489	-242.8112	63.26225	2.22295	2.094808
30792	-177.6106	-239.4564	61.84587	1.782674	3.241407
30798	-174.1036	-238.5995	64.49594	2.73652	0.5730943
30804	-178.232	-241.4712	63.23921	3.377388	1.2846
30810	-175.2113	-237.8297	62.61841	2.70609	2.199552
30816	-178.0595	-241.0844	63.0249	4.083098	0.8055816
30822	-180.1756	-242.9689	62.79324	3.352809	1.642877
30828	-183.0787	-247.4576	64.37893	2.806274	0.6883367
30834	-184.7706	-249.1084	64.3378	2.785384	0.7851413
30840	-179.645	-243.9168	64.27186	2.667229	0.9962548
30846	-187.0974	-249.3137	62.2163	4.290376	1.372745
30852	-185.0439	-246.332	61.28811	3.451883	2.569547
30858	-183.8983	-245.0149	61.11653	3.711824	2.514546
30864	-186.9982	-247.314	60.31583	3.456207	3.156369
30870	-173.5736	-238.0352	64.46159	2.484953	0.9887488
30876	-173.3969	-237.7498	64.35291	2.505225	1.074574
30882	-175.3286	-239.2927	63.96405	2.740281	1.211404
30888	-174.0911	-236.8415	62.75046	2.522629	2.23275
30894	-171.3807	-235.2535	63.87285	3.307611	0.6968656
30900	-177.5304	-240.0096	62.47915	4.731459	0.6364532
30906	-177.8867	-241.2573	63.37065	3.456922	1.102836
30912	-179.0805	-243.3449	64.26444	2.11685	1.469493
30918	-183.6831	-247.4446	63.76146	1.799301	2.044995
30924	-185.641	-249.6957	64.05475	2.33117	1.465981
30930	-182.1213	-246.0828	63.96154	1.464182	2.133762
30936	-183.3343	-246.3873	63.05303	2.071042	2.328187
30942	-184.2895	-248.5688	64.2793	2.742701	0.9089384
30948	-183.3835	-247.6281	64.24465	2.275976	1.361751
30954	-177.9465	-241.402	63.45547	2.642485	1.677289
30960	-176.0017	-239.4517	63.45003	3.773493	0.6029945
30966	-179.1817	-242.6222	63.44049	3.737935	0.3420131
30972	-175.7211	-239.0414	63.32024	3.865535	0.3502848
30978	-172.6078	-235.9722	63.36439	3.278139	1.263261
30984	-170.0058	-233.8234	63.81755	2.824978	1.263261
30990	-172.6172	-236.4931	63.87588	2.545224	1.439151
30996	-174.2588	-238.3681	64.10927	2.930479	0.8889457
31002	-174.9575	-238.9678	64.01027	3.22512	0.5606596
31008	-183.3661	-245.2321	61.86598	4.554653	1.439516
31014	-177.6217	-241.1823	63.5606	3.468906	0.9005509
31020	-183.259	-246.6121	63.35309	3.676417	0.9005509
31026	-176.7201	-240.2911	63.57098	3.417734	0.9450733
31032	-166.8833	-230.6703	63.78705	3.432773	0.4015307
31038	-168.2836	-232.3324	64.04879	2.897161	0.9893445
31044	-164.6969	-229.2882	64.59136	2.524197	0.795525
31050	-165.7858	-230.2857	64.49983	2.212228	1.204812
31056	-167.5675	-231.6217	64.05414	2.657919	1.204812
31062	-164.947	-229.6935	64.74648	2.441332	0.3526874
31068	-169.2062	-232.7395	63.53323	2.845592	1.471363
31074	-164.7329	-229.7203	64.98735	2.147225	0.7691602
31080	-160.7325	-224.3874	63.65492	1.940583	2.021962
31086	-165.0159	-229.1351	64.11926	2.643816	1.160617
31092	-170.8659	-235.374	64.5081	2.254969	1.160617
31098	-172.4804	-236.1431	63.66273	3.170625	1.097528
31104	-173.8616	-237.9229	64.06131	2.781719	1.088621
31110	-170.3566	-232.3954	62.03886	2.571103	2.649967
31116	-169.9411	-232.7171	62.77607	1.963941	2.569536
31122	-173.1716	-235.0964	61.92487	2.815142	2.569536
31128	-171.7585	-235.6025	63.84403	2.253082	1.677892
31134	-172.8132	-236.9813	64.16816	2.835722	0.9288131
31140	-173.3464	-237.4285	64.0821	2.929834	0.920047
31146	-173.9991	-237.0131	63.01398	4.19165	0.6477001
31152	-174.7448	-239.3606	64.61576	2.477809	0.8242555
31158	-184.9594	-249.1529	64.19353	2.914076	0.8060958
31164	-186.468	-251.0209	64.55289	2.215762	1.155704
31170	-189.4165	-252.0178	62.60134	3.492857	1.679966
31176	-181.9084	-246.3687	64.4603	2.281707	1.179014
31182	-182.1585	-244.2559	62.09748	4.52088	1.283163
31188	-182.049	-246.0509	64.00188	2.616479	1.283163
31194	-181.1138	-242.7759	61.66204	3.968014	1.998968
31200	-180.3246	-243.4474	63.12279	2.296141	2.138191
31206	-181.8432	-245.857	64.01379	2.441086	1.413151
31212	-179.3879	-243.206	63.81804	3.421013	0.4612976
31218	-178.7995	-242.9826	64.18309	3.025233	0.6416902
31224	-179.0641	-243.4365	64.37235	2.835974	0.6416902
31230	-172.5373	-237.0478	64.51047	2.623853	0.7695292
31236	-172.1021	-234.1568	62.05467	3.491641	2.054552
31242	-170.0974	-233.9314	63.83391	3.402411	0.4476956
31248	-173.8582	-236.4655	62.60728	2.52506	2.322919
31254	-166.8875	-231.0472	64.15972	3.08208	0.4858644
31260	-164.3264	-228.6296	64.30318	2.663193	0.9684769
31266	-169.0099	-232.793	63.78306	3.436695	0.6135719
31272	-165.2298	-229.0967	63.86692	3.26118	0.2975616
31278	-167.7808	-231.635	63.85422	3.387032	0.5222403
31284	-169.191	-233.3175	64.12651	3.09551	0.6073047
31290	-172.4876	-236.6122	64.12467	3.096909	0.6085441
31296	-182.1745	-245.2376	63.06311	4.110148	0.7093296
31302	-177.7811	-241.1975	63.41648	3.736021	0.3169982
31308	-172.0113	-236.0991	64.0878	3.026089	0.7977536
31314	-176.6744	-239.2752	62.60076	4.619762	0.6114832
31320	-173.6178	-237.1887	63.57091	3.151488	1.19595
31326	-177.7526	-240.5847	62.83214	2.602991	2.127612
31332	-182.1953	-246.2177	64.02236	3.054635	0.2648092
31338	-183.1911	-247.7612	64.57005	2.671098	0.4772995
31344	-185.5809	-248.038	62.45712	4.521794	0.2190938
31350	-184.9972	-247.2162	62.21899	4.521794	0.1505469
31356	-189.1013	-251.3203	62.21899	4.521794	0.1505469
31362	-178.4218	-240.984	62.56215	4.322021	0.1868386
31368	-172.3171	-235.319	63.00195	4.125859	0.2973463
31374	-175.0257	-238.5994	63.57366	3.513542	0.8322822
31380	-172.1047	-235.8269	63.72226	3.51433	0.5549005
31386	-177.3036	-241.1066	63.80296	3.436508	0.5379129
31392	-177.5797	-241.4196	63.83996	3.375134	0.6256467
31398	-178.2395	-240.9217	62.68217	3.131594	1.875138
31404	-176.5747	-240.3014	63.72679	3.092459	1.110427
31410	-176.8354	-238.0382	61.20282	2.790233	3.024527
31416	-175.4418	-237.8187	62.37691	4.065802	1.422544
31422	-166.1501	-230.2454	64.09526	3.130398	0.4144607
31428	-172.9689	-236.6834	63.71456	2.949838	1.245076
31434	-173.8435	-236.5295	62.68599	2.81446	2.084784
31440	-173.9563	-236.6618	62.70549	4.031946	1.182978
31446	-174.9367	-236.2894	61.35265	3.275464	2.638776
31452	-174.8153	-237.225	62.40968	4.550218	0.9751394
31458	-176.6513	-239.8045	63.15314	3.341257	1.382381
31464	-178.7209	-239.9893	61.26843	5.455137	1.194946
31470	-182.0022	-244.6992	62.69694	2.738545	2.127383
31476	-176.8388	-239.9577	63.11891	2.835761	1.778121
31482	-177.0512	-241.3713	64.32018	2.717383	0.8914337
31488	-174.8471	-239.098	64.2509	2.703774	0.9804893
31494	-178.2939	-242.369	64.07518	2.879491	0.9804893
31500	-175.9537	-239.4937	63.53997	3.669304	0.6395198
31506	-176.1264	-240.3115	64.18511	2.306711	1.384401
31512	-174.2013	-237.5162	63.31489	2.952908	1.554291
31518	-181.564	-243.7132	62.14925	2.485004	2.634992
31524	-191.6868	-255.0851	63.39833	3.018518	1.44241
31530	-184.7869	-248.7263	63.93933	3.273321	0.6316058
31536	-186.7955	-250.8999	64.10443	3.131103	0.4444507
31542	-196.5762	-260.5162	63.94002	2.416461	1.48823
31548	-185.3512	-249.5214	64.17017	1.965132	1.650594
31554	-180.7917	-244.004	63.21224	1.977739	2.286113
31560	-184.6516	-247.5224	62.87088	2.028942	2.469845
31566	-182.0875	-246.5083	64.42086	1.971028	1.461445
31572	-175.6919	-239.3446	63.6527	2.960432	1.287443
31578	-176.8559	-241.3186	64.46277	1.807421	1.552521
31584	-177.4366	-240.8697	63.43315	3.700824	0.7700203
31590	-176.534	-240.6004	64.06639	2.766269	1.098166
31596	-173.7343	-238.2327	64.4984	2.407025	1.029506
31602	-177.7735	-241.5884	63.81485	3.372242	0.6848567
31608	-190.3789	-253.3511	62.97223	4.260668	0.4348463
31614	-180.2624	-243.8677	63.60537	3.552892	0.7337614
31620	-178.1637	-239.2569	61.09318	3.702053	2.535193
31626	-174.292	-237.7496	63.45761	2.144103	2.017831
31632	-176.3964	-239.8245	63.42809	3.112181	1.346173
31638	-181.5579	-245.2033	63.6454	2.663914	1.523535
31644	-188.9438	-253.3686	64.42484	2.663914	0.8303382
31650	-183.6934	-247.4482	63.75473	3.487372	0.4926093
31656	-183.4196	-247.1709	63.75122	3.487372	0.4586661
31662	-184.9314	-248.7568	63.82539	3.415492	0.4746868
31668	-179.8509	-243.6801	63.82919	3.411691	0.4746868
31674	-176.318	-240.3265	64.00851	3.231339	0.4664689
31680	-178.0909	-241.6873	63.59645	3.569538	0.3293221
31686	-177.6645	-241.7875	64.12297	3.119189	0.5049574
31692	-174.7233	-238.8277	64.10438	3.119045	0.4092476
31698	-177.7904	-241.8562	64.06579	3.155243	0.4040467
31704	-172.9637	-237.3523	64.38864	2.847219	0.5584818
31710	-171.8462	-236.0194	64.17318	1.753922	1.797254
31716	-173.0209	-234.9088	61.88793	1.823031	3.192618
31722	-171.1825	-236.0799	64.89741	1.992285	1.044689
31728	-173.4893	-238.602	65.11271	1.77699	1.044689
31734	-173.3166	-237.7152	64.39858	2.229123	1.275495
31740	-197.5641	-259.0677	61.50363	5.350995	1.077844
31746	-193.6352	-256.0792	62.44394	3.694791	1.648132
31752	-189.3905	-250.4269	61.03641	4.162252	2.280558
31758	-191.7046	-254.8377	63.13312	2.403882	2.060698
31764	-181.0976	-244.44	63.34241	3.249372	1.304817
31770	-180.094	-244.4449	64.35085	2.195169	1.341598
31776	-178.5855	-243.0464	64.46097	2.250738	1.205112
31782	-181.603	-243.9523	62.34926	1.972991	2.825979
31788	-177.251	-239.6831	62.43209	1.59927	3.001563
31794	-178.727	-239.5735	60.84649	1.214852	4.148366
31800	-179.6965	-242.3239	62.62734	2.591178	2.267828
31806	-181.1653	-245.3419	64.17664	2.052708	1.582512
31812	-182.9451	-247.209	64.26391	1.965438	1.582512
31818	-184.3605	-247.2226	62.86209	3.367249	1.582512
31824	-185.2742	-246.3861	61.11194	3.518907	2.637091
31830	-177.849	-241.4418	63.59281	2.739068	1.5067
31836	-182.3432	-246.1259	63.78268	1.883342	1.974936
31842	-182.5704	-243.7501	61.17973	3.189065	2.797674
31848	-174.5363	-238.0525	63.51622	3.191236	1.208737
31854	-177.8752	-241.1345	63.25933	2.645286	1.812806
31860	-181.6493	-245.1677	63.51837	2.458533	1.762631
31866	-184.1092	-247.0834	62.97417	2.610912	2.028877
31872	-182.3224	-245.4498	63.12734	2.463966	2.024744
31878	-179.187	-242.4209	63.23383	2.357479	2.024744
31884	-177.4475	-241.5316	64.08404	2.174956	1.560767
31890	-175.3171	-239.2142	63.8971	3.339027	0.5572102
31896	-180.0064	-243.9409	63.9345	1.706484	1.991672
31902	-178.4469	-242.5779	64.13098	2.00396	1.650851
31908	-177.8156	-241.218	63.4024	2.732547	1.650851
31914	-183.3636	-247.5616	64.19799	2.888365	0.8333524
31920	-183.9203	-246.221	62.3007	3.83424	1.650851
31926	-184.3447	-247.9471	63.60241	2.931114	1.351534
31932	-184.6405	-247.6953	63.05489	3.531656	1.30906
31938	-186.4684	-249.5968	63.12845	4.0796	0.3804482
31944	-185.0412	-248.1468	63.10555	4.100863	0.3778687
31950	-190.4001	-253.4105	63.01044	3.868167	1.055273
31956	-186.0575	-249.5589	63.50139	3.347881	1.082834
31962	-184.7255	-249.1657	64.44026	2.390153	1.10023
31968	-183.0242	-247.7014	64.67713	2.421742	0.8174671
31974	-176.7184	-239.4228	62.70434	4.01958	1.19464
31980	-178.8827	-242.6221	63.7394	2.432138	1.624516
31986	-173.1429	-236.3776	63.23468	2.229107	2.108857
31992	-176.1745	-239.9101	63.73563	2.396154	1.653117
31998	-173.3235	-236.8158	63.49225	2.737079	1.582525
32004	-175.4571	-237.4844	62.02733	4.202	1.582525
32010	-175.728	-238.0134	62.28539	3.226918	2.076983
32016	-178.1273	-241.5072	63.37991	1.687069	2.364465
32022	-174.7419	-237.155	62.41312	1.757149	2.917992
32028	-171.4908	-235.3916	63.9008	2.30418	1.600278
32034	-172.5011	-234.5707	62.0696	2.277468	2.810894
32040	-170.3244	-233.8673	63.54289	2.294927	1.858707
32046	-169.1407	-233.4674	64.32665	2.552375	1.054874
32052	-180.0635	-244.1936	64.13012	3.111799	0.5120484
32058	-176.0299	-238.5973	62.56733	4.674592	0.5120484
32064	-171.1245	-234.2442	63.11972	3.996983	0.2894618
32070	-177.6583	-240.2711	62.61285	4.232208	0.175721
32076	-172.4338	-235.3499	62.91614	4.232208	0.313458
32082	-170.3377	-233.125	62.78732	4.182833	0.2157256
32088	-173.0472	-237.1157	64.06845	3.06947	0.7643548
32094	-176.8897	-239.8247	62.935	4.098459	0.8960869
32100	-181.9453	-242.9458	61.00047	6.032992	0.8960869
32106	-186.05	-248.2963	62.24626	4.539548	1.140511
32112	-178.7809	-242.7687	63.98786	2.730116	1.199746
32118	-178.471	-242.0729	63.60191	2.730116	1.506586
32124	-183.3369	-246.1001	62.76324	4.465584	0.4225937
32130	-180.2045	-243.321	63.11652	4.124944	0.5194965
32136	-180.898	-244.7937	63.89574	3.248923	0.7544853
32142	-176.5055	-240.4477	63.94224	3.057766	0.2276066
32148	-178.8857	-243.0591	64.17341	2.606496	1.145758
32154	-176.8541	-240.3483	63.49416	2.304119	1.885681
32160	-180.1944	-242.9925	62.79812	3.94106	1.181466
32166	-185.153	-248.1553	63.00232	3.16709	1.626052
32172	-177.029	-241.0711	64.04205	3.183581	0.5966494
32178	-173.6342	-237.8967	64.26246	2.226111	1.386939
32184	-172.9964	-236.5257	63.52928	3.492828	0.9088144
32190	-172.5173	-236.1406	63.62331	2.772182	1.458704
32196	-169.3381	-230.1489	60.81085	5.973469	1.141835
32202	-167.8889	-229.683	61.79404	5.065743	1.073027
32208	-166.4262	-230.1779	63.75173	3.391341	0.7568423
32214	-170.8453	-235.1441	64.29876	2.60572	1.030423
32220	-177.1821	-240.6774	63.49524	3.735498	0.5795874
32226	-178.4302	-241.0548	62.62461	3.791848	1.442712
32232	-173.5901	-236.9329	63.34284	3.008542	1.492069
32238	-177.0846	-239.7149	62.63027	2.871768	2.083739
32244	-182.5714	-246.0001	63.42865	3.562389	0.2239148
32250	-176.5053	-239.8967	63.39134	3.769622	0.7294933
32256	-171.8792	-234.0814	62.20214	1.758476	3.043948
32262	-171.3336	-235.083	63.74943	2.595342	1.497036
32268	-174.3402	-238.4522	64.11199	2.232777	1.497036
32274	-170.599	-234.6507	64.05172	3.009645	0.8637775
32280	-174.0268	-237.9324	63.9056	1.813596	1.939223
32286	-175.8562	-240.3786	64.52238	2.702171	0.4118239
32292	-186.3091	-250.7342	64.42514	2.762572	0.6837127
32298	-178.8694	-241.9486	63.07923	3.722013	1.126702
32304	-177.3053	-239.3874	62.08215	4.867755	0.985338
32310	-177.2854	-240.1227	62.83733	4.05606	1.041146
32316	-179.8218	-240.85	61.02818	3.677279	2.590965
32322	-172.93	-233.3926	60.46266	2.381774	3.699571
32328	-174.3785	-234.2334	59.85498	3.400238	3.46082
32334	-175.7804	-236.999	61.21858	2.644682	3.102082
32340	-180.431	-242.4868	62.0558	3.754777	1.87731
32346	-177.1703	-240.6091	63.43885	3.712024	0.7451669
32352	-181.3276	-245.6853	64.35773	2.811001	0.7169004
32358	-178.5701	-241.6518	63.08168	4.157473	0.461928
32364	-196.9231	-261.9523	65.02919	2.083392	0.7995095
32370	-183.8723	-247.5643	63.69198	2.510129	1.60236
32376	-183.9627	-247.8277	63.86499	2.89497	1.163348
32382	-178.5964	-240.8943	62.29795	1.726137	3.005927
32388	-179.5821	-242.4637	62.88169	1.383262	2.860745
32394	-181.0582	-243.061	62.00286	1.751401	3.166928
32400	-177.4126	-240.9871	63.5745	2.547732	1.659959
32406	-180.827	-244.6943	63.86728	2.416373	1.542577
32412	-179.9017	-243.4297	63.528	2.755651	1.542577
32418	-190.757	-254.5547	63.79767	2.651988	1.417184
32424	-189.5331	-253.0057	63.47259	3.694053	0.7203449
32430	-188.8301	-252.6685	63.83847	3.399188	0.5492205
32436	-185.7129	-249.0853	63.37237	3.836733	0.6399212
32442	-186.0171	-247.115	61.09794	5.290854	1.463801
32448	-186.3704	-250.882	64.51161	1.918159	1.432503
32454	-189.4889	-252.729	63.24016	2.628686	1.837444
32460	-186.2294	-249.8719	63.64247	3.439113	0.8392872
32466	-188.055	-250.9549	62.89986	2.256598	2.307538
32472	-185.8282	-248.1704	62.34221	3.216513	2.046344
32478	-182.4664	-246.5804	64.11397	2.303637	1.441831
32484	-182.0785	-246.5988	64.52037	2.7007	0.6099813
32490	-180.6109	-244.5674	63.95646	2.562683	1.362918
32496	-185.1567	-247.0999	61.9432	2.652864	2.65853
32502	-189.5533	-251.8757	62.32241	2.845811	2.300026
32508	-183.2047	-246.2713	63.06666	3.925105	0.2242097
32514	-179.9262	-243.6616	63.73542	3.506436	0.486922
32520	-174.0298	-238.5165	64.48666	2.712013	0.6623981
32526	-177.389	-241.7001	64.31112	2.906032	0.6204344
32532	-180.2425	-242.4902	62.24768	4.414265	1.247123
32538	-177.7414	-240.895	63.15359	1.638628	2.537073
32544	-176.3435	-239.3197	62.97616	2.947423	1.799697
32550	-172.515	-237.4977	64.9827	2.248413	0.5782278
32556	-174.231	-239.1407	64.90969	1.731262	1.264567
32562	-174.6978	-237.5783	62.88052	2.378105	2.242063
32568	-177.3525	-240.6296	63.27712	3.587448	1.068539
32574	-170.4353	-235.4352	64.99987	2.19384	0.6722948
32580	-173.9419	-238.5732	64.63133	2.125916	1.165726
32586	-175.4819	-240.4936	65.01175	2.153887	0.721986
32592	-175.6208	-240.3846	64.76376	2.368733	0.7721279
32598	-172.6423	-237.4593	64.81701	2.414453	0.5769169
32604	-183.4531	-247.5626	64.10944	3.10828	0.6189516
32610	-179.2512	-242.8147	63.56351	3.417602	0.9531104
32616	-180.3561	-244.6996	64.34341	2.805331	0.7483902
32622	-176.971	-240.9203	63.94925	3.19949	0.7483902
32628	-178.6544	-240.9505	62.2961	1.64777	3.053961
32634	-183.5522	-245.499	61.94684	1.99703	3.053961
32640	-189.2848	-248.5827	59.29787	2.626091	4.22637
32646	-179.1472	-241.3333	62.1861	2.661181	2.502725
32652	-178.0609	-242.1944	64.13342	2.900965	0.8950466
32658	-173.4706	-236.4207	62.95006	1.649079	2.65664
32664	-173.8416	-237.8665	64.02488	3.195279	0.6124709
32670	-173.7561	-236.9534	63.19726	3.969379	0.3299518
32676	-171.5337	-235.2064	63.67269	3.369863	0.8857242
32682	-176.5362	-237.3383	60.80212	6.063815	1.067259
32688	-178.2608	-241.4219	63.16107	4.07967	0.473372
32694	-172.5134	-236.511	63.99761	2.736396	1.185945
32700	-179.9595	-243.6969	63.73743	2.317896	1.707539
32706	-181.0183	-244.4291	63.41078	3.361107	1.152857
32712	-181.4373	-246.1156	64.67832	2.354762	0.8965149
32718	-187.2823	-250.2035	62.92123	3.913744	1.096043
32724	-192.8463	-254.9002	62.05389	3.501155	2.048777
32730	-186.6203	-250.9413	64.32096	2.391999	1.204041
32736	-184.7521	-249.2369	64.48483	2.228122	1.204041
32742	-180.6072	-244.5251	63.91785	2.772228	1.223494
32748	-178.7172	-242.6194	63.90222	2.325009	1.584057
32754	-185.6526	-249.2236	63.57095	2.773026	1.497633
32760	-183.7986	-246.3448	62.54622	4.039107	1.310045
32766	-184.6794	-248.264	63.58461	2.996789	1.31322
32772	-178.7767	-243.1266	64.34986	2.215679	1.325987
32778	-186.3551	-250.0121	63.65708	2.311922	1.768143
32784	-182.8816	-246.8798	63.99813	2.385002	1.468091
32790	-186.2628	-249.4867	63.2239	2.952298	1.621144
32796	-179.2998	-243.7697	64.46982	2.755571	0.5973789
32802	-177.4608	-239.7113	62.25049	3.070402	2.201887
32808	-175.4848	-239.4155	63.93071	2.137892	1.698147
32814	-177.518	-242.2437	64.72575	2.418916	0.7544795
32820	-171.3528	-234.8753	63.52244	3.216106	1.182012
32826	-165.0927	-228.2833	63.19061	3.806432	0.9361879
32832	-168.2339	-229.9699	61.73601	4.887863	0.1280423
32838	-166.6242	-230.6985	64.07425	3.038276	0.2866273
32844	-167.8826	-231.9571	64.07448	3.022832	0.8194768
32850	-166.5861	-228.826	62.23999	3.215267	2.114448
32856	-166.9696	-227.7407	60.77103	4.810164	2.031457
32862	-168.6623	-232.2604	63.59816	3.473992	0.8508289
32868	-173.3231	-235.51	62.18699	4.970463	0.7350335
32874	-172.6421	-237.2353	64.59314	2.607279	0.6588073
32880	-169.1072	-233.5484	64.44126	2.607279	0.8788222
32886	-170.4255	-234.2642	63.83872	2.487644	1.510825
32892	-169.6251	-233.6094	63.98431	3.06484	0.8781084
32898	-175.4459	-237.8244	62.37852	4.806822	0.3497727
32904	-172.2327	-236.1825	63.94983	3.1669	0.7939334
32910	-182.0005	-243.5513	61.55081	5.662109	0.630976
32916	-173.0408	-235.0603	62.01952	3.422585	2.123051
32922	-176.2298	-236.8216	60.59174	4.185009	2.546701
32928	-172.0706	-235.129	63.05845	3.012477	1.696494
32934	-177.7941	-239.8441	62.04998	4.020946	1.696494
32940	-173.6198	-237.4515	63.83171	2.331511	1.630515
32946	-175.8967	-239.0819	63.18513	3.275733	1.408511
32952	-180.9533	-245.5731	64.61971	2.449964	0.8538314
32958	-186.1489	-247.9246	61.77568	4.02387	1.884818
32964	-178.547	-242.526	63.97893	2.966954	0.9894133
32970	-181.3278	-245.0306	63.70278	1.779091	2.096996
32976	-175.7521	-240.0687	64.3166	2.744881	0.8636339
32982	-171.9865	-234.9554	62.96892	2.111049	2.356222
32988	-170.0308	-234.562	64.53123	2.103055	1.270074
32994	-168.4064	-233.3761	64.96962	2.026466	0.9372135
33000	-165.9609	-230.7946	64.83369	2.295722	0.7764788
33006	-163.957	-227.7874	63.83037	3.294463	0.295183
33012	-170.3582	-234.1407	63.78249	2.927762	1.206355
33018	-171.6026	-235.1551	63.55242	2.203111	1.914687
33024	-166.7763	-230.903	64.12671	2.909209	0.8933028
33030	-170.4774	-232.9801	62.50276	1.904458	2.774262
33036	-172.0269	-232.3383	60.31141	1.904458	4.060381
33042	-170.8195	-234.0154	63.1959	3.554571	1.171644
33048	-167.4847	-231.2401	63.75537	3.483113	0.4580682
33054	-169.2209	-233.2883	64.0674	3.167518	0.562827
33060	-175.1093	-238.6931	63.58376	3.643627	0.5910886
33066	-174.029	-237.6526	63.62359	3.499868	0.7847612
33072	-174.0181	-236.6895	62.67142	3.623398	1.53431
33078	-178.8308	-242.3178	63.487	3.197065	1.228569
33084	-179.1398	-240.7711	61.63131	2.922155	2.684735
33090	-175.4997	-239.1301	63.63041	2.31837	1.782218
33096	-173.9231	-237.1488	63.22567	2.303267	2.066024
33102	-173.2929	-235.7062	62.41324	2.241311	2.622457
33108	-172.1767	-235.1248	62.94815	2.106146	2.372503
33114	-174.8289	-237.9929	63.16395	3.446562	1.289582
33120	-177.3567	-240.8223	63.46552	3.22347	1.22441
33126	-176.9702	-240.1994	63.22921	4.012792	0.4899866
33132	-172.315	-235.847	63.532	3.709762	0.4852953
33138	-169.9592	-234.2871	64.32797	2.832609	0.7301093
33144	-170.8994	-234.2197	63.32035	3.784221	0.8100785
33150	-164.8044	-229.1571	64.35272	2.887588	0.5314893
33156	-162.7184	-227.0589	64.34054	2.887588	0.588653
33162	-171.0988	-233.6477	62.54896	1.877858	2.762303
33168	-176.6521	-236.3193	59.66717	7.388338	0.8706898
33174	-178.2634	-237.4554	59.19208	7.863429	0.8706898
33180	-176.7149	-237.0628	60.34791	6.585127	1.002312
33186	-180.6304	-241.9495	61.3191	5.759738	0.842669
33192	-171.0415	-231.7089	60.66741	5.39615	1.701715
33198	-171.0211	-232.4615	61.44047	4.829039	1.553024
33204	-168.3395	-229.855	61.51549	5.289006	1.123773
33210	-176.3844	-236.7879	60.40347	6.596418	0.9331308
33216	-176.6155	-239.9075	63.292	3.318716	1.289413
33222	-177.0953	-240.9502	63.85494	3.327	0.6942306
33228	-174.5756	-236.7314	62.15581	3.830262	1.756222
33234	-175.1036	-237.7339	62.63033	2.363167	2.410934
33240	-185.55	-250.5252	64.9752	1.767018	1.17883
33246	-181.851	-245.2532	63.40219	2.191048	2.023467
33252	-189.9724	-252.4005	62.42814	3.269326	1.953845
33258	-182.2472	-245.4875	63.24031	2.410082	1.985392
33264	-185.0775	-248.2571	63.17964	3.472358	1.255406
33270	-186.0852	-248.4123	62.32716	4.214453	1.345111
33276	-195.2021	-255.2558	60.05372	4.228415	2.850325
33282	-198.1514	-261.0407	62.88934	3.850678	1.180738
33288	-192.1428	-255.7556	63.6128	3.154485	1.156912
33294	-186.1145	-248.1668	62.05235	3.779348	1.862895
33300	-184.1505	-247.5871	63.43667	2.300172	1.927325
33306	-186.9718	-250.4703	63.49853	3.350351	1.083198
33312	-184.6071	-249.1523	64.54514	2.658411	0.6522072
33318	-183.8445	-247.296	63.45152	2.62444	1.692925
33324	-180.4031	-244.2595	63.85646	3.327934	0.6898178
33330	-176.8008	-240.7879	63.98712	3.212552	0.660343
33336	-179.0497	-242.4683	63.41858	3.559368	0.2187169
33342	-177.0498	-239.8141	62.76434	4.35221	0.2893623
33348	-177.9073	-239.503	61.59571	2.927133	2.703538
33354	-174.8183	-238.4923	63.67396	1.986578	1.978604
33360	-176.3133	-237.4463	61.133	2.164509	3.436091
33366	-175.2172	-237.0087	61.79152	1.79166	3.268209
33372	-178.8647	-243.1183	64.25369	1.367066	2.00516
33378	-183.1181	-247.904	64.78591	1.668355	1.413626
33384	-183.3243	-247.7209	64.39659	2.086608	1.39114
33390	-174.7349	-235.9096	61.1747	2.013412	3.500006
33396	-176.3258	-238.5609	62.23511	2.66203	2.471523
33402	-172.8707	-236.6107	63.74006	2.909104	1.257766
33408	-176.3416	-239.2452	62.90367	3.805853	1.206977
33414	-176.9553	-240.7562	63.80096	2.822483	1.278991
33420	-178.7158	-241.8601	63.14435	3.897747	0.2465666
33426	-180.2595	-243.8429	63.58338	3.658207	0.5177589
33432	-171.9199	-235.4146	63.49476	3.682489	0.3407455
33438	-177.3652	-240.2518	62.88658	4.198745	0.2695923
33444	-180.2541	-243.0071	62.75302	4.180255	0.2024769
33450	-188.0542	-251.3291	63.27492	3.822416	0.2768233
33456	-184.0343	-247.0658	63.03153	3.822416	0.1781564
33462	-184.9942	-248.4372	63.443	3.770851	0.6287019
33468	-186.0856	-246.5889	60.50336	5.053349	2.047675
33474	-182.623	-246.4305	63.80747	3.160092	0.9672402
33480	-184.1605	-247.688	63.52751	1.799341	2.198033
33486	-184.1305	-247.8124	63.68186	3.209486	1.04311
33492	-182.7967	-246.0385	63.24175	3.975553	0.6200451
33498	-176.9793	-240.1213	63.14205	3.975553	0.2900864
33504	-176.4617	-240.4079	63.94618	3.212214	0.3222162
33510	-176.4564	-240.7274	64.27098	2.969973	0.4753788
33516	-172.3792	-236.3544	63.97524	3.209148	0.6898293
33522	-173.9927	-236.2148	62.22213	3.524797	1.920509
33528	-168.7439	-231.7051	62.96121	4.043334	0.2295179
33534	-172.6342	-236.4251	63.79088	2.581691	1.47609
33540	-171.4144	-234.428	63.01363	3.728794	1.178647
33546	-174.0377	-238.099	64.06138	1.99619	1.705958
33552	-176.2876	-239.9342	63.64656	3.459404	0.8082553
33558	-174.8246	-236.8221	61.9974	4.060751	1.705542
33564	-176.4238	-240.5292	64.1054	2.324493	1.43241
33570	-181.0191	-243.1898	62.17069	3.702587	1.834398
33576	-180.3504	-244.6234	64.27298	2.948886	0.4058173
33582	-186.183	-248.8528	62.66972	4.463912	0.3017009
33588	-172.5399	-237.349	64.80913	2.282704	0.8264601
33594	-176.4241	-240.8651	64.44097	2.767137	0.6421899
33600	-184.4427	-244.8234	60.38068	3.75423	2.939307
33606	-178.4707	-242.9556	64.4849	2.530357	0.916393
33612	-176.717	-241.2211	64.50419	2.530357	0.8948588
33618	-179.3059	-242.8427	63.53685	3.691631	0.5874965
33624	-169.7852	-234.0112	64.22597	2.931232	0.321149
33630	-179.0752	-242.5688	63.49354	2.664311	1.634387
33636	-179.3096	-243.0311	63.72142	2.607475	1.508928
33642	-178.0082	-242.0968	64.08866	2.77371	1.070607
33648	-181.8606	-245.1046	63.24404	2.542402	1.893728
33654	-177.9543	-242.143	64.18872	3.014985	0.6518731
33660	-178.088	-242.0831	63.99509	3.234972	0.4260768
33666	-181.9247	-246.4816	64.55687	2.12546	1.230036
33672	-181.6782	-245.6708	63.99252	2.131486	1.658685
33678	-177.5752	-241.1112	63.536	3.254982	1.135896
33684	-176.4655	-240.5547	64.08915	3.084516	0.7086484
33690	-176.5946	-240.7797	64.18509	3.007096	0.6752378
33696	-177.6157	-241.6093	63.99362	3.246617	0.5320814
33702	-184.9607	-248.9514	63.99068	3.246617	0.5511784
33708	-177.0045	-241.1033	64.09875	3.138554	0.5511784
33714	-183.3262	-243.8585	60.53229	4.577157	2.337492
33720	-177.583	-242.1853	64.60232	2.070338	1.238166
33726	-177.2261	-240.0099	62.78375	2.256183	2.381594
33732	-177.5484	-239.0662	61.51773	3.488202	2.403091
33738	-182.4929	-243.7009	61.20797	3.797961	2.403091
33744	-182.1424	-244.5125	62.37005	3.109007	2.098839
33750	-179.8724	-243.4966	63.62411	3.367354	0.9421546
33756	-179.8313	-243.8996	64.06827	3.094399	0.726764
33762	-178.823	-242.2733	63.45031	3.773204	0.6029959
33768	-176.3023	-239.6557	63.35338	3.773204	0.296452
33774	-179.9785	-243.2393	63.26081	3.773204	0.2426939
33780	-172.7136	-236.3425	63.62896	1.822202	2.117129
33786	-168.7689	-233.1741	64.40517	2.24913	1.253494
33792	-180.5285	-243.1263	62.59772	3.203404	1.883747
33798	-177.0574	-239.7859	62.72853	1.701735	2.760198
33804	-180.5258	-242.3153	61.78949	2.866455	2.621595
33810	-179.7142	-243.0027	63.28842	2.408157	1.954439
33816	-183.9923	-246.0676	62.07522	4.488855	1.327158
33822	-184.2536	-247.325	63.07138	3.232973	1.527231
33828	-183.979	-245.316	61.33704	3.020486	2.804534
33834	-177.5798	-242.1461	64.56633	2.529987	0.8207519
33840	-178.7848	-242.9261	64.14131	3.046238	0.3523768
33846	-181.1071	-245.8659	64.75881	2.319948	0.8427673
33852	-187.6165	-252.2753	64.65877	2.319948	0.9556188
33858	-186.4008	-250.9166	64.51585	2.513993	0.9001764
33864	-175.0651	-238.9689	63.90384	3.025508	1.005988
33870	-173.655	-237.5947	63.9397	3.003883	0.9917381
33876	-172.9057	-237.273	64.36732	2.737718	0.809471
33882	-175.7197	-238.5762	62.85641	2.638274	2.088576
33888	-179.6466	-243.1439	63.49728	2.681051	1.619602
33894	-180.8466	-243.2208	62.37415	2.690133	2.366171
33900	-180.3843	-242.5381	62.1538	1.519285	3.215059
33906	-182.0927	-245.2436	63.15094	2.512205	1.976862
33912	-180.9157	-244.012	63.09632	2.719653	1.873632
33918	-175.6378	-239.5506	63.91276	2.645603	1.331742
33924	-179.3677	-243.6392	64.27148	2.645603	1.018109
33930	-189.1659	-253.4587	64.29278	2.316677	1.290444
33936	-184.11	-247.84	63.72991	2.208646	1.789319
33942	-183.3811	-246.9954	63.61438	1.931292	2.054974
33948	-184.8394	-249.6302	64.79088	2.323651	0.7969024
33954	-193.1683	-256.239	63.07068	3.454273	1.358327
33960	-187.0267	-248.7308	61.70413	2.532299	2.878012
33966	-189.3427	-253.8122	64.46949	2.76441	0.5672614
33972	-181.8123	-246.3096	64.49732	2.399802	1.037543
33978	-181.0428	-245.5252	64.48236	2.170937	1.254326
33984	-180.1829	-244.4419	64.25903	2.737641	0.9365878
33990	-186.1807	-249.5485	63.36779	3.554355	1.013128
33996	-181.0557	-244.5056	63.44991	2.919751	1.478291
34002	-182.0257	-245.741	63.71526	2.609944	1.511692
34008	-182.3802	-246.5949	64.21467	2.588397	1.125063
34014	-185.8355	-249.3562	63.52075	2.709766	1.581656
34020	-177.6758	-241.6337	63.95786	2.43089	1.463829
34026	-175.7642	-238.99	63.22586	1.595478	2.518927
34032	-172.2105	-236.6082	64.39771	2.832331	0.5821114
34038	-176.7443	-241.1211	64.37684	2.627523	0.9282891
34044	-179.0201	-241.75	62.72988	2.142417	2.487086
34050	-177.2349	-241.2907	64.05581	2.371006	1.434772
34056	-172.6048	-235.7879	63.18316	3.001203	1.61524
34062	-177.2359	-240.6873	63.45131	3.765862	0.6203729
34068	-175.3935	-238.2324	62.83892	4.377795	0.62156
34074	-176.6785	-240.0596	63.38113	3.493099	1.059426
34080	-169.2316	-233.4324	64.20085	2.088572	1.538307
34086	-172.657	-236.72	64.06308	2.375629	1.425633
34092	-169.439	-234.0936	64.65467	1.937174	1.304768
34098	-174.4692	-238.3666	63.89745	3.156731	0.8722483
34104	-177.6091	-241.4671	63.85803	2.705904	1.327276
34110	-177.0149	-240.7799	63.76503	2.798906	1.327276
34116	-176.8316	-240.5719	63.74026	2.798906	1.347052
34122	-170.7833	-234.4689	63.6856	2.353159	1.719238
34128	-181.0418	-244.7566	63.71486	3.444745	0.7316452
34134	-177.0972	-240.5207	63.42352	2.222078	1.98859
34140	-171.4674	-235.8644	64.39699	2.266144	1.246131
34146	-174.5314	-238.2469	63.71545	3.514057	0.5839758
34152	-172.0073	-236.4656	64.4583	2.771207	0.5839758
34158	-173.2963	-236.7996	63.50325	3.120064	1.279099
34164	-174.6806	-238.9387	64.25807	2.593096	1.081072
34170	-191.696	-256.4006	64.70463	2.152822	1.075211
34176	-189.999	-252.6732	62.67415	2.490839	2.302089
34182	-185.2105	-246.6813	61.47081	1.648758	3.539948
34188	-182.4949	-247.0095	64.51463	2.565683	0.8408557
34194	-186.9032	-247.9498	61.04665	2.859798	3.076318
34200	-186.6776	-249.9819	63.30433	3.883547	0.6834055
34206	-191.6167	-252.5937	60.97701	5.736856	1.203266
34212	-182.7694	-245.8603	63.09089	3.475274	1.325488
34218	-186.5446	-249.0358	62.49113	2.435219	2.4532
34224	-190.4222	-251.2863	60.86409	4.13797	2.405533
34230	-184.0316	-246.2871	62.25546	1.395967	3.227878
34236	-182.633	-245.44	62.80705	3.05144	1.844549
34242	-181.9284	-244.7062	62.77783	2.509994	2.223251
34248	-186.9452	-248.5293	61.58408	1.443026	3.593716
34254	-190.2834	-253.5093	63.22597	2.876035	1.674402
34260	-195.5616	-259.2991	63.73754	2.614537	1.491549
34266	-194.5511	-254.9787	60.42757	5.924505	1.491549
34272	-191.8309	-253.5905	61.75953	4.423301	1.616349
34278	-196.1738	-259.5715	63.39769	3.794134	0.3576076
34284	-195.8013	-258.393	62.5917	4.276437	0.1821518
34290	-195.1151	-256.3425	61.22733	5.835393	0.8621624
34296	-193.3918	-255.2386	61.84679	2.521126	2.798211
34302	-185.1565	-248.1216	62.96509	3.769411	1.18552
34308	-195.0693	-258.2894	63.22017	3.994811	0.3922208
34314	-194.7682	-257.8565	63.08826	4.100199	0.3534699
34320	-197.1675	-257.139	59.97141	6.903345	1.058927
34326	-198.7437	-258.4383	59.69454	7.180215	1.058927
34332	-202.6872	-263.1841	60.49692	4.428465	2.453803
34338	-204.907	-267.2731	62.36607	4.699434	0.8588432
34344	-199.0293	-259.7949	60.76557	5.148099	1.806555
34350	-201.5537	-264.7647	63.21096	2.627782	1.85808
34356	-196.8209	-260.0345	63.21364	3.056047	1.552893
34362	-204.3877	-267.0312	62.64349	3.969812	1.287302
34368	-196.3982	-259.9549	63.55664	3.622949	0.3432785
34374	-194.8662	-253.9388	59.07262	5.254586	2.822971
34380	-196.4099	-257.4492	61.03931	4.627079	1.97469
34386	-192.8511	-255.9884	63.13724	3.993352	0.7748185
34392	-201.0822	-261.7331	60.6509	5.750174	1.454457
34398	-198.8829	-260.8157	61.93284	3.422971	2.179263
34404	-193.9747	-257.1419	63.16724	2.686039	1.848123
34410	-196.7956	-261.1511	64.35555	2.359106	1.202585
34416	-191.6526	-254.9927	63.34009	3.374567	1.202585
34422	-184.5875	-247.5245	62.93701	2.71375	1.98514
34428	-180.7534	-245.2551	64.50176	2.166269	1.242044
34434	-180.1367	-243.7801	63.64339	3.331177	0.2174098
34440	-173.53	-236.6385	63.10852	4.132817	0.4793847
34446	-173.6495	-238.0715	64.42191	2.741827	0.7250582
34452	-173.6597	-235.5306	61.87083	2.929712	2.531888
34458	-174.2761	-237.6311	63.35504	3.887011	0.5088094
34464	-172.4293	-235.9158	63.4865	3.755554	0.5088094
34470	-173.0395	-235.3208	62.28133	3.52109	1.882868
34476	-168.2252	-229.9912	61.766	3.413468	2.292841
34482	-171.6087	-232.7102	61.10152	3.537421	2.632098
34488	-178.8038	-242.649	63.84524	3.062435	1.027314
34494	-175.3535	-238.2793	62.92579	1.829281	2.560182
34500	-183.664	-246.7145	63.0505	3.259755	1.522834
34506	-176.5888	-240.3009	63.7121	3.492405	0.6501397
34512	-182.8589	-246.5065	63.64759	3.565179	0.6313385
34518	-179.9	-242.1583	62.25824	2.961696	2.266919
34524	-182.9169	-246.6476	63.73071	3.477264	0.3803264
34530	-180.3704	-244.0193	63.64884	3.458967	0.283495
34536	-178.5063	-242.2091	63.70276	3.508685	0.3860132
34542	-176.111	-239.8792	63.76816	3.345177	0.2871742
34548	-177.5839	-240.2296	62.64561	4.206426	1.080261
34554	-180.2906	-242.7817	62.49101	4.164459	1.252524
34560	-170.148	-234.4196	64.27153	2.884533	0.7371935
34566	-176.0438	-239.1784	63.13462	3.442138	1.316959
34572	-189.1088	-252.3103	63.2015	4.019069	0.6113387
34578	-184.185	-247.9888	63.80379	3.316159	0.2917169
34584	-176.5076	-240.1502	63.64259	2.669844	1.521213
34590	-173.8054	-237.1761	63.37068	2.259224	1.999068
34596	-174.9922	-237.771	62.77879	2.734989	2.076011
34602	-174.5115	-237.419	62.90756	3.709661	1.28409
34608	-174.0452	-237.822	63.77685	3.461098	0.5475926
34614	-173.9244	-238.562	64.63758	2.604616	0.4975578
34620	-175.6524	-239.6357	63.98329	2.447509	1.431712
34626	-174.7069	-236.049	61.34212	2.732538	2.975567
34632	-169.8133	-234.5587	64.74539	2.336714	0.8386392
34638	-172.4592	-237.2787	64.81957	2.084985	1.030348
34644	-175.5506	-240.4335	64.88295	2.086384	0.965413
34650	-179.8932	-244.5987	64.70545	1.76621	1.400127
34656	-186.3221	-250.6277	64.30551	2.635537	0.9942896
34662	-182.4612	-245.6589	63.19767	3.997189	0.6700323
34668	-179.9599	-244.3239	64.364	2.095201	1.409799
34674	-181.7156	-243.8689	62.15336	2.314445	2.737255
34680	-188.1728	-252.6287	64.45582	2.099937	1.333825
34686	-184.5785	-244.3407	59.76219	5.783839	2.054737
34692	-183.0339	-243.5439	60.50997	3.341889	3.108879
34698	-176.1966	-239.8268	63.63012	3.2836	1.021406
34704	-177.7019	-242.1024	64.40045	2.719465	0.2916909
34710	-180.5935	-245.1085	64.515	2.64641	0.7287877
34716	-179.4457	-242.899	63.45326	3.524666	0.9564485
34722	-173.1373	-237.2583	64.12095	2.862469	0.9506756
34728	-173.6239	-237.9167	64.29285	2.182382	1.397347
34734	-175.6972	-239.5554	63.8582	3.261128	0.7904112
34740	-171.8921	-235.9071	64.01499	3.111773	0.7801839
34746	-172.95	-236.7312	63.78127	3.345492	0.7801839
34752	-176.5752	-238.2419	61.66666	3.375183	2.380391
34758	-178.1384	-241.3877	63.24933	2.660057	1.80951
34764	-175.7281	-239.5225	63.79441	1.683742	2.099434
34770	-173.1139	-236.9264	63.81252	2.97833	1.136021
34776	-174.8203	-238.813	63.99269	3.201446	0.6714553
34782	-174.7997	-238.4641	63.66447	2.532589	1.606028
34788	-181.5794	-245.5248	63.94545	3.295887	0.5211752
34794	-176.251	-239.8346	63.58357	3.564736	0.7490554
34800	-174.6847	-238.6565	63.97184	3.113687	0.8343845
34806	-177.5712	-240.4581	62.88687	1.913253	2.532148
34812	-180.939	-243.7094	62.77045	4.170201	0.9946886
34818	-178.749	-241.9671	63.21815	3.552074	1.154321
34824	-186.6408	-250.3287	63.68793	3.552074	0.5338999
34830	-182.6949	-246.8668	64.17193	2.762285	1.00114
34836	-178.6584	-242.1613	63.5029	2.859711	1.483609
34842	-174.5961	-238.778	64.18189	2.400219	1.312643
34848	-178.7235	-241.2137	62.49023	3.416217	1.811546
34854	-184.7444	-247.9077	63.16334	2.743105	1.811546
34860	-180.572	-244.8558	64.28379	2.646147	1.005405
34866	-180.3262	-243.9598	63.63362	3.276012	1.025402
34872	-187.6436	-247.1486	59.50501	6.372004	1.831824
34878	-184.8964	-246.9675	62.07108	3.911188	1.758883
34884	-188.7939	-252.3346	63.54073	3.562965	0.8112212
34890	-180.1255	-243.0129	62.88733	4.201629	0.8300871
34896	-179.4158	-241.1301	61.7143	4.702069	1.44278
34902	-182.3853	-243.095	60.70976	5.19956	1.809558
34908	-177.0966	-237.446	60.34942	4.032886	2.789448
34914	-172.3314	-236.8693	64.53786	2.676943	0.6263539
34920	-176.3459	-239.6821	63.33621	2.407042	1.922992
34926	-176.6443	-239.3647	62.72039	3.472852	1.608798
34932	-172.5208	-237.2425	64.72169	2.278216	0.9331052
34938	-179.8654	-243.4255	63.56005	3.309981	1.063398
34944	-176.5347	-240.307	63.77225	2.699865	1.399774
34950	-175.0237	-238.7839	63.76022	3.128521	1.045607
34956	-183.8822	-247.4445	63.56226	3.5787	0.3074069
34962	-182.6454	-244.8456	62.20016	4.976661	0.70324
34968	-179.7866	-242.8152	63.02867	3.07204	1.675326
34974	-179.8197	-241.8937	62.07397	2.142075	2.890343
34980	-180.9247	-244.9739	64.04924	2.064615	1.665948
34986	-181.395	-245.4379	64.04289	3.142107	0.6887142
34992	-178.081	-242.3886	64.30762	2.634325	0.9933869
34998	-181.7335	-244.9211	63.18757	2.44509	1.997226
35004	-187.1576	-248.5071	61.34953	3.24929	2.656833
35010	-182.8482	-246.1096	63.26142	2.082275	2.187121
35016	-180.8059	-244.0428	63.23693	1.669969	2.465409
35022	-175.3974	-239.7378	64.34038	2.700685	0.8874333
35028	-171.7241	-235.1012	63.37709	3.674271	0.8755378
35034	-172.6829	-235.6428	62.95987	2.256194	2.269406
35040	-170.6271	-231.9844	61.3573	2.074323	3.357458
35046	-168.161	-231.5735	63.41246	2.153598	2.04149
35052	-168.5163	-232.442	63.92572	2.390848	1.518132
35058	-169.9812	-233.9932	64.012	1.861075	1.834536
35064	-169.2126	-233.1985	63.98592	1.887157	1.834536
35070	-167.5148	-230.1396	62.62478	1.813108	2.75554
35076	-169.9747	-233.466	63.4913	3.566845	0.8675868
35082	-188.3872	-250.8873	62.50011	1.265828	3.159994
35088	-188.214	-250.9335	62.71949	1.801131	2.704898
35094	-176.5086	-240.4694	63.96082	3.280149	0.5252587
35100	-170.5262	-234.7126	64.1864	2.163943	1.49285
35106	-165.1735	-229.3518	64.17828	2.045257	1.586756
35112	-168.6808	-232.5428	63.86195	1.278419	2.3178
35118	-178.5901	-242.0278	63.43772	2.639805	1.691816
35124	-179.9887	-244.3693	64.38052	2.315023	1.218865
35130	-178.8363	-241.5789	62.74263	2.67052	2.141966
35136	-181.78	-245.3584	63.57836	3.227176	1.122843
35142	-178.3948	-242.034	63.6392	3.166337	1.122843
35148	-181.4149	-244.9022	63.48727	3.078108	1.326112
35154	-176.2258	-239.8982	63.67247	2.980398	1.254684
35160	-177.1085	-240.97	63.86149	2.991958	1.07895
35166	-178.8054	-242.9316	64.12617	2.792085	1.016954
35172	-184.9744	-249.5953	64.62089	2.589156	0.6377471
35178	-187.984	-248.5117	60.52762	1.713239	4.046125
35184	-178.6365	-242.9658	64.32933	2.735832	0.8592425
35190	-176.9709	-241.4778	64.50687	2.123372	1.273407
35196	-185.5315	-248.7246	63.19312	3.465216	1.250133
35202	-176.5982	-240.5818	63.98362	3.037294	0.9101435
35208	-178.5672	-242.6862	64.11904	3.025425	0.7547826
35214	-179.6313	-243.5553	63.92408	3.15786	0.2676283
35220	-180.3071	-244.3109	64.00378	3.176003	0.3434907
35226	-182.3912	-245.8591	63.46791	3.723207	0.3567218
35232	-177.7369	-241.9165	64.17959	3.056503	0.4467457
35238	-179.6212	-242.9446	63.32347	3.815513	0.7628232
35244	-172.8683	-237.1035	64.23528	2.132064	1.480043
35250	-171.9054	-236.7834	64.87798	2.363094	0.47653
35256	-171.4026	-235.5615	64.15893	2.624956	1.142224
35262	-174.7039	-238.3206	63.61663	3.619878	0.5552809
35268	-172.56	-236.8362	64.27618	2.642284	1.016748
35274	-194.5558	-256.8063	62.25047	3.914612	0.07240674
35280	-182.0444	-246.0214	63.97699	2.270043	1.569556
35286	-178.2887	-242.4417	64.15306	2.408868	1.328881
35292	-174.863	-239.618	64.75502	2.274085	0.9009979
35298	-177.9825	-242.5883	64.6058	2.567347	0.709528
35304	-170.7586	-235.2103	64.45171	2.742679	0.6709663
35310	-169.5828	-234.0672	64.48439	2.709998	0.6709663
35316	-170.3825	-234.8913	64.50876	2.581646	0.8282587
35322	-168.8615	-231.7361	62.87459	2.222288	2.345486
35328	-169.9048	-234.2904	64.38561	2.330042	1.201731
35334	-169.563	-229.7382	60.17519	2.637432	3.717955
35340	-171.0433	-234.4896	63.44629	1.956787	2.148528
35346	-187.8175	-248.4432	60.62567	2.444858	3.568485
35352	-185.8631	-249.1578	63.29464	1.999195	2.21937
35358	-190.1938	-253.5431	63.34923	1.471624	2.519225
35364	-176.8483	-239.6315	62.78323	2.741221	2.068978
35370	-171.4722	-235.4977	64.02543	3.056067	0.8393851
35376	-174.273	-238.2151	63.94204	3.139456	0.8393851
35382	-172.2602	-236.3962	64.136	3.012787	0.313824
35388	-175.1762	-240.1595	64.98328	2.143841	0.7796821
35394	-177.1501	-241.7595	64.60941	2.632246	0.5168383
35400	-177.7159	-240.3621	62.64612	3.076467	1.936941
35406	-171.377	-235.4554	64.07839	2.083343	1.631588
35412	-168.34	-232.2492	63.90916	2.00208	1.808229
35418	-174.6775	-239.712	65.03454	1.814421	1.08312
35424	-168.1318	-232.5692	64.43741	2.732241	0.7153785
35430	-171.3731	-234.74	63.36691	2.413596	1.897764
35436	-170.1909	-234.61	64.4191	2.534389	0.9816952
35442	-174.5338	-238.9643	64.43053	2.218547	1.257839
35448	-173.6986	-237.0002	63.30162	3.008642	1.522833
35454	-175.0726	-236.7659	61.69325	1.901084	3.261623
35460	-180.0131	-243.7325	63.71938	2.706479	1.435507
35466	-172.4343	-237.2836	64.84928	2.307828	0.7355731
35472	-176.0306	-239.6297	63.59907	2.307828	1.811231
35478	-167.6499	-231.8123	64.16238	2.812578	0.9595582
35484	-167.0565	-231.6539	64.59733	2.591975	0.6807383
35490	-171.5733	-233.4979	61.92463	2.591975	2.707362
35496	-173.685	-238.0639	64.37892	2.591975	0.9637919
35502	-175.9395	-239.7277	63.7882	3.037908	1.10417
35508	-170.935	-235.2437	64.30869	2.859005	0.7186162
35514	-174.5071	-238.659	64.1519	2.800799	0.982502
35520	-189.8435	-251.5139	61.67031	3.503529	2.296435
35526	-188.4809	-252.5422	64.06132	2.927062	0.9454248
35532	-188.3026	-251.6299	63.32725	3.663761	0.9426288
35538	-187.5786	-251.1197	63.54103	2.808393	1.493543
35544	-184.1437	-247.1119	62.9682	4.252978	0.6096591
35550	-182.6423	-246.7099	64.06763	2.87282	0.9948929
35556	-179.1001	-242.6438	63.54364	3.600265	0.7556082
35562	-180.1347	-243.0227	62.88802	3.524957	1.445372
35568	-185.8503	-249.3912	63.54096	3.645505	0.6860212
35574	-190.8931	-253.655	62.7619	2.77158	2.063022
35580	-188.8906	-252.9008	64.0102	2.174572	1.614941
35586	-188.3735	-249.1055	60.73194	1.677212	3.949956
35592	-189.7053	-253.5504	63.84511	2.085671	1.794711
35598	-198.6807	-257.0755	58.3948	3.81764	4.062339
35604	-189.497	-250.1153	60.61834	1.831041	3.926913
35610	-193.743	-257.6993	63.95628	3.137297	0.8242516
35616	-198.945	-259.135	60.19004	5.104725	2.218775
35622	-194.1129	-257.3859	63.2731	3.389325	1.246728
35628	-187.1233	-250.4632	63.33988	3.803163	0.7568827
35634	-187.4832	-249.1649	61.68177	3.564266	2.250162
35640	-187.2176	-250.2911	63.07357	4.014232	0.271051
35646	-191.6142	-253.787	62.17275	5.021027	0.3600888
35652	-193.8996	-253.8857	59.98617	6.063511	1.711532
35658	-185.9759	-250.2006	64.22466	2.724932	0.9856639
35664	-183.1424	-247.2469	64.10458	3.071953	0.7037267
35670	-184.3645	-248.2389	63.87435	3.071953	0.9889883
35676	-190.4547	-253.4128	62.95815	2.067083	2.390897
35682	-195.0261	-257.4876	62.46145	3.392346	1.847766
35688	-189.1901	-250.696	61.50587	3.392346	2.470849
35694	-176.4995	-241.0956	64.59608	2.619186	0.6252151
35700	-171.8807	-236.5388	64.65803	2.473803	0.7730713
35706	-176.688	-241.1174	64.42945	2.567901	0.9358532
35712	-173.0526	-235.0841	62.03144	2.333436	2.800059
35718	-176.7775	-235.5034	58.72594	1.861949	4.97605
35724	-177.7002	-240.7205	63.02028	1.272642	2.843783
35730	-166.7303	-230.8084	64.07806	2.620225	1.216544
35736	-170.523	-233.8418	63.31876	1.983602	2.213865
35742	-171.4837	-235.9398	64.4561	2.658834	0.7963521
35748	-177.8659	-242.4961	64.63022	2.512461	0.7574115
35754	-182.1302	-243.3854	61.25523	4.734169	1.753898
35760	-176.3266	-241.1799	64.8533	2.140251	0.9399266
35766	-183.5851	-247.6303	64.04525	2.752691	1.129668
35772	-175.8257	-239.871	64.04523	2.820798	1.067165
35778	-183.2036	-247.9862	64.78254	2.083489	1.067165
35784	-184.6401	-248.0928	63.45276	3.167036	1.281987
35790	-178.4711	-241.5368	63.06567	2.217641	2.226162
35796	-186.7203	-248.0516	61.33139	4.363782	1.955382
35802	-174.8217	-238.0023	63.18062	2.813816	1.750374
35808	-176.2125	-239.7536	63.54112	2.813816	1.489397
35814	-179.9074	-244.1134	64.20599	3.015453	0.6089167
35820	-183.7481	-248.1657	64.41769	2.495601	1.021833
35826	-186.279	-248.1346	61.85558	2.095458	3.049676
35832	-183.2102	-247.1691	63.95893	3.067691	0.9037894
35838	-179.0859	-242.52	63.43407	3.522601	0.9784472
35844	-181.6344	-244.5499	62.91555	3.985403	1.033843
35850	-186.8325	-249.9859	63.15345	2.941516	1.679421
35856	-188.2022	-250.0804	61.87821	3.922698	1.883894
35862	-187.4427	-251.9272	64.4845	2.623663	0.8053725
35868	-192.0621	-256.6602	64.59806	2.518719	0.7938652
35874	-193.8165	-257.3456	63.52917	2.694575	1.586599
35880	-183.0775	-246.2051	63.12758	1.575755	2.592276
35886	-185.0428	-247.0496	62.00673	2.639887	2.62736
35892	-180.8111	-245.0795	64.26843	2.639887	1.026685
35898	-189.9457	-252.8579	62.91225	4.235409	0.7500182
35904	-175.8405	-238.4901	62.64954	2.416082	2.365323
35910	-174.3041	-238.9608	64.65667	2.584161	0.5266786
35916	-173.9371	-238.3208	64.38378	2.493218	1.056803
35922	-180.7773	-244.8729	64.09567	2.985401	0.8399135
35928	-187.3564	-250.611	63.25462	3.962563	0.3963186
35934	-178.383	-242.6641	64.28102	2.3479	1.274487
35940	-177.2286	-241.7451	64.51648	2.11244	1.274487
35946	-177.436	-241.436	63.99994	2.563591	1.327596
35952	-178.4639	-241.8941	63.43016	2.574665	1.743094
35958	-180.6308	-242.9935	62.36272	2.719285	2.35493
35964	-188.0159	-249.3145	61.29869	4.867748	1.628196
35970	-189.9266	-250.2401	60.31343	5.646201	1.774672
35976	-198.6843	-260.3831	61.69884	4.987673	1.226505
35982	-191.8855	-255.2868	63.40126	2.705934	1.670701
35988	-184.9588	-247.776	62.81719	2.277248	2.347036
35994	-183.6846	-247.5394	63.85474	3.363308	0.6181052
36000	-193.2597	-257.3372	64.07746	3.157999	0.5603552
36006	-191.4758	-255.3652	63.88937	2.909459	1.128875
36012	-184.0008	-248.0802	64.07932	3.077607	0.7358463
36018	-187.9644	-250.893	62.9286	2.189711	2.331855
36024	-180.6881	-244.4626	63.77451	2.25779	1.723792
36030	-184.4743	-244.5464	60.0721	3.645451	3.188708
36036	-176.0914	-238.4977	62.40634	2.865884	2.23331
36042	-181.0401	-244.627	63.58698	2.609899	1.60616
36048	-188.8633	-252.7531	63.88977	2.769566	1.249304
36054	-194.3836	-258.4176	64.03399	2.769566	1.124623
36060	-185.568	-249.6026	64.03467	2.768888	1.124623
36066	-186.7735	-251.0395	64.26599	2.876929	0.7570671
36072	-189.9148	-252.4722	62.55743	4.519875	0.844552
36078	-186.2775	-249.1604	62.88284	3.935646	1.111117
36084	-186.9383	-250.241	63.30266	3.829252	0.7729511
36090	-176.7855	-239.9354	63.14995	3.406877	1.332969
36096	-184.9631	-247.3871	62.42397	4.077076	1.377169
36102	-177.2094	-240.4155	63.20611	1.793897	2.406827
36108	-175.1283	-239.4892	64.36093	2.821344	0.3462651
36114	-176.3519	-240.374	64.02216	3.099298	0.7875037
36120	-178.4782	-241.7635	63.28534	2.182542	2.106174
36126	-172.5485	-235.8198	63.2713	3.41125	1.229846
36132	-170.1737	-234.1131	63.93933	2.773812	1.203882
36138	-175.3935	-238.2329	62.83934	2.601527	2.123865
36144	-172.3121	-236.2832	63.97105	2.911491	1.051534
36150	-170.0409	-233.9948	63.95395	2.928588	1.051534
36156	-177.4659	-239.6736	62.20778	3.01947	2.26223
36162	-177.3938	-238.7229	61.32917	2.51785	3.111763
36168	-175.1735	-238.3783	63.20476	2.645634	1.850102
36174	-171.6304	-234.0237	62.39331	3.433417	1.86629
36180	-171.7005	-235.8168	64.11625	2.881036	0.935924
36186	-172.1708	-234.7147	62.54387	4.630075	0.7081726
36192	-174.8153	-239.082	64.26668	2.907265	0.7081726
36198	-173.6349	-237.8708	64.23586	3.005532	0.4800264
36204	-172.6402	-236.9963	64.35609	2.868151	0.6008735
36210	-170.5274	-234.4163	63.88886	2.924638	1.115648
36216	-173.1486	-236.4679	63.31937	3.870206	0.3548267
36222	-170.6305	-233.8592	63.2287	3.945507	0.3375437
36228	-174.1366	-238.0382	63.90159	3.236627	0.3052405
36234	-186.294	-250.3236	64.0296	3.12522	0.7391201
36240	-180.1791	-243.9441	63.76498	3.435755	0.6581429
36246	-182.3553	-246.7477	64.39249	2.704911	0.8193628
36252	-183.0769	-246.4343	63.35737	3.405649	1.160662
36258	-180.9824	-244.1606	63.17819	4.064006	0.4977259
36264	-198.9814	-259.4521	60.47067	4.450297	2.456581
36270	-182.2904	-245.6595	63.3691	3.333354	1.212997
36276	-180.5181	-243.7161	63.19798	4.019149	0.6204887
36282	-172.8493	-235.9718	63.12258	3.284433	1.449929
36288	-175.4983	-238.6054	63.10715	3.698712	1.122542
36294	-174.1002	-238.0678	63.96762	3.249345	0.6208998
36300	-176.3794	-239.8781	63.49875	2.695516	1.608057
36306	-174.5621	-237.2919	62.7298	3.449328	1.619029
36312	-179.9388	-242.2671	62.32835	3.453903	1.896579
36318	-185.3969	-248.5116	63.11476	3.020183	1.650853
36324	-187.4056	-250.4302	63.02455	3.115915	1.64689
36330	-182.7321	-246.0869	63.35483	3.12037	1.397375
36336	-183.2586	-246.0614	62.80285	3.545137	1.494619
36342	-182.3419	-244.8814	62.53951	4.127887	1.242569
36348	-177.1128	-241.0708	63.95797	2.909385	1.065917
36354	-180.0746	-244.249	64.17437	2.714674	1.045317
36360	-182.832	-245.7599	62.92789	1.88766	2.522534
36366	-177.2356	-241.3229	64.08733	2.912223	0.933491
36372	-181.0345	-242.225	61.19058	3.626509	2.521576
36378	-185.6126	-247.1664	61.55378	2.699481	2.867826
36384	-184.5492	-248.7449	64.19566	1.742872	1.789336
36390	-178.7159	-243.2239	64.508	2.732123	0.5329599
36396	-180.29	-244.5914	64.30136	2.893872	0.3619779
36402	-175.6829	-239.3176	63.63472	2.497988	1.652455
36408	-172.1209	-236.8864	64.76549	2.315965	0.8394387
36414	-175.2147	-239.0006	63.78587	3.452858	0.4594336
36420	-175.9819	-239.6082	63.62626	3.509118	0.3030319
36426	-184.8323	-249.2736	64.4413	2.566844	0.9241821
36432	-187.3839	-248.5486	61.1647	3.081369	2.872176
36438	-200.2287	-255.7315	55.50276	3.257688	5.981814
36444	-191.8037	-253.1555	61.35179	5.28892	1.264763
36450	-182.6702	-246.3912	63.72103	2.559368	1.544988
36456	-187.7166	-251.873	64.15643	2.484984	1.264184
36462	-186.7436	-251.2866	64.54302	2.320272	1.069735
36468	-191.0677	-253.212	62.14432	3.792881	1.790259
36474	-190.0557	-253.9005	63.84478	2.942579	1.139134
36480	-184.995	-248.4431	63.44803	3.787677	0.4451142
36486	-188.7586	-252.8464	64.08782	3.106539	0.6710145
36492	-188.6244	-244.4262	55.80178	1.277938	6.893078
36498	-187.1005	-250.369	63.26852	3.331827	1.297867
36504	-179.0302	-242.5892	63.55893	3.544626	0.8114026
36510	-182.0989	-245.6541	63.55524	2.666399	1.588136
36516	-186.3564	-249.5248	63.16844	3.18114	1.493421
36522	-184.2925	-248.1146	63.82211	3.316649	0.7631434
36528	-186.7033	-251.1274	64.42407	2.797303	0.6091281
36534	-186.5514	-250.2662	63.71482	1.576648	2.220903
36540	-187.2472	-251.5491	64.30192	2.722389	0.906372
36546	-184.0927	-248.2068	64.11414	2.910166	0.906372
36552	-185.9477	-250.3324	64.38469	2.824721	0.6392033
36558	-181.2045	-244.4555	63.25097	2.957517	1.597726
36564	-183.7703	-245.296	61.5257	3.238094	2.554756
36570	-179.2361	-242.8285	63.59237	2.594311	1.613555
36576	-181.5561	-244.8968	63.3407	2.058814	2.150852
36582	-191.1683	-253.8078	62.63943	4.547326	0.3514359
36588	-182.4948	-245.7949	63.30015	3.941957	0.5069962
36594	-180.3814	-244.6657	64.28433	2.442425	1.192201
36600	-181.6395	-245.4337	63.79411	1.56692	2.175882
36606	-183.6936	-245.541	61.8474	2.152729	3.020286
36612	-178.4807	-240.6581	62.17741	1.822722	3.020286
36618	-179.0579	-243.3478	64.2899	2.952046	0.4886672
36624	-180.2089	-244.1167	63.90777	2.630746	1.347575
36630	-173.0733	-236.5518	63.47853	2.129556	2.013597
36636	-178.1752	-241.3736	63.19841	2.409676	2.013597
36642	-181.0422	-244.8436	63.80142	3.356494	0.7343096
36648	-186.5203	-249.5207	63.00044	3.340898	1.499611
36654	-186.5075	-250.3188	63.81128	2.696064	1.372224
36660	-192.7327	-256.5769	63.84414	2.80937	1.254156
36666	-189.2662	-253.0017	63.73553	3.115796	1.080924
36672	-183.6753	-246.7611	63.08576	2.790117	1.83261
36678	-188.5637	-250.2106	61.64686	2.806215	2.746262
36684	-190.0479	-253.9264	63.8785	2.787346	1.243871
36690	-188.8046	-252.5731	63.76851	3.255274	0.9069566
36696	-185.9793	-249.7361	63.75678	3.148179	1.029954
36702	-192.1016	-254.7031	62.60144	2.462098	2.366645
36708	-189.1832	-252.2025	63.01929	2.944606	1.771697
36714	-188.9771	-252.6829	63.70585	2.258054	1.771697
36720	-194.2742	-257.5555	63.28125	2.452426	1.929458
36726	-193.3807	-257.6879	64.30719	2.909173	0.3947622
36732	-193.1446	-257.884	64.73942	2.302698	0.8862311
36738	-194.7697	-257.3287	62.559	4.505756	0.8597282
36744	-189.5184	-253.9276	64.40922	2.813422	0.407495
36750	-187.2046	-251.5484	64.34377	2.718445	0.862767
36756	-186.6489	-251.1719	64.52299	2.718445	0.5198615
36762	-188.4832	-251.59	63.10678	3.121361	1.583395
36768	-189.5729	-253.2182	63.6453	2.852144	1.379999
36774	-191.2978	-250.793	59.4952	2.92409	3.944147
36780	-195.1562	-256.6526	61.49636	2.860149	2.805149
36786	-188.6146	-251.7233	63.1087	3.709718	1.111183
36792	-191.1679	-252.737	61.5691	5.222459	1.135383
36798	-189.502	-252.514	63.01194	3.383996	1.458368
36804	-187.3993	-250.1261	62.72676	2.123792	2.500682
36810	-181.4919	-244.6813	63.18941	2.36475	2.049362
36816	-188.9229	-251.9086	62.98563	3.024366	1.739468
36822	-186.8499	-248.053	61.20305	3.109408	2.831924
36828	-187.2891	-252.1848	64.8957	2.190137	0.8340005
36834	-184.3274	-247.6539	63.3266	3.759237	0.8340005
36840	-184.9087	-249.9567	65.04798	1.829237	1.056591
36846	-186.5418	-246.8964	60.35466	1.575681	4.222753
36852	-187.7328	-248.1869	60.45407	1.476262	4.222753
36858	-186.5076	-250.1907	63.68311	2.832649	1.365589
36864	-190.1534	-253.6231	63.46976	3.145406	1.285778
36870	-179.0326	-243.0332	64.00057	3.160627	0.324786
36876	-184.3031	-248.9503	64.6472	2.546325	0.6726576
36882	-184.1123	-248.2835	64.1712	2.973288	0.3102578
36888	-183.6472	-246.743	63.09587	3.665013	1.162539
36894	-183.8019	-248.7272	64.9253	2.250613	0.7047998
36900	-184.616	-249.2937	64.67778	2.04267	1.197623
36906	-183.9275	-248.427	64.49951	2.030971	1.353947
36912	-185.6246	-246.341	60.71644	2.464813	3.504002
36918	-179.3996	-243.5473	64.14768	2.327201	1.397625
36924	-178.8542	-242.1099	63.25563	3.475863	1.188113
36930	-184.0353	-248.012	63.97677	3.083134	0.2555405
36936	-186.969	-249.6605	62.69143	4.470917	0.7272937
36942	-187.0193	-251.2465	64.22719	2.992441	0.613892
36948	-182.5936	-245.8495	63.25599	3.844116	0.8158799
36954	-186.1219	-249.3807	63.25889	3.513201	1.152675
36960	-184.2296	-247.9729	63.74331	3.346239	0.8293448
36966	-181.5607	-245.615	64.05435	2.972677	0.9033291
36972	-196.22	-257.9731	61.75306	4.979876	0.1488715
36978	-193.0085	-256.0021	62.99362	4.106071	0.8164238
36984	-184.1061	-246.6327	62.52658	3.505339	1.72406
36990	-191.4988	-251.8167	60.31786	4.996609	2.206045
36996	-187.2966	-250.9284	63.63177	1.633792	2.237601
37002	-186.095	-249.1954	63.10042	1.933598	2.38534
37008	-181.8803	-246.2447	64.36439	1.980048	1.497284
37014	-190.2562	-253.7072	63.45098	2.100977	2.05082
37020	-181.695	-245.0386	63.34356	2.586503	1.795203
37026	-181.9859	-244.7546	62.76864	3.068674	1.859057
37032	-179.6645	-244.2362	64.57171	2.17681	1.173352
37038	-181.3223	-245.6856	64.36335	2.509842	1.060412
37044	-184.2962	-248.0822	63.78597	2.73642	1.360356
37050	-178.5359	-243.1616	64.62569	2.552588	0.7007067
37056	-179.5231	-243.8013	64.27827	2.543424	1.108196
37062	-167.9825	-232.3246	64.34202	2.897628	0.5366414
37068	-176.2342	-240.5246	64.29045	2.366886	1.250972
37074	-167.5471	-231.9415	64.39443	2.414553	1.119734
37080	-176.1912	-239.9083	63.71705	3.512242	0.58473
37086	-176.1972	-240.2197	64.02259	3.21576	0.5452015
37092	-178.3768	-241.8864	63.50964	3.625726	0.7680317
37098	-183.4759	-246.953	63.47709	3.625726	0.8123628
37104	-174.5866	-239.0396	64.453	2.406662	1.073139
37110	-175.7682	-239.4318	63.66355	2.516201	1.618578
37116	-173.988	-237.8916	63.90359	2.388938	1.536007
37122	-168.9262	-232.6546	63.72833	2.646641	1.474279
37128	-167.594	-231.3767	63.78276	2.409011	1.609869
37134	-167.738	-231.6489	63.91089	2.990135	1.03377
37140	-170.6995	-234.3777	63.67812	3.005463	1.228979
37146	-183.0701	-246.4989	63.42883	3.629963	0.8668187
37152	-186.4016	-250.7417	64.34013	2.534677	1.058878
37158	-187.0527	-251.5139	64.46116	2.534677	0.9374758
37164	-190.3842	-253.7824	63.39822	3.59925	0.9357285
37170	-188.5105	-252.508	63.99754	1.86121	1.844369
37176	-197.3183	-254.9866	57.66827	2.371568	5.279691
37182	-191.1313	-254.8363	63.70501	2.064045	1.905533
37188	-195.9693	-257.6561	61.68673	4.162447	1.850937
37194	-183.4789	-245.4077	61.92876	1.751568	3.210766
37200	-177.7375	-242.1157	64.37821	2.614535	0.9407824
37206	-175.6132	-240.2281	64.61487	2.40399	0.9124253
37212	-175.7807	-239.7835	64.00274	2.137184	1.647277
37218	-188.0582	-250.8177	62.75957	4.161881	0.19852
37224	-181.3522	-244.8799	63.52777	3.597986	0.2958518
37230	-178.7389	-242.6225	63.88364	3.282501	0.3294612
37236	-180.5252	-242.2109	61.68575	3.448863	2.321473
37242	-180.2175	-242.6043	62.38673	3.131913	2.072806
37248	-176.601	-239.5119	62.91089	2.607757	2.072806
37254	-182.3464	-245.5375	63.19113	2.327517	2.072806
37260	-187.1534	-250.1936	63.04024	3.119223	1.633224
37266	-185.6106	-247.8578	62.24717	2.864623	2.336002
37272	-200.3856	-264.8615	64.4759	2.098538	1.31883
37278	-199.6494	-263.9411	64.29168	2.949865	0.4819596
37284	-192.4201	-254.8954	62.4753	4.754403	0.5832796
37290	-194.4377	-255.4233	60.98563	2.852559	3.11702
37296	-191.4889	-255.7128	64.22397	2.097725	1.514311
37302	-187.2612	-251.2919	64.03069	2.133358	1.629917
37308	-181.937	-246.7665	64.8295	2.234783	0.860294
37314	-178.9515	-241.35	62.39848	1.991664	2.78467
37320	-178.5036	-240.9529	62.44935	4.021037	1.401123
37326	-180.55	-244.353	63.80293	2.26596	1.697942
37332	-186.8714	-248.0385	61.16703	3.211623	2.791673
37338	-185.1362	-249.1505	64.01434	2.796476	1.118069
37344	-182.0243	-245.3771	63.35284	2.176447	2.06579
37350	-181.2956	-244.3566	63.061	4.170406	0.4300607
37356	-183.5967	-246.8229	63.22622	3.778788	0.9275927
37362	-184.9341	-249.2269	64.29286	2.94189	0.5635605
37368	-185.3767	-249.3134	63.93665	3.305418	0.4915975
37374	-182.969	-247.8824	64.91342	2.324773	0.5461292
37380	-199.1657	-260.6016	61.43595	2.949072	2.787793
37386	-191.6776	-252.556	60.8784	2.516152	3.379226
37392	-190.0295	-251.3504	61.32093	3.219466	2.692766
37398	-183.8741	-247.9156	64.0415	2.67842	1.198077
37404	-187.3555	-251.6752	64.31974	2.866967	0.6855763
37410	-191.5463	-255.7499	64.20365	3.034003	0.5492591
37416	-185.4359	-247.2973	61.86144	5.086582	0.9872524
37422	-188.3741	-248.3374	59.9633	3.859036	3.126458
37428	-182.8087	-247.3892	64.58055	2.03031	1.289297
37434	-183.1837	-247.5767	64.39309	2.319186	1.204624
37440	-178.4811	-242.6734	64.19226	2.923613	0.7950908
37446	-178.7165	-242.3226	63.60616	2.533533	1.647441
37452	-177.2436	-239.6802	62.43651	2.745741	2.291056
37458	-177.8777	-238.4405	60.56283	3.325465	3.087156
37464	-174.4775	-238.7668	64.28928	1.782094	1.696182
37470	-174.1671	-237.0096	62.84249	3.228884	1.696182
37476	-174.7126	-238.9677	64.25517	2.223534	1.394646
37482	-183.9054	-244.6924	60.787	3.897191	2.604134
37488	-179.7184	-241.4638	61.74542	2.938771	2.604134
37494	-174.6319	-239.3025	64.67056	2.333475	0.9286453
37500	-177.4318	-241.0648	63.63303	2.305017	1.789669
37506	-175.5441	-239.2473	63.70324	1.679317	2.161889
37512	-178.5425	-241.5659	63.02336	2.503376	2.067473
37518	-178.194	-240.7897	62.59562	4.028955	1.278066
37524	-175.515	-238.0088	62.49383	4.130737	1.278066
37530	-176.0331	-240.3511	64.31792	2.764468	0.8382847
37536	-177.6058	-242.0393	64.43358	2.648809	0.8382847
37542	-178.2704	-242.8412	64.57083	2.483723	0.8718078
37548	-174.7795	-239.4066	64.62711	2.613079	0.4689088
37554	-177.8449	-241.8851	64.04023	3.201866	0.5076524
37560	-187.568	-251.8044	64.23642	3.005031	0.5197341
37566	-190.8239	-252.2242	61.40032	5.614283	0.9171161
37572	-201.1003	-261.3097	60.20937	3.629505	3.116612
37578	-200.1013	-261.5756	61.47433	3.921097	2.153513
37584	-196.3301	-255.3591	59.02901	7.28044	1.523436
37590	-190.5396	-251.2226	60.683	5.216719	1.81619
37596	-189.3485	-251.9188	62.57028	3.804591	1.474348
37602	-186.3205	-250.3379	64.01746	3.222817	0.5317431
37608	-181.7642	-245.8434	64.07912	3.12972	0.6405231
37614	-176.1054	-240.5795	64.47417	2.734673	0.6405231
37620	-175.892	-240.0431	64.15111	3.057005	0.6421727
37626	-168.523	-232.9141	64.39113	2.819129	0.6372676
37632	-174.2959	-236.2993	62.00339	4.937846	0.9941047
37638	-178.5916	-241.5114	62.91977	2.929314	1.850999
37644	-175.1364	-239.4007	64.26432	2.977028	0.5209767
37650	-177.5	-241.8807	64.38075	2.847893	0.5869483
37656	-176.9058	-240.5311	63.6253	3.496495	0.2930195
37662	-173.8113	-237.5369	63.72557	3.496495	0.406252
37668	-178.4711	-242.8459	64.37483	2.373404	1.173599
37674	-176.4029	-239.7877	63.3848	3.222724	1.292019
37680	-193.5071	-255.6533	62.14628	2.677816	2.517203
37686	-187.2062	-250.4028	63.19662	2.091212	2.223248
37692	-186.9052	-251.2785	64.3733	2.095339	1.402481
37698	-186.6385	-248.974	62.33554	3.421353	1.913769
37704	-179.4465	-243.754	64.30745	1.911095	1.590393
37710	-178.7211	-242.6947	63.97356	2.244711	1.590596
37716	-177.3159	-241.4991	64.18324	2.169469	1.49107
37722	-188.4063	-250.8371	62.43078	1.925461	2.805312
37728	-188.208	-252.445	64.23703	2.973023	0.6377288
37734	-190.76	-252.3666	61.60659	2.330331	3.058116
37740	-192.006	-252.0552	60.04923	3.252922	3.433373
37746	-197.2532	-260.7009	63.44771	2.028063	2.100997
37752	-191.2465	-252.5249	61.27842	4.836794	1.664976
37758	-193.2233	-253.9985	60.77518	5.340037	1.664976
37764	-197.6231	-258.5688	60.94565	4.227196	2.297073
37770	-187.5856	-248.0231	60.43752	6.017699	1.412885
37776	-186.138	-249.3631	63.22508	3.230136	1.412885
37782	-189.097	-250.8098	61.71282	5.048577	1.162092
37788	-193.279	-257.8241	64.54515	2.216246	1.162092
37794	-191.1872	-254.1815	62.9943	2.920663	1.805662
37800	-186.3263	-250.3877	64.06146	2.88768	0.9861175
37806	-185.0429	-248.9944	63.95154	2.997599	0.9861175
37812	-184.2159	-248.4502	64.23428	2.714859	0.9861175
37818	-185.0867	-248.296	63.20936	2.682521	1.82159
37824	-192.1014	-254.1248	62.02345	2.505903	2.699544
37830	-188.8886	-253.5008	64.61221	2.408687	0.9101592
37836	-189.8861	-254.6709	64.78481	2.440093	0.5988832
37842	-185.9805	-251.083	65.1025	1.902946	0.9271154
37848	-180.8057	-245.7688	64.96316	2.201914	0.7229022
37854	-185.4917	-249.578	64.08633	2.212522	1.531318
37860	-180.4038	-244.544	64.14029	2.799038	0.9960226
37866	-182.9227	-245.7845	62.86174	2.716941	2.033125
37872	-192.7385	-257.0618	64.32324	2.396028	1.198639
37878	-191.4142	-253.6916	62.27737	4.24841	1.357674
37884	-188.8022	-252.5323	63.73012	3.189179	1.015931
37890	-191.412	-253.3885	61.97651	2.435217	2.771512
37896	-187.9814	-252.3307	64.34926	2.134034	1.391069
37902	-175.9159	-240.6263	64.7104	2.076371	1.139651
37908	-174.3311	-238.4525	64.12146	2.51196	1.270788
37914	-174.9078	-237.1339	62.22611	1.534032	3.163437
37920	-170.5582	-234.3506	63.79233	2.21754	1.739559
37926	-176.9096	-241.3923	64.48263	1.842934	1.51142
37932	-184.8287	-248.9515	64.12274	1.581134	1.949537
37938	-190.4915	-253.2646	62.77312	3.028341	1.883518
37944	-190.4346	-253.8603	63.42571	2.807775	1.579483
37950	-182.0741	-244.3828	62.30877	4.143457	1.415199
37956	-169.347	-233.6467	64.29971	2.652698	0.9828002
37962	-171.4257	-235.5516	64.12594	2.300988	1.43469
37968	-172.8079	-236.5194	63.7115	3.008908	1.197658
37974	-167.6791	-230.642	62.9629	2.901925	1.840201
37980	-167.3608	-229.3538	61.99298	2.221341	2.891386
37986	-167.2619	-231.6776	64.41571	2.434296	1.08215
37992	-172.5975	-236.9798	64.38231	2.504208	1.047728
37998	-164.7162	-228.0858	63.3695	2.504208	1.8341
38004	-164.3463	-228.8911	64.54477	2.684032	0.5863923
38010	-163.4867	-227.4141	63.92741	2.496607	1.436921
38016	-170.321	-233.7682	63.4472	2.345843	1.889247
38022	-164.909	-228.8886	63.9796	2.546569	1.357363
38028	-169.0175	-233.0524	64.03496	3.164604	0.6605702
38034	-174.47	-237.8176	63.34763	3.663243	0.2322305
38040	-166.3282	-230.6418	64.31355	2.92239	0.5580928
38046	-173.6151	-237.3289	63.71376	2.855056	1.323354
38052	-171.5803	-235.2586	63.67831	2.057672	1.927899
38058	-175.4398	-238.49	63.05025	2.2399	2.221749
38064	-179.9907	-241.5551	61.56446	1.338546	3.665681
38070	-182.7932	-246.4933	63.70012	1.569938	2.234706
38076	-180.8271	-244.5148	63.68777	1.741315	2.131563
38082	-179.896	-243.4012	63.50516	1.923927	2.131563
38088	-174.5063	-238.5327	64.02642	1.402661	2.131563
38094	-169.1022	-233.6732	64.57099	1.919967	1.385075
38100	-168.0792	-232.5674	64.48818	2.244286	1.187275
38106	-168.7891	-233.441	64.65194	2.446556	0.8179515
38112	-170.1813	-234.4911	64.30983	2.459167	1.155407
38118	-173.3836	-237.1495	63.76591	3.376862	0.7572783
38124	-178.3891	-242.4401	64.05096	2.957212	0.9241476
38130	-181.712	-245.7901	64.07807	2.757933	1.095097
38136	-177.5404	-241.8476	64.30717	2.528831	1.095097
38142	-179.7332	-243.2869	63.55366	3.097214	1.25634
38148	-183.0828	-246.5255	63.44274	2.023388	2.107325
38154	-184.5285	-249.3076	64.77916	2.412788	0.6756955
38160	-184.5778	-246.2121	61.63425	4.079708	1.942752
38166	-172.9772	-236.9992	64.02198	3.072669	0.8228873
38172	-180.7222	-245.2145	64.49233	2.191355	1.228892
38178	-185.4662	-250.081	64.61477	2.57563	0.6786611
38184	-184.0128	-245.9617	61.94894	1.226552	3.507366
38190	-180.3238	-243.6392	63.3154	2.968409	1.542467
38196	-174.7869	-236.6814	61.89447	3.06239	2.434019
38202	-179.9596	-242.3145	62.35492	3.825966	1.617754
38208	-183.4461	-246.08	62.63381	3.408588	1.716672
38214	-180.0637	-241.6962	61.63257	2.843921	2.731939
38220	-178.9348	-241.1428	62.20793	1.857551	2.981079
38226	-179.8878	-243.6641	63.77632	1.915979	1.957313
38232	-177.4165	-242.2758	64.85932	1.919215	1.146973
38238	-181.3645	-245.2992	63.93466	2.329038	1.557309
38244	-185.0063	-247.7063	62.69994	3.300895	1.74589
38250	-177.8878	-241.7402	63.8524	3.36529	0.3973045
38256	-178.0369	-242.6936	64.6567	2.19584	1.079787
38262	-178.0714	-240.8783	62.80687	1.716752	2.703057
38268	-174.0128	-238.4369	64.42408	2.340584	1.159219
38274	-171.6559	-235.6539	63.99802	2.676681	1.236448
38280	-193.6815	-251.3411	57.65961	5.300627	3.632526
38286	-184.7321	-245.2785	60.54643	4.973048	2.072261
38292	-183.6674	-247.4524	63.78505	3.140321	1.009932
38298	-172.1792	-235.9724	63.79319	3.428033	0.609534
38304	-179.4053	-243.512	64.10679	3.068411	0.7060315
38310	-184.7052	-248.0633	63.35816	2.342252	1.951863
38316	-185.4286	-248.5888	63.16016	2.170858	2.195335
38322	-187.4257	-250.0413	62.61553	2.715493	2.195335
38328	-184.3673	-247.9589	63.59159	3.613973	0.6478415
38334	-175.8835	-239.7037	63.82028	3.41046	0.579611
38340	-179.8236	-243.3725	63.54893	3.689113	0.4557674
38346	-182.2487	-246.1584	63.90965	3.323923	0.4371451
38352	-185.1193	-247.5136	62.39424	4.47948	1.059913
38358	-184.8107	-247.4398	62.62903	3.579371	1.597785
38364	-181.9811	-246.2841	64.30303	2.861068	0.7244803
38370	-185.3019	-248.8479	63.54602	3.696141	0.4951872
38376	-183.5212	-247.053	63.53175	3.696141	0.4201032
38382	-179.1273	-243.0696	63.94229	2.381857	1.512476
38388	-181.9833	-246.4352	64.45193	2.369966	1.108017
38394	-176.0735	-240.7482	64.67472	2.147174	1.108017
38400	-180.7253	-244.094	63.36873	2.971798	1.500219
38406	-181.3262	-245.5883	64.26209	2.952154	0.6277541
38412	-177.5292	-241.9817	64.45255	2.574968	0.9027858
38418	-180.0058	-244.4583	64.45255	2.574968	0.9027858
38424	-193.1632	-256.7919	63.62863	2.54182	1.625297
38430	-184.984	-249.4576	64.47359	2.590716	0.8602747
38436	-190.5005	-254.1658	63.66525	3.443119	0.2838667
38442	-188.0709	-252.9932	64.92237	1.977877	1.034525
38448	-182.1302	-244.8729	62.74273	2.168612	2.462617
38454	-180.4698	-242.3381	61.86825	3.483542	2.181874
38460	-186.7007	-249.7112	63.01054	4.116675	0.7795562
38466	-182.4819	-244.7499	62.268	4.973223	0.5225591
38472	-193.8755	-257.3401	63.46459	3.43025	1.03975
38478	-198.7825	-259.9458	61.16327	3.18015	2.813115
38484	-184.8487	-248.1656	63.31695	2.065632	2.161877
38490	-180.451	-244.0816	63.63053	2.537588	1.626979
38496	-184.9944	-247.021	62.02658	3.116103	2.316329
38502	-181.8559	-243.4415	61.58563	1.817143	3.3744
38508	-178.2105	-240.0368	61.82628	1.379318	3.4898
38514	-183.8877	-244.9804	61.09274	1.021229	4.11843
38520	-178.0162	-242.5781	64.56181	2.364621	1.008889
38526	-180.4967	-243.7933	63.29658	1.619944	2.459365
38532	-176.6195	-240.3229	63.70344	2.911089	1.286296
38538	-173.9136	-238.2037	64.29012	2.791951	0.2677015
38544	-173.7298	-237.8739	64.14409	2.833608	0.2186206
38550	-176.2709	-240.4903	64.21947	2.805418	0.2384637
38556	-182.6725	-247.6716	64.99905	1.748606	1.174097
38562	-185.7545	-247.4661	61.71168	1.590571	3.433318
38568	-182.4572	-244.9853	62.52809	2.553885	2.354949
38574	-185.4552	-247.9482	62.49308	4.722375	0.3930875
38580	-177.0002	-240.7141	63.71384	3.40004	0.7977691
38586	-180.8562	-245.4953	64.63902	2.598071	0.4511084
38592	-173.7175	-238.5544	64.83686	2.400233	0.4511084
38598	-171.0242	-233.1503	62.12609	1.624541	3.169082
38604	-177.9234	-240.493	62.56958	2.051557	2.643082
38610	-178.7027	-241.2481	62.5454	2.266928	2.524545
38616	-175.8329	-237.0355	61.20254	3.557888	2.556855
38622	-172.9926	-237.6964	64.70378	2.320685	0.9061917
38628	-177.692	-242.0557	64.36372	2.858268	0.6074086
38634	-180.2937	-242.5302	62.23642	5.00497	0.5204584
38640	-183.5718	-246.4702	62.89833	4.203822	0.8132297
38646	-181.9133	-245.2815	63.36824	3.733916	0.8132297
38652	-179.0479	-243.5053	64.45747	2.689841	0.7505397
38658	-182.9283	-247.1863	64.25805	2.416083	1.236929
38664	-186.2204	-249.5013	63.28096	3.393173	1.236929
38670	-188.1177	-250.7303	62.61266	3.767066	1.470672
38676	-186.2396	-250.1034	63.86378	2.579048	1.422456
38682	-187.8801	-250.0992	62.21902	3.40393	2.003703
38688	-191.7403	-255.0766	63.3363	2.526002	1.841937
38694	-188.0275	-250.5753	62.54773	4.671199	0.3997338
38700	-182.8414	-246.3538	63.5124	3.638675	0.7448655
38706	-182.8846	-246.5841	63.69955	3.23295	1.002856
38712	-185.6299	-249.047	63.41719	3.659378	0.8454563
38718	-180.8917	-244.4323	63.54064	3.287593	1.10223
38724	-189.6931	-251.6491	61.95602	3.820386	1.900544
38730	-192.8475	-254.3592	61.51166	3.832622	2.186743
38736	-187.2445	-249.3207	62.07621	1.904382	3.031994
38742	-187.4591	-249.0083	61.5492	3.343881	2.474071
38748	-188.3386	-250.6946	62.35598	2.235067	2.661625
38754	-181.8118	-245.6903	63.87849	2.538172	1.442557
38760	-177.8485	-242.0224	64.17396	2.39722	1.321456
38766	-181.4045	-245.217	63.81258	3.41732	0.4255931
38772	-187.4519	-249.9617	62.50981	3.468552	1.761608
38778	-181.4024	-244.607	63.20454	4.03276	0.5511956
38784	-178.7767	-243.2452	64.46853	2.744065	0.6317366
38790	-178.2744	-242.6309	64.35647	2.782681	0.7625724
38796	-180.4411	-244.6357	64.19467	2.782681	0.9570573
38802	-190.9782	-252.2969	61.31865	5.095993	1.444096
38808	-188.5559	-252.1933	63.63748	2.777168	1.444096
38814	-175.4287	-239.1942	63.76551	3.296949	0.8624752
38820	-186.3413	-250.1706	63.82921	3.373782	0.6534007
38826	-184.8567	-248.3892	63.53244	3.670547	0.6534007
38832	-188.3226	-252.0286	63.70595	3.155651	1.071324
38838	-187.5746	-251.8982	64.3236	2.795881	0.7902115
38844	-179.522	-242.8864	63.36443	2.106379	2.104255
38850	-179.727	-243.4293	63.70234	2.346437	1.712169
38856	-186.3133	-248.0692	61.75584	1.892583	3.229654
38862	-184.3079	-247.5788	63.27099	3.235546	1.372855
38868	-175.0197	-238.7032	63.68352	3.400101	0.8367532
38874	-173.0834	-236.8791	63.79569	3.142683	0.9969824
38880	-178.9918	-242.0453	63.0535	4.177464	0.5787717
38886	-184.7517	-248.2955	63.54378	3.695234	0.4610663
38892	-183.4274	-245.7088	62.2814	4.472072	1.169031
38898	-183.1297	-246.752	63.62236	3.087705	1.206512
38904	-186.1797	-250.0826	63.90296	3.068713	0.9629822
38910	-181.9224	-246.1654	64.24297	2.917647	0.7300492
38916	-181.5551	-243.406	61.85091	3.170686	2.393195
38922	-179.8144	-244.2546	64.44015	2.624564	0.859785
38928	-179.8139	-244.0419	64.22805	2.898552	0.7804027
38934	-180.7782	-245.2599	64.48169	2.759641	0.521241
38940	-179.2528	-243.514	64.26124	2.898482	0.7314532
38946	-186.8752	-250.7527	63.87756	3.230371	0.8056704
38952	-189.145	-250.6993	61.55427	3.37108	2.453827
38958	-187.702	-250.0976	62.39563	2.308754	2.591629
38964	-182.5885	-245.8044	63.21594	3.80926	0.2386074
38970	-185.465	-248.9105	63.44547	3.579732	0.2386074
38976	-179.5069	-243.0279	63.52107	3.667224	0.3532733
38982	-189.5142	-251.8614	62.3472	2.607311	2.435501
38988	-194.4359	-256.9593	62.5234	1.457064	3.03207
38994	-182.7043	-245.581	62.87673	2.552346	2.131568
39000	-180.7036	-243.4396	62.73597	2.439793	2.295208
39006	-181.1533	-245.9263	64.77302	2.312398	0.8345232
39012	-181.3455	-245.8782	64.5327	2.481761	0.9172677
39018	-178.5197	-240.7399	62.22017	3.523365	1.922804
39024	-178.0432	-241.3442	63.30101	3.668036	0.9657119
39030	-175.9994	-238.0593	62.05991	2.705062	2.554024
39036	-180.4475	-242.4728	62.0253	4.245431	1.552125
39042	-188.3515	-251.2409	62.88944	2.695673	2.028858
39048	-185.487	-249.3458	63.85878	3.267962	0.780213
39054	-188.7522	-250.6903	61.93812	2.926018	2.492189
39060	-191.3479	-255.9894	64.64147	2.368167	0.9225589
39066	-187.9801	-250.5012	62.52104	4.508544	0.9004623
39072	-185.7074	-249.4516	63.74415	2.004451	1.919377
39078	-184.724	-249.1956	64.47156	2.284248	1.166987
39084	-188.8569	-252.7711	63.91422	2.70774	1.280207
39090	-188.3125	-251.254	62.94154	2.00501	2.440508
39096	-185.997	-248.8336	62.83656	1.892539	2.576308
39102	-179.4136	-244.0579	64.6443	2.348494	0.9407328
39108	-184.6495	-247.9301	63.28062	1.755472	2.384029
39114	-185.3278	-249.6328	64.30496	2.86422	0.7161599
39120	-188.6136	-252.1766	63.563	3.151006	1.203141
39126	-194.1988	-257.6338	63.43502	3.807039	0.4913295
39132	-187.5098	-250.4356	62.92583	4.00083	1.008654
39138	-176.6716	-239.9473	63.27568	3.952599	0.5881605
39144	-180.5379	-243.4742	62.93637	4.299527	0.5582772
39150	-178.1252	-242.7121	64.5869	2.649004	0.5582772
39156	-180.1547	-243.9872	63.83244	2.140214	1.765597
39162	-181.877	-245.3258	63.44873	2.048838	2.086678
39168	-184.5485	-247.759	63.21056	3.434383	1.261259
39174	-181.644	-245.5975	63.95347	1.915903	1.837082
39180	-180.2955	-244.7541	64.45861	2.048558	1.372357
39186	-187.5999	-249.2291	61.62915	2.839852	2.736518
39192	-184.2044	-248.1201	63.91566	2.927922	1.088103
39198	-183.3586	-247.2136	63.85506	2.826696	1.230514
39204	-178.4032	-242.822	64.41872	1.771143	1.611249
39210	-180.6335	-243.9449	63.31145	3.515043	1.103819
39216	-177.779	-241.6194	63.84036	2.539469	1.470596
39222	-187.0058	-250.8593	63.85349	2.000277	1.847786
39228	-186.6583	-248.1839	61.52556	3.119613	2.628251
39234	-190.6968	-248.6516	57.9548	2.017479	5.316992
39240	-182.9695	-246.7788	63.80924	1.953928	1.909518
39246	-179.4331	-243.4305	63.99736	2.532809	1.354201
39252	-177.4077	-240.5635	63.15581	2.188393	2.186797
39258	-178.867	-243.1027	64.23575	2.491819	1.191502
39264	-179.2869	-243.8485	64.56163	2.668084	0.4250782
39270	-179.7468	-242.9979	63.2511	1.795065	2.377653
39276	-182.9726	-247.0878	64.11514	2.786746	1.032939
39282	-182.816	-247.1681	64.35209	2.421185	1.151625
39288	-191.8674	-254.7585	62.89112	4.182165	0.8494602
39294	-184.7635	-247.222	62.45854	3.083996	2.057046
39300	-181.404	-242.8279	61.42386	4.511511	1.791525
39306	-183.8522	-247.4466	63.59435	3.645443	0.4660657
39312	-183.367	-246.4887	63.12165	4.112772	0.4401582
39318	-179.7449	-242.5806	62.83574	4.312255	0.3131627
39324	-183.7819	-247.3186	63.53675	3.70154	0.5455542
39330	-186.0344	-249.5552	63.52085	3.390654	1.023572
39336	-185.4558	-249.0785	63.62268	3.53932	0.7278407
39342	-184.3229	-247.0099	62.68702	4.554442	0.480889
39348	-185.4298	-248.1618	62.73204	4.240318	0.9622695
39354	-184.3735	-247.3561	62.98254	2.787213	1.905054
39360	-186.7984	-250.3743	63.57584	3.665846	0.4840966
39366	-190.9417	-252.8581	61.91637	5.144546	0.8643091
39372	-188.8073	-252.5617	63.75437	2.77089	1.358089
39378	-187.0557	-250.708	63.65228	3.282655	1.000418
39384	-182.8151	-246.6924	63.87726	3.364904	0.4952866
39390	-188.4815	-251.4296	62.94805	3.999376	0.2073911
39396	-185.8974	-249.6365	63.73903	3.335455	0.8480003
39402	-187.3413	-249.5868	62.24553	2.917869	2.30311
39408	-179.6633	-243.7814	64.11806	2.917901	0.8932602
39414	-186.9204	-249.9006	62.98027	4.133058	0.7985067
39420	-183.2	-246.1688	62.96883	4.178699	0.3127704
39426	-183.9345	-246.6937	62.75919	4.44618	0.6482545
39432	-182.264	-245.1049	62.84087	3.188086	1.726147
39438	-181.8046	-245.9844	64.1798	3.013472	0.6731481
39444	-183.1926	-246.9889	63.79632	2.212126	1.740558
39450	-184.6742	-247.1914	62.5172	2.078637	2.658672
39456	-191.2662	-251.555	60.28886	2.211973	3.897416
39462	-187.348	-251.4219	64.07381	3.111177	0.6887258
39468	-185.1411	-248.9045	63.76337	3.478535	0.4878318
39474	-186.3907	-246.9323	60.54158	4.166757	2.589177
39480	-180.1105	-242.3056	62.19509	3.536473	1.930885
39486	-177.8302	-242.4349	64.6047	2.519556	0.7836579
39492	-180.0706	-244.5349	64.46428	2.642272	0.8074863
39498	-179.2898	-244.1025	64.81267	1.979424	1.134906
39504	-179.7464	-243.9828	64.23634	2.915891	0.7430977
39510	-182.5998	-246.9032	64.30338	2.571459	1.058847
39516	-183.9879	-248.1613	64.17335	3.061591	0.4421259
39522	-180.9376	-245.3472	64.40964	2.452294	1.071012
39528	-186.1646	-249.1409	62.97631	2.905982	1.828198
39534	-185.6394	-249.437	63.7976	3.329314	0.7799702
39540	-179.1793	-241.8149	62.63563	4.457065	0.8253695
39546	-178.612	-240.8245	62.21251	4.884346	0.8200655
39552	-184.599	-247.489	62.88996	3.43105	1.51482
39558	-178.1318	-240.8868	62.755	3.566011	1.51482
39564	-185.7069	-246.3793	60.67237	4.235193	2.464988
39570	-187.9629	-249.2935	61.33063	2.707911	2.997258
39576	-181.6697	-244.7687	63.09903	3.847963	0.9882889
39582	-176.1764	-240.1885	64.0121	1.401615	2.141597
39588	-177.728	-241.8872	64.15916	1.872605	1.724166
39594	-179.9023	-244.7979	64.89559	1.980371	1.057787
39600	-183.5419	-243.1412	59.59923	2.418516	4.173139
39606	-185.4935	-246.289	60.79545	1.223861	4.172252
39612	-192.7158	-255.3718	62.65608	2.864737	2.071379
39618	-190.0622	-252.0723	62.01014	3.873624	1.827184
39624	-188.1261	-250.4478	62.32168	3.415399	1.927162
39630	-182.7843	-244.0136	61.22936	4.804257	1.722859
39636	-180.599	-241.7124	61.11341	5.251403	1.481954
39642	-184.4072	-248.5869	64.17969	2.742385	1.013197
39648	-182.1581	-245.8422	63.68417	3.041219	1.193377
39654	-180.9435	-245.4955	64.55196	2.689521	0.5192468
39660	-176.636	-240.7777	64.14171	2.792928	1.000716
39666	-180.8403	-245.0119	64.1716	2.828424	0.932983
39672	-182.3001	-246.9831	64.683	2.558992	0.4897621
39678	-188.55	-252.0756	63.52558	3.354616	1.053763
39684	-179.3214	-242.5412	63.21978	3.660416	1.053763
39690	-188.1868	-249.895	61.70825	3.559672	2.236081
39696	-186.3736	-249.4568	63.08328	2.748738	1.862677
39702	-184.1343	-247.2789	63.14468	2.565583	1.94524
39708	-180.9394	-245.2069	64.26754	2.598939	1.066739
39714	-187.1222	-250.6692	63.547	3.475586	0.9082916
39720	-182.2365	-245.4447	63.20819	3.981728	0.679568
39726	-178.378	-241.7527	63.37463	3.61601	0.2237555
39732	-177.6919	-241.1904	63.49849	3.492153	0.2237555
39738	-179.7293	-241.4003	61.67105	2.438254	2.954727
39744	-187.9209	-250.5088	62.58785	1.943453	2.698347
39750	-183.0948	-246.1422	63.04742	2.901316	1.78225
39756	-181.024	-245.6359	64.61187	2.506018	0.7923765
39762	-178.9901	-243.2049	64.21476	2.471078	1.227075
39768	-178.2315	-242.4625	64.23102	2.786276	0.9141458
39774	-185.3018	-246.4228	61.12098	4.691433	1.87606
39780	-191.7577	-253.6999	61.94224	5.126277	0.2601303
39786	-191.4779	-255.5728	64.09489	2.815597	1.024574
39792	-185.8463	-249.1337	63.28744	3.954762	0.5020695
39798	-182.8505	-245.8601	63.00963	4.224586	0.4394315
39804	-188.1046	-252.1221	64.01749	3.224203	0.4840539
39810	-185.7633	-248.6929	62.92959	3.230774	1.632577
39816	-188.4679	-248.6581	60.19016	3.955142	2.933046
39822	-198.2948	-259.4776	61.18278	2.484425	3.218536
39828	-196.2883	-259.8734	63.58514	2.790544	1.473733
39834	-197.8615	-261.0493	63.18785	3.860501	0.8790443
39840	-186.3507	-248.9195	62.56872	3.042975	2.011193
39846	-184.1201	-246.8946	62.77442	3.807279	1.312979
39852	-186.9924	-250.633	63.6406	2.951791	1.304326
39858	-184.6522	-247.8106	63.15842	3.377126	1.349935
39864	-179.8934	-244.1206	64.22718	3.014901	0.4920971
39870	-185.6922	-249.2773	63.58507	2.130108	1.941929
39876	-188.9741	-250.7875	61.81335	4.772446	1.309664
39882	-186.2027	-246.8655	60.66277	5.021605	1.962633
39888	-189.2158	-250.3633	61.14749	4.90461	1.70982
39894	-189.2716	-252.2333	62.96172	4.0002	0.9730664
39900	-189.1375	-253.1164	63.97891	2.983006	0.9730664
39906	-192.8106	-255.5934	62.78278	3.425539	1.597845
39912	-183.9746	-247.7602	63.78562	2.764074	1.338667
39918	-186.9419	-249.8157	62.8738	4.168873	0.8855889
39924	-186.9237	-249.7985	62.87478	4.346246	0.4040304
39930	-181.6794	-244.7757	63.09629	3.983879	0.2666102
39936	-190.9762	-254.1563	63.18018	3.983879	0.7245358
39942	-181.5114	-245.2436	63.73218	3.431884	0.7245358
39948	-182.1196	-245.4074	63.28779	3.834468	0.7864049
39954	-177.8193	-237.8973	60.07805	2.442937	3.885854
39960	-184.7427	-247.0497	62.30705	1.536183	3.114015
39966	-184.7464	-248.3034	63.55697	2.017467	2.03594
39972	-188.1837	-251.5715	63.38787	3.680494	0.8554105
39978	-194.9615	-258.2456	63.2841	3.784264	0.8554105
39984	-177.6966	-240.1471	62.45049	2.099221	2.687042
39990	-178.0938	-242.6356	64.54178	2.207209	1.17294
39996	-178.9762	-242.1176	63.14137	2.140881	2.226842
40002	-188.7725	-247.2749	58.50237	3.52589	4.167163
40008	-193.0964	-250.553	57.45652	4.571747	4.167163
40014	-190.6092	-248.6795	58.07036	3.957909	4.167163
40020	-182.706	-246.1973	63.49131	2.568219	1.704568
40026	-184.4994	-246.702	62.20265	3.856875	1.704568
40032	-185.8918	-248.286	62.3942	4.834827	0.4231404
40038	-188.4533	-249.6555	61.20223	4.975021	1.620383
40044	-185.8953	-250.1772	64.28192	2.147446	1.432816
40050	-192.1396	-256.197	64.05743	2.776147	1.097327
40056	-189.9261	-253.9409	64.01484	3.117277	0.7726596
40062	-180.5752	-244.4941	63.91891	2.32244	1.573728
40068	-174.8715	-238.9411	64.0696	2.756114	1.104532
40074	-172.8962	-236.9571	64.06097	2.544249	1.293894
40080	-170.7247	-235.124	64.3993	2.007602	1.450014
40086	-168.1081	-231.6928	63.58476	2.389936	1.76417
40092	-174.5455	-239.0449	64.49935	1.817	1.518296
40098	-175.4445	-236.4768	61.03223	2.539042	3.275239
40104	-167.2514	-231.2174	63.96594	3.162478	0.7778782
40110	-171.248	-235.0647	63.81667	2.098034	1.805835
40116	-170.0686	-233.7571	63.68853	2.939229	1.275442
40122	-173.0827	-236.6867	63.60397	2.694583	1.531537
40128	-181.0825	-246.172	65.08953	2.148224	0.5487062
40134	-175.5084	-239.7783	64.2699	2.113266	1.46807
40140	-173.6897	-237.1501	63.4604	1.753213	2.270974
40146	-171.2262	-235.168	63.94182	2.786416	1.190927
40152	-171.5037	-235.0363	63.53259	3.708337	0.5257152
40158	-174.3004	-237.7183	63.41789	2.941298	1.486195
40164	-174.0779	-237.6932	63.61528	2.532288	1.641783
40170	-174.0241	-236.6916	62.66756	2.145035	2.524377
40176	-171.5558	-234.8407	63.28493	2.58645	1.835704
40182	-167.6896	-231.0493	63.35967	3.573773	1.001915
40188	-165.5408	-228.4363	62.89548	4.037961	1.001915
40194	-167.2692	-231.6827	64.41351	2.378071	1.135359
40200	-178.0342	-239.7539	61.71968	2.356722	2.97452
40206	-178.9606	-241.2975	62.33683	4.840024	0.3403285
40212	-171.7457	-235.7594	64.01372	3.228458	0.503883
40218	-170.4164	-233.9115	63.49514	2.522737	1.733939
40224	-174.5272	-235.9395	61.41232	4.256603	1.97299
40230	-164.8114	-229.2161	64.40465	2.716985	0.7872676
40236	-167.8982	-231.6844	63.78622	3.401047	0.352047
40242	-169.5698	-232.7481	63.17824	1.997918	2.294955
40248	-172.9048	-235.3461	62.4413	3.704869	1.64279
40254	-170.9202	-233.4247	62.5045	2.174882	2.60711
40260	-175.2636	-237.3151	62.05152	2.400234	2.747067
40266	-175.2441	-239.4982	64.2541	2.659845	1.021186
40272	-184.7506	-249.6015	64.85091	1.873199	1.194481
40278	-182.1073	-243.5368	61.4295	2.47887	3.075172
40284	-186.739	-249.5404	62.8014	2.399684	2.279006
40290	-185.529	-250.062	64.533	2.411834	0.9904752
40296	-178.7016	-241.9611	63.25957	2.64804	1.81074
40302	-181.8831	-246.0832	64.20011	2.840199	0.8882984
40308	-181.8572	-245.6263	63.76914	2.727414	1.380692
40314	-175.6523	-239.7629	64.11065	2.466198	1.316889
40320	-179.9447	-243.9441	63.99939	3.155765	0.7385956
40326	-181.5257	-244.901	63.37533	2.400153	1.901171
40332	-195.4287	-259.7988	64.37004	1.873279	1.57228
40338	-193.0702	-257.1325	64.06228	2.469248	1.353124
40344	-197.3512	-258.7805	61.42932	1.448352	3.680342
40350	-194.4079	-257.6914	63.2835	2.914271	1.605516
40356	-195.5316	-259.1055	63.57395	2.232573	1.880068
40362	-192.6924	-255.1715	62.47909	4.689828	0.7165939
40368	-194.8376	-258.6924	63.85479	2.645475	1.377781
40374	-190.955	-254.5809	63.62588	3.537986	0.7248554
40380	-183.0758	-246.8574	63.78162	2.968162	1.172248
40386	-184.4888	-247.4455	62.95672	4.078808	0.8937528
40392	-183.9121	-247.2187	63.30663	3.150804	1.41117
40398	-183.2153	-246.2288	63.01349	3.443946	1.41117
40404	-195.9398	-259.2738	63.33401	3.688133	0.9087773
40410	-200.8512	-262.1323	61.28114	4.256252	2.060439
40416	-187.8662	-251.2801	63.41386	3.307954	1.196448
40422	-180.3526	-245.0186	64.66595	2.532093	0.6636715
40428	-181.4124	-245.8873	64.47494	1.788124	1.557773
40434	-182.2568	-244.937	62.68012	1.895944	2.670841
40440	-184.4926	-248.9449	64.45226	2.788553	0.5268913
40446	-183.7104	-247.9229	64.21248	2.566258	1.14679
40452	-178.4771	-242.7608	64.28369	2.658054	0.9935957
40458	-179.7857	-243.1186	63.33289	2.697917	1.72484
40464	-186.2465	-249.7724	63.52585	3.574253	0.815879
40470	-192.075	-253.2982	61.22319	4.50787	1.931228
40476	-177.5587	-240.2767	62.71793	2.577679	2.218225
40482	-170.6474	-235.225	64.5776	2.343353	1.014298
40488	-176.2271	-241.006	64.77887	2.050829	1.100888
40494	-186.0798	-251.0532	64.97343	2.092243	0.8586363
40500	-181.5929	-246.4522	64.85932	2.084926	0.9910669
40506	-180.2725	-244.7739	64.50142	2.084926	1.309219
40512	-177.7364	-239.8336	62.09718	2.26273	2.803081
40518	-172.412	-235.7593	63.34729	2.478725	1.866776
40524	-179.8952	-244.3057	64.41057	2.151739	1.32858
40530	-186.4619	-250.515	64.05308	3.179924	0.5709484
40536	-181.8611	-245.8582	63.99717	3.179924	0.3405882
40542	-190.6609	-253.2309	62.56999	2.706391	2.23063
40548	-186.5106	-249.4418	62.93129	2.632659	2.042881
40554	-178.2564	-242.3661	64.10976	2.799624	1.025649
40560	-180.8696	-244.5563	63.68668	3.397191	0.8364494
40566	-182.1109	-245.8333	63.72242	3.493334	0.6239889
40572	-182.9457	-246.3843	63.43857	3.793479	0.4320877
40578	-182.6482	-246.2456	63.59741	3.485051	0.8381887
40584	-185.6347	-250.114	64.47931	2.691904	0.7127841
40590	-190.9556	-254.6783	63.72273	3.448478	0.7127841
40596	-193.654	-256.1966	62.54267	4.696743	0.5382986
40602	-168.4811	-231.9378	63.45664	3.631474	0.2712359
40608	-168.9615	-232.5643	63.60279	3.631474	0.4396044
40614	-169.6469	-233.6173	63.97032	2.734357	1.211104
40620	-168.8746	-232.0725	63.19788	3.926895	0.2951446
40626	-170.957	-234.9802	64.02317	3.212772	0.446113
40632	-173.2794	-237.2651	63.98571	2.763628	1.172633
40638	-178.8206	-241.8375	63.01693	3.453414	1.401155
40644	-167.9382	-232.262	64.32387	2.714649	0.8903432
40650	-168.9486	-233.3785	64.42989	2.284404	1.202899
40656	-171.9452	-234.7872	62.84201	4.379983	0.4060918
40662	-175.126	-238.196	63.06996	3.845874	1.019338
40668	-170.5092	-234.3883	63.87914	2.367654	1.569737
40674	-179.6423	-243.6051	63.96283	2.456553	1.440475
40680	-172.0518	-235.7649	63.71316	2.940596	1.253949
40686	-170.0557	-233.5289	63.47323	3.180525	1.253949
40692	-174.5183	-238.1562	63.63785	2.742235	1.470402
40698	-175.1597	-238.9144	63.75467	2.762727	1.364301
40704	-174.7427	-238.4315	63.68886	3.059409	1.173569
40710	-174.2129	-238.1946	63.98174	2.856365	1.093162
40716	-178.0499	-241.9973	63.94738	2.327426	1.54912
40722	-174.2663	-238.3602	64.09383	3.110044	0.6515155
40728	-179.364	-243.3923	64.02826	3.119408	0.3128843
40734	-176.2023	-238.9908	62.78849	4.359172	0.3128843
40740	-169.6223	-233.3635	63.74112	3.498692	0.466198
40746	-170.4451	-233.9787	63.53361	3.682221	0.623797
40752	-178.4891	-241.7482	63.25905	3.956784	0.623797
40758	-183.3246	-247.4225	64.09794	3.106805	0.6496285
40764	-174.4997	-238.1019	63.6022	3.56359	0.7217384
40770	-178.2938	-241.8234	63.52958	3.454395	0.9500915
40776	-186.546	-246.5635	60.01755	4.434041	2.747167
40782	-185.0018	-244.8132	59.81141	5.231097	2.379965
40788	-184.6175	-246.0176	61.40014	2.065219	3.337628
40794	-177.466	-240.8231	63.35703	3.74702	0.8107633
40800	-184.5967	-247.2752	62.67851	3.883386	1.328912
40806	-177.4343	-240.7778	63.34345	2.361544	1.948786
40812	-189.6051	-252.2371	62.63202	4.274846	1.028105
40818	-187.0968	-251.4673	64.37051	2.717092	0.2709325
40824	-185.8972	-248.8763	62.97907	4.201378	0.6968874
40830	-189.0956	-253.4613	64.3657	2.126563	1.384056
40836	-182.7673	-244.6154	61.84812	3.03823	2.478288
40842	-176.4684	-240.1079	63.63948	1.798603	2.125682
40848	-172.5565	-236.9284	64.37191	2.100355	1.399656
40854	-177.3401	-241.9446	64.60442	2.101146	1.21035
40860	-174.7843	-237.4527	62.66841	1.497375	2.920698
40866	-167.7742	-231.4017	63.62755	1.742638	2.169931
40872	-165.1337	-229.419	64.28524	1.742638	1.726902
40878	-168.2738	-232.4766	64.20283	1.970013	1.623572
40884	-168.7321	-233.4621	64.73004	2.371793	0.8136399
40890	-189.5477	-254.2967	64.74905	2.259578	0.9236555
40896	-187.7447	-249.8325	62.08781	2.280345	2.798061
40902	-184.2782	-249.175	64.89676	1.776237	1.237876
40908	-187.6247	-249.536	61.91124	2.312414	2.885741
40914	-177.8976	-240.8434	62.9458	1.874692	2.519449
40920	-175.8827	-240.1077	64.22501	2.57742	1.125637
40926	-172.2562	-235.8472	63.59098	2.828976	1.440034
40932	-169.9059	-233.3936	63.48768	2.712168	1.604006
40938	-178.546	-240.8383	62.29225	2.742092	2.385135
40944	-174.7171	-238.4083	63.69127	1.343069	2.385135
40950	-170.1177	-231.3482	61.23041	1.325018	3.866086
40956	-171.1514	-231.8878	60.73633	1.069039	4.293551
40962	-172.4371	-234.7972	62.36011	1.75951	2.948519
40968	-176.4751	-239.3591	62.88397	1.49048	2.794228
40974	-176.9668	-240.7768	63.81009	3.206189	0.915272
40980	-172.9479	-237.2659	64.31807	2.479808	1.129727
40986	-177.8728	-242.2493	64.37649	1.89299	1.553048
40992	-185.7832	-249.2118	63.42866	2.482488	1.808296
40998	-187.2708	-251.0996	63.82883	3.362928	0.6760698
41004	-180.1924	-244.5293	64.33699	2.691387	0.9018129
41010	-187.1316	-250.1434	63.01184	2.981086	1.75143
41016	-183.0898	-245.2847	62.19493	2.818253	2.39851
41022	-184.2232	-247.8502	63.62695	2.062539	1.959202
41028	-177.7347	-241.1237	63.38904	2.680071	1.697784
41034	-186.4022	-249.864	63.4618	2.844763	1.525582
41040	-189.3347	-253.237	63.90234	3.292452	0.6701683
41046	-192.7822	-257.0639	64.2817	2.945015	0.5932432
41052	-193.1348	-257.1128	63.97803	3.184646	0.7267565
41058	-195.0367	-258.8803	63.84353	3.046511	1.044357
41064	-181.2043	-244.1432	62.93891	2.838643	1.899769
41070	-189.2335	-251.8054	62.57189	3.009594	2.031268
41076	-177.9273	-241.6467	63.71933	2.568854	1.539224
41082	-174.1355	-238.3692	64.23366	2.345157	1.315304
41088	-174.89	-237.1166	62.22664	4.269405	1.381093
41094	-178.222	-242.475	64.25299	1.971902	1.585764
41100	-179.0148	-242.7158	63.70097	2.346184	1.713318
41106	-179.3899	-240.6806	61.29067	2.967373	2.864926
41112	-172.1607	-236.1512	63.99049	2.287323	1.546897
41118	-178.8694	-241.4273	62.55787	2.54041	2.344592
41124	-184.6111	-247.6425	63.0314	4.151723	0.6921195
41130	-197.9925	-260.0783	62.08584	4.300422	1.465721
41136	-201.7931	-260.954	59.16097	7.22529	1.465721
41142	-196.4979	-257.6081	61.11022	4.089533	2.279857
41148	-199.1208	-261.219	62.09819	4.283684	1.469048
41154	-190.9255	-254.3166	63.39111	3.18219	1.319752
41160	-193.2904	-254.0848	60.79442	4.343627	2.319281
41166	-192.8884	-256.4	63.51166	3.081392	1.303792
41172	-184.6987	-248.3364	63.63765	2.955393	1.303792
41178	-182.496	-246.7433	64.24726	2.408767	1.252059
41184	-185.5158	-247.3998	61.88394	2.001604	3.088796
41190	-181.5877	-243.4449	61.85717	2.028373	3.088796
41196	-186.7844	-250.5943	63.80985	3.186375	0.9370652
41202	-176.374	-239.9354	63.56142	3.657783	0.6150621
41208	-176.7056	-240.659	63.95339	3.265807	0.6150621
41214	-177.3609	-241.4586	64.09774	3.121459	0.6150621
41220	-174.5105	-238.9954	64.48487	2.731261	0.623039
41226	-171.2024	-235.7188	64.51638	2.379922	1.038337
41232	-170.2051	-234.7483	64.54326	2.665623	0.6404284
41238	-172.4798	-236.6829	64.20315	3.004368	0.6435125
41244	-174.891	-238.9636	64.07267	3.145855	0.616855
41250	-180.9168	-245.1756	64.25878	2.920704	0.6985866
41256	-177.2065	-240.9765	63.76997	2.479652	1.56766
41262	-177.2711	-241.7244	64.45329	2.666462	0.7898383
41268	-178.0172	-242.5093	64.4921	2.598314	0.8282487
41274	-178.0774	-241.888	63.81061	2.871766	1.229995
41280	-183.9054	-247.4574	63.55202	2.403679	1.777406
41286	-178.9748	-241.2104	62.23562	2.654999	2.475612
41292	-178.178	-241.382	63.20393	3.798622	0.2286752
41298	-182.064	-245.3405	63.27646	3.798622	0.2637365
41304	-181.147	-244.9868	63.83976	3.400339	0.5332072
41310	-177.8724	-242.0537	64.18126	3.04232	0.6028191
41316	-180.7916	-242.4206	61.62898	1.704889	3.414801
41322	-180.608	-244.9115	64.30356	2.752491	0.8700511
41328	-174.5563	-238.6473	64.09108	2.197327	1.53906
41334	-188.973	-251.2966	62.32361	3.239711	2.043299
41340	-186.2382	-249.6628	63.42459	3.752111	0.7034459
41346	-183.6131	-245.8553	62.24221	1.699071	3.055511
41352	-181.6602	-244.6312	62.97095	2.874347	1.853595
41358	-185.5066	-248.5437	63.0371	3.715065	1.170171
41364	-183.7011	-247.159	63.45785	3.0694	1.356506
41370	-190.5271	-252.1644	61.63723	1.991907	3.24106
41376	-184.4928	-248.2164	63.72361	3.10022	1.106252
41382	-182.1817	-246.2269	64.04529	3.085838	0.7740583
41388	-191.5222	-250.4519	58.92968	6.733184	1.977045
41394	-176.9783	-239.9462	62.96793	4.095952	0.2576417
41400	-176.8682	-240.7431	63.87489	3.36213	0.5526679
41406	-177.6899	-241.2049	63.51501	3.67403	0.6812307
41412	-183.0086	-246.7602	63.75167	3.354381	0.8081492
41418	-187.6917	-249.5947	61.90302	3.744102	1.987574
41424	-191.6007	-252.8492	61.24852	4.924941	1.623121
41430	-193.5703	-255.3982	61.82792	4.345541	1.623121
41436	-190.4319	-253.6834	63.25148	3.228955	1.393298
41442	-185.6033	-246.2023	60.59907	3.858236	2.743672
41448	-181.3418	-244.4009	63.0591	1.896491	2.43482
41454	-187.7345	-247.4962	59.76172	2.282582	4.15805
41460	-182.3296	-246.2983	63.96866	2.366655	1.504125
41466	-188.0936	-249.6454	61.55177	2.55228	2.957893
41472	-185.19	-247.1748	61.98476	3.177318	2.303952
41478	-182.4124	-245.1392	62.72684	2.435241	2.303952
41484	-184.8434	-246.382	61.5386	4.318057	1.845806
41490	-179.8571	-241.7353	61.87824	3.447439	2.198795
41496	-179.3994	-243.784	64.38454	2.167884	1.33649
41502	-182.8157	-246.174	63.35838	2.617013	1.763681
41508	-183.3887	-247.7413	64.35258	1.840137	1.60918
41514	-195.1291	-258.9228	63.79373	3.223239	0.9145063
41520	-197.5178	-261.2137	63.69586	3.441054	0.7658105
41526	-180.6708	-245.1771	64.50629	2.54611	0.8743247
41532	-184.9121	-248.2331	63.32097	2.210544	2.064324
41538	-181.8842	-245.7965	63.91224	2.980216	1.042037
41544	-181.6464	-245.7077	64.06129	2.631051	1.221582
41550	-181.2541	-243.6701	62.416	2.358572	2.548057
41556	-176.8365	-241.2477	64.41122	2.826771	0.4554944
41562	-175.8801	-240.2916	64.41144	2.826558	0.4554944
41568	-166.9526	-231.269	64.31645	2.904152	0.6112602
41574	-172.4705	-236.1836	63.71311	3.521289	0.4400811
41580	-180.089	-244.1124	64.02333	3.211063	0.4400811
41586	-178.785	-242.3235	63.53845	3.59282	0.2999178
41592	-179.748	-243.4575	63.70955	3.523507	0.4353844
41598	-173.7893	-237.5905	63.80127	2.975039	1.148944
41604	-175.4662	-238.7374	63.27121	2.726332	1.748201
41610	-185.2771	-248.2729	62.99575	2.313643	2.209327
41616	-191.913	-255.291	63.37802	3.683705	0.863346
41622	-183.6452	-245.5165	61.87125	3.521	2.155583
41628	-179.4284	-241.128	61.69967	3.970176	1.972375
41634	-187.6432	-251.8608	64.21758	2.832033	0.8775749
41640	-178.6822	-241.5977	62.91552	4.226146	0.3079714
41646	-181.7162	-246.0936	64.37739	2.668872	0.8814604
41652	-173.5061	-237.3212	63.81509	3.379558	0.6704461
41658	-174.9874	-237.5325	62.54512	3.992369	1.34839
41664	-171.8084	-236.2277	64.41934	2.810251	0.5836851
41670	-174.5119	-238.4899	63.97804	2.475325	1.414322
41676	-175.0115	-239.4984	64.48697	2.743741	0.5796956
41682	-177.4365	-236.0847	58.64825	3.063379	4.346556
41688	-172.2419	-235.8866	63.64469	2.661454	1.525895
41694	-177.7607	-238.5745	60.81381	2.560435	3.391138
41700	-174.0953	-236.7533	62.65805	2.095833	2.560917
41706	-179.4855	-243.6527	64.1672	2.527711	1.219403
41712	-186.4276	-248.1979	61.77031	3.655281	2.133846
41718	-184.8292	-248.8539	64.02463	3.201092	0.5963658
41724	-182.9485	-247.232	64.28346	2.943622	0.4180018
41730	-189.1311	-252.0953	62.96416	4.009051	0.2168911
41736	-182.7865	-246.217	63.43059	3.774237	0.3754498
41742	-183.2649	-247.0246	63.75966	3.452945	0.3879933
41748	-185.6712	-250.0737	64.40252	2.827282	0.5829384
41754	-192.7356	-256.4103	63.67473	2.638986	1.520258
41760	-184.5394	-248.5116	63.97224	1.981948	1.778457
41766	-190.6912	-253.1064	62.41517	2.399019	2.523386
41772	-178.454	-242.8542	64.40018	1.917168	1.517553
41778	-187.8688	-250.2514	62.38255	2.999581	2.162167
41784	-187.5519	-248.3292	60.77732	4.354648	2.323155
41790	-183.1835	-245.5004	62.31687	1.420752	3.176803
41796	-171.2081	-236.0684	64.8603	2.381656	0.5112106
41802	-176.0332	-239.3617	63.3285	3.857917	0.3510401
41808	-184.4026	-247.2033	62.80067	2.397588	2.280813
41814	-178.9591	-242.7522	63.79304	1.771132	2.042737
41820	-176.857	-237.4508	60.59373	4.540423	2.321762
41826	-171.808	-233.4419	61.63387	2.195392	3.122338
41832	-170.9625	-235.0684	64.10584	1.77107	1.831899
41838	-175.4955	-239.8119	64.31646	1.692469	1.740221
41844	-173.8704	-238.4091	64.53873	1.986316	1.358253
41850	-183.4323	-247.4571	64.02481	2.500237	1.358253
41856	-179.2934	-243.3567	64.06333	2.508692	1.320777
41862	-178.5995	-242.4294	63.82987	2.600361	1.432154
41868	-179.1949	-242.6991	63.50421	2.926021	1.432154
41874	-178.864	-242.6153	63.75131	3.221355	0.9619489
41880	-178.5447	-243.4511	64.90632	2.286779	0.6734852
41886	-173.0745	-237.8589	64.78437	2.339539	0.7841343
41892	-174.3122	-237.585	63.27283	2.683176	1.777194
41898	-182.4764	-245.833	63.35655	2.899982	1.562579
41904	-184.1896	-245.3197	61.13016	1.982802	3.543798
41910	-182.1993	-246.1365	63.93718	2.275122	1.594944
41916	-182.5101	-245.6989	63.18884	3.304236	1.383422
41922	-189.671	-250.2783	60.60731	2.831709	3.353113
41928	-189.0782	-250.8626	61.78442	1.654601	3.353113
41934	-184.4618	-245.6768	61.21508	2.223935	3.353113
41940	-181.2387	-245.389	64.15027	2.914541	0.859663
41946	-182.3966	-246.4279	64.03124	3.149331	0.6966688
41952	-189.1131	-253.1444	64.03124	3.149331	0.6966688
41958	-201.09	-260.6462	59.55619	5.624956	2.291765
41964	-195.877	-259.5531	63.67611	2.384952	1.703485
41970	-197.1632	-259.6307	62.46745	4.766221	0.4374858
41976	-194.0008	-257.0557	63.05487	4.142946	0.6641321
41982	-203.0937	-267.0796	63.98583	3.199607	0.3498845
41988	-198.7811	-259.9269	61.1458	3.168918	2.830554
41994	-197.3696	-260.919	63.54941	3.110575	1.248762
42000	-186.6248	-250.84	64.21517	2.444811	1.248762
42006	-186.192	-246.9656	60.77366	2.122068	3.669897
42012	-194.8375	-257.5286	62.69117	4.480168	0.7125657
42018	-192.5857	-255.3172	62.73154	4.480168	0.3864547
42024	-198.4619	-260.9424	62.48056	4.760332	0.5261149
42030	-191.5594	-255.5121	63.9527	2.563247	1.365447
42036	-197.1103	-260.7275	63.61723	2.898716	1.365447
42042	-195.2977	-258.9899	63.69226	1.584674	2.230274
42048	-183.5943	-246.9317	63.33738	1.939547	2.230274
42054	-179.85	-245.045	65.19507	1.974913	0.7148367
42060	-185.3014	-250.1942	64.89273	2.326775	0.6142412
42066	-187.3244	-252.2247	64.90033	2.319171	0.6142412
42072	-199.3574	-263.7613	64.40384	2.296926	1.214433
42078	-202.6462	-265.6375	62.99128	3.531709	1.359879
42084	-190.2143	-254.0703	63.85598	2.845065	1.214199
42090	-189.5986	-252.8402	63.24155	3.342377	1.311178
42096	-187.1344	-249.2643	62.12995	4.328791	1.410158
42102	-184.6691	-248.1024	63.43331	3.793506	0.4173385
42108	-182.3417	-244.4197	62.078	4.396203	1.398152
42114	-177.6812	-241.6456	63.96433	2.792997	1.16566
42120	-179.0293	-241.9784	62.94908	4.109807	0.2550141
42126	-175.2803	-237.7028	62.42244	4.424681	0.1762835
42132	-175.49	-238.7985	63.30844	3.709781	0.2354583
42138	-177.3854	-241.7482	64.36284	2.415241	1.147375
42144	-181.5162	-244.9236	63.40735	2.180764	2.026865
42150	-186.6705	-246.6618	59.99124	4.278327	2.857946
42156	-179.9064	-243.3222	63.41577	2.909059	1.51197
42162	-181.3844	-245.1259	63.74151	3.077716	1.110448
42168	-186.0006	-248.5455	62.54491	2.452096	2.408725
42174	-183.8321	-245.8356	62.00349	2.993511	2.408725
42180	-185.3252	-245.8853	60.56011	6.096326	1.251721
42186	-178.7706	-241.2961	62.52549	4.63779	0.7257926
42192	-194.1083	-255.5881	61.47982	3.854654	2.1931
42198	-180.509	-245.1876	64.67861	2.216284	1.03969
42204	-185.4435	-248.3012	62.85772	2.52841	2.159567
42210	-187.1342	-250.4668	63.33259	2.842905	1.62165
42216	-183.7813	-247.2118	63.43047	3.647828	0.8433299
42222	-187.3666	-248.5954	61.22878	5.111391	1.500486
42228	-184.5963	-246.7475	62.15113	5.01772	0.3321188
42234	-185.7083	-247.8595	62.15113	5.01772	0.3321188
42240	-188.3075	-250.94	62.63254	4.452211	0.2692563
42246	-183.5463	-246.8997	63.35333	3.805006	0.7336412
42252	-183.0312	-246.3771	63.34598	3.071821	1.441679
42258	-179.109	-243.2267	64.11775	2.532438	1.256911
42264	-190.5981	-251.8826	61.28451	3.316673	2.655382
42270	-189.0594	-252.7001	63.64069	3.233633	1.059343
42276	-185.2114	-249.9673	64.75586	1.878707	1.269838
42282	-188.8511	-249.468	60.61689	4.477986	2.346755
42288	-187.5657	-250.3483	62.78261	4.093142	0.1843533
42294	-175.8372	-239.9085	64.07127	2.803364	1.059041
42300	-181.6253	-241.8169	60.19159	3.078581	3.452081
42306	-182.4532	-242.3649	59.91165	3.190953	3.549823
42312	-176.9199	-241.7265	64.80656	2.251357	0.8678514
42318	-180.895	-244.2662	63.37118	2.926756	1.531999
42324	-178.9875	-241.1166	62.12919	4.479553	1.291021
42330	-184.6559	-248.2106	63.55466	2.163397	1.939988
42336	-190.8387	-250.7301	59.89143	3.547253	3.353309
42342	-176.9454	-241.1563	64.21089	2.676759	1.046649
42348	-179.8011	-243.7633	63.96214	2.930031	1.04231
42354	-187.114	-249.246	62.13206	4.274631	1.45017
42360	-188.8883	-249.9073	61.01904	3.690219	2.588608
42366	-181.5201	-244.17	62.64983	3.918894	1.323432
42372	-182.3581	-245.514	63.15586	3.265559	1.438913
42378	-183.0044	-244.4278	61.42338	2.904389	2.822625
42384	-176.3497	-238.3251	61.97543	4.708408	1.228766
42390	-174.7201	-239.0503	64.33029	2.675921	0.9262829
42396	-184.4537	-245.1149	60.6612	2.137618	3.725925
42402	-183.2625	-245.4004	62.13784	0.9770112	3.542694
42408	-184.049	-246.724	62.67499	2.064802	2.569672
42414	-185.2636	-248.5964	63.33276	1.872909	2.276069
42420	-188.1582	-250.9912	62.83291	2.743532	2.034608
42426	-180.4166	-244.2457	63.82914	1.747306	2.034608
42432	-184.0784	-248.8789	64.80055	2.029445	1.100611
42438	-182.0991	-245.448	63.3489	2.866221	1.592893
42444	-180.2726	-244.6267	64.35419	2.879104	0.5697858
42450	-182.5474	-246.6172	64.06982	2.896623	0.9684056
42456	-184.1599	-245.224	61.06412	4.413969	2.099478
42462	-179.0828	-243.5652	64.48238	2.729451	0.3866645
42468	-180.0907	-244.8179	64.72715	2.236327	0.9714683
42474	-183.1596	-246.1647	63.00503	2.956431	1.773392
42480	-183.7109	-247.4855	63.77461	3.365794	0.7607477
42486	-185.989	-246.2529	60.26398	3.997378	2.862917
42492	-179.5499	-244.2596	64.70974	2.506061	0.6238723
42498	-178.9877	-242.9505	63.96276	2.572202	1.350395
42504	-178.0363	-242.3887	64.35234	1.793441	1.64307
42510	-171.7237	-235.6634	63.93969	2.77445	1.203031
42516	-177.3995	-240.6956	63.29607	2.403797	1.952231
42522	-177.683	-240.905	63.22204	2.938549	1.632412
42528	-174.3426	-239.105	64.76238	2.315798	0.843476
42534	-176.4279	-238.9424	62.51449	3.31725	1.862867
42540	-178.4111	-241.7261	63.31497	2.516768	1.862867
42546	-175.6331	-240.0573	64.42421	2.580175	0.9282718
42552	-173.0509	-236.88	63.82914	3.331873	0.7294128
42558	-178.4913	-241.2223	62.731	3.351591	1.688217
42564	-182.9289	-247.3184	64.38945	2.750072	0.7620294
42570	-180.2154	-242.9374	62.72194	2.330553	2.373645
42576	-172.1912	-235.7076	63.51635	2.893282	1.447932
42582	-176.2633	-237.8896	61.62629	2.396223	3.006869
42588	-170.5939	-234.51	63.91615	3.057975	0.9604247
42594	-174.7622	-235.4699	60.70776	1.601075	4.007323
42600	-174.1464	-236.977	62.83053	1.250784	2.971563
42606	-175.9512	-237.2809	61.3297	2.623748	3.048235
42612	-173.21	-236.9822	63.77221	2.821687	1.303101
42618	-174.2237	-238.3796	64.15595	2.43533	1.305229
42624	-175.7509	-240.0593	64.30838	2.09932	1.449403
42630	-178.2334	-239.5624	61.32898	3.442958	2.549694
42636	-172.1838	-236.2472	64.06342	2.982477	0.8818819
42642	-177.4592	-241.5884	64.12921	2.916687	0.8818819
42648	-179.3164	-242.8251	63.50873	2.360464	1.837201
42654	-178.0867	-241.3088	63.22215	3.303909	1.357451
42660	-175.6369	-239.3087	63.6718	2.88019	1.336832
42666	-174.8822	-237.9716	63.08941	2.142624	2.259154
42672	-176.1738	-240.5018	64.32798	2.148889	1.396074
42678	-189.3226	-252.5319	63.20933	2.388576	2.020362
42684	-181.891	-246.2762	64.38528	2.608257	0.9399395
42690	-194.9278	-253.5325	58.60474	8.515819	0.7887338
42696	-189.3722	-250.9591	61.58689	5.34202	1.00642
42702	-174.0397	-238.0561	64.01638	2.120064	1.649778
42708	-177.8173	-241.2791	63.46181	2.674626	1.649778
42714	-179.371	-243.7255	64.35453	1.922229	1.547675
42720	-173.0051	-237.8954	64.89032	1.922229	1.116506
42726	-178.7106	-243.468	64.75735	2.055197	1.116506
42732	-187.2668	-250.766	63.49916	2.286671	1.894144
42738	-181.5321	-245.2031	63.67102	2.628875	1.530543
42744	-183.7713	-246.967	63.1957	1.877133	2.360749
42750	-180.1587	-243.1856	63.02689	1.803721	2.513139
42756	-176.6058	-239.9311	63.32534	2.577823	1.81381
42762	-177.2645	-240.9899	63.72534	2.612836	1.501979
42768	-180.4557	-244.2408	63.78511	2.732063	1.364475
42774	-178.9787	-242.4794	63.50067	3.421869	1.012739
42780	-174.729	-237.3766	62.64754	1.697397	2.812189
42786	-175.3802	-235.2564	59.87625	1.638651	4.457527
42792	-172.6991	-234.9341	62.23496	2.492819	2.577124
42798	-174.0209	-237.2121	63.19122	1.932872	2.328172
42804	-174.4807	-234.9555	60.4748	1.588478	4.14726
42810	-176.3499	-240.7822	64.43226	1.802661	1.578434
42816	-183.2835	-244.1634	60.8799	2.388011	3.453403
42822	-186.7074	-249.6337	62.9263	4.256578	0.6925612
42828	-182.2986	-246.1338	63.83514	3.261319	0.820574
42834	-182.5238	-246.6572	64.13345	2.809913	0.9919603
42840	-180.3801	-244.259	63.87893	2.45759	1.503223
42846	-187.1984	-251.4707	64.27236	2.465046	1.182998
42852	-192.3755	-255.4477	63.07218	4.169112	0.5216541
42858	-191.3446	-254.7939	63.44926	3.792034	0.5216541
42864	-184.0574	-248.4598	64.40239	2.353411	1.166988
42870	-185.3056	-249.2367	63.93107	3.020642	0.9835038
42876	-186.9284	-250.9829	64.05445	2.229898	1.542066
42882	-190.7246	-252.9495	62.22486	4.846662	0.2617684
42888	-183.5564	-247.9768	64.42043	2.353737	1.150839
42894	-187.2616	-250.2404	62.97886	3.965001	0.9914618
42900	-192.4242	-256.4084	63.98423	2.534388	1.363332
42906	-198.1744	-262.1343	63.9599	1.994894	1.778033
42912	-192.4187	-253.3455	60.92675	6.204524	0.77386
42918	-193.435	-253.9717	60.53672	6.044568	1.313307
42924	-193.3725	-257.5619	64.18947	2.079701	1.553271
42930	-184.11	-247.1533	63.0433	3.225878	1.553271
42936	-189.6153	-251.6401	62.02479	3.905905	1.794765
42942	-191.6181	-254.8683	63.25018	3.370266	1.281448
42948	-186.1527	-248.4183	62.2656	3.066484	2.194645
42954	-183.0408	-244.2382	61.19748	5.16985	1.480049
42960	-178.4384	-240.5926	62.15415	4.213178	1.480049
42966	-176.5361	-236.8593	60.32317	2.677785	3.608901
42972	-173.4226	-237.7516	64.32893	2.709178	0.8908163
42978	-180.9968	-244.6569	63.66006	2.685411	1.496509
42984	-185.0852	-249.454	64.36883	2.8018	0.7137511
42990	-177.6844	-242.2074	64.52307	2.610825	0.7701431
42996	-176.7956	-240.8931	64.09744	3.009584	0.8068725
43002	-174.3211	-238.3545	64.03344	3.073583	0.8068725
43008	-171.0654	-234.9675	63.90209	2.522983	1.436108
43014	-173.5201	-236.1538	62.63371	2.12458	2.558182
43020	-169.4701	-233.4416	63.97142	2.765066	1.183799
43026	-171.7599	-234.713	62.95311	1.784348	2.571121
43032	-172.2385	-235.7537	63.51519	1.788482	2.213024
43038	-175.6713	-239.4303	63.75895	1.59529	2.180285
43044	-179.4894	-242.5967	63.10737	1.727729	2.510337
43050	-179.1943	-241.9544	62.76005	2.612644	2.168306
43056	-182.5429	-244.6704	62.12754	2.474115	2.655091
43062	-185.2909	-247.1132	61.82229	1.868799	3.204393
43068	-184.0262	-246.8347	62.80851	2.284605	2.347876
43074	-184.8579	-246.5051	61.64715	5.13795	1.141144
43080	-181.2278	-245.0509	63.82313	3.295914	0.7908065
43086	-186.246	-247.9918	61.74582	2.590094	2.817675
43092	-187.1893	-249.3963	62.20698	4.289083	1.381078
43098	-180.7486	-243.164	62.4154	3.787578	1.601732
43104	-184.6434	-248.2764	63.63306	2.456915	1.68297
43110	-184.0336	-246.797	62.76338	3.735527	1.37885
43116	-180.0997	-243.9984	63.89868	3.306736	0.6481655
43122	-182.5178	-246.2206	63.70276	2.729827	1.430341
43128	-181.0899	-244.8796	63.78966	2.642931	1.430341
43134	-180.5813	-244.9754	64.3941	2.601691	0.9375281
43140	-183.276	-244.7615	61.48547	2.473433	3.04497
43146	-178.589	-241.9399	63.35089	1.886794	2.255525
43152	-176.9512	-238.9771	62.02589	1.929244	3.047227
43158	-181.9606	-245.3195	63.35892	2.288693	1.987245
43164	-173.0553	-236.6506	63.59526	2.052357	1.987245
43170	-171.7692	-234.8346	63.06542	2.582199	1.987245
43176	-173.6416	-237.6939	64.0523	2.416342	1.402479
43182	-176.4924	-240.3719	63.87953	2.405813	1.541332
43188	-176.5875	-241.1124	64.5249	2.228186	1.169365
43194	-182.6072	-245.6689	63.06162	1.870668	2.449469
43200	-190.2147	-252.5383	62.32365	3.595577	1.80271
43206	-184.8367	-248.0522	63.21553	3.844134	0.8657911
43212	-182.323	-245.5309	63.2079	3.851757	0.8657911
43218	-181.1362	-243.1476	62.01132	4.517023	1.355644
43224	-184.6888	-248.9464	64.25764	2.784286	0.8864478
43230	-193.5815	-257.1518	63.57029	3.330704	1.0338
43236	-197.9754	-260.2901	62.31477	4.552113	0.1817926
43242	-189.4879	-253.1848	63.69681	2.442142	1.647976
43248	-189.8365	-254.1524	64.3159	2.106676	1.438023
43254	-190.9949	-254.9397	63.94477	3.192107	0.765861
43260	-185.3499	-249.3843	64.03434	3.141541	0.7048535
43266	-183.148	-247.3888	64.24076	2.870465	0.8013116
43272	-179.1533	-243.2308	64.07754	3.143468	0.4039801
43278	-180.0335	-243.1649	63.13148	2.877566	1.740137
43284	-179.5078	-241.7523	62.2445	1.526461	3.157007
43290	-177.3755	-241.5039	64.12837	1.961801	1.682832
43296	-178.2921	-242.4337	64.14164	2.282085	1.437144
43302	-183.7583	-242.7005	58.94218	1.561964	5.022575
43308	-178.2332	-241.2945	63.06132	2.837984	1.816471
43314	-173.4579	-236.717	63.25904	3.969103	0.588615
43320	-178.5962	-241.4116	62.8154	4.412744	0.588615
43326	-182.4452	-245.0761	62.63089	4.230213	1.071796
43332	-175.5938	-239.449	63.8553	3.206899	0.8627849
43338	-180.1766	-242.5031	62.32657	4.584403	0.195118
43344	-179.1143	-242.7125	63.5982	3.590566	0.6817367
43350	-178.5624	-242.4933	63.93097	3.074395	0.9272094
43356	-171.8478	-235.4615	63.61374	3.519402	0.7712113
43362	-174.3581	-237.6766	63.31853	3.825504	0.7554265
43368	-181.083	-243.8842	62.80117	4.436994	0.5463165
43374	-181.1861	-243.7512	62.5651	4.615925	0.3448674
43380	-185.481	-248.1852	62.70412	1.460295	2.921523
43386	-183.5948	-246.7268	63.13198	2.70523	1.859126
43392	-183.6711	-247.3576	63.68648	1.914391	2.018391
43398	-183.1575	-245.9387	62.78117	1.601856	2.789007
43404	-178.0346	-241.3109	63.27632	3.965879	0.4974437
43410	-182.118	-246.273	64.15501	2.949921	0.8096102
43416	-189.2168	-251.5183	62.30146	4.877009	0.7003728
43422	-193.6798	-254.7138	61.03397	4.970906	1.743059
43428	-186.3201	-250.2746	63.95458	2.944532	1.035623
43434	-183.6964	-246.1959	62.49945	4.561085	0.8647513
43440	-186.5674	-247.2186	60.65114	5.347076	1.747728
43446	-181.831	-245.238	63.40694	3.746601	0.7410918
43452	-177.6207	-241.3116	63.69093	2.942235	1.270993
43458	-183.3874	-247.052	63.66454	3.105562	1.154433
43464	-180.843	-244.1069	63.26388	2.53975	1.882044
43470	-182.6393	-246.0848	63.44554	3.24299	1.224799
43476	-180.7862	-244.8436	64.05732	3.095809	0.7417288
43482	-182.2522	-243.9934	61.74113	3.169777	2.46289
43488	-187.0874	-247.5701	60.48278	3.342384	3.124776
43494	-181.1042	-244.9467	63.84252	2.281385	1.658761
43500	-186.3613	-248.8714	62.51009	2.76893	2.22893
43506	-179.8749	-244.1109	64.23604	2.648317	1.049797
43512	-179.0085	-241.4163	62.40774	3.407753	1.873956
43518	-175.7817	-239.7129	63.93115	2.052366	1.758009
43524	-171.9885	-235.1046	63.11613	3.413254	1.354823
43530	-175.3004	-239.654	64.35353	2.012565	1.480981
43536	-176.0013	-240.8817	64.88041	2.060651	0.9942785
43542	-176.7864	-241.5731	64.78662	2.111498	1.036585
43548	-169.8971	-234.2784	64.38129	2.51683	1.036585
43554	-169.0794	-233.4861	64.40662	2.51683	1.011833
43560	-187.2571	-248.5151	61.25797	4.102143	2.176473
43566	-186.9993	-250.8081	63.80878	3.323363	0.7726198
43572	-181.2818	-245.4283	64.14649	2.8575	0.9286977
43578	-177.2867	-241.817	64.53022	2.368149	1.036343
43584	-181.8397	-245.167	63.32728	1.727256	2.372349
43590	-188.548	-248.7588	60.21085	4.520591	2.574856
43596	-188.7466	-249.9097	61.16317	4.024277	2.287733
43602	-186.5784	-247.6951	61.11669	4.999698	1.664139
43608	-175.268	-239.3804	64.11243	2.08776	1.60376
43614	-174.1674	-238.4849	64.31753	2.606559	1.011207
43620	-178.0198	-240.0355	62.01579	3.269245	2.225049
43626	-176.3037	-240.7831	64.47941	2.296119	1.149632
43632	-176.8476	-241.0501	64.20256	2.602841	1.122958
43638	-178.0674	-242.6826	64.61521	2.602841	0.6180999
43644	-183.0248	-247.2596	64.23484	1.859033	1.680195
43650	-182.4173	-247.1438	64.7265	2.309055	0.8937162
43656	-181.9073	-246.5778	64.67053	2.146013	1.112884
43662	-189.9557	-253.9534	63.99771	2.046383	1.715477
43668	-189.827	-253.9203	64.09335	2.156523	1.567472
43674	-176.5246	-241.4684	64.9438	1.949977	1.040771
43680	-182.1708	-241.7743	59.60349	1.68384	4.58546
43686	-183.0807	-245.9017	62.82103	1.514138	2.818129
43692	-185.3748	-248.5645	63.18972	2.220101	2.144138
43698	-183.6367	-246.3436	62.70688	2.604233	2.208216
43704	-179.8697	-243.2973	63.42758	2.434182	1.842306
43710	-187.5406	-251.9633	64.42273	1.952898	1.473781
43716	-178.532	-242.5399	64.00788	2.405793	1.444843
43722	-175.891	-240.4111	64.52014	2.272749	1.134192
43728	-168.3435	-232.7321	64.38866	2.742887	0.7734636
43734	-170.0646	-233.8811	63.81655	2.711579	1.355815
43740	-169.5165	-233.5613	64.04476	3.101191	0.7525678
43746	-176.6858	-240.4584	63.77261	2.235757	1.74061
43752	-184.4257	-248.1107	63.68493	2.104357	1.891799
43758	-183.7997	-246.5002	62.70042	1.768003	2.736874
43764	-175.8692	-239.3264	63.45725	2.433946	1.822068
43770	-175.2825	-239.8634	64.58085	1.829428	1.447433
43776	-174.2666	-237.3942	63.12762	2.021366	2.312308
43782	-178.116	-242.3714	64.25543	2.713837	0.9654822
43788	-178.9926	-239.6017	60.60904	2.485725	3.554385
43794	-184.902	-245.8343	60.93231	1.697491	3.823342
43800	-180.5126	-244.9738	64.46114	2.670009	0.7740319
43806	-184.4531	-248.2022	63.7491	3.338643	0.8316145
43812	-182.5951	-244.6991	62.10394	2.555136	2.61966
43818	-179.1586	-243.6302	64.47156	2.700565	0.7112565
43824	-182.1494	-245.9781	63.82865	2.370034	1.604853
43830	-186.8328	-247.789	60.95619	3.326426	2.850034
43836	-187.1122	-247.0882	59.97598	4.437681	2.77033
43842	-184.9433	-249.0557	64.11231	1.890934	1.744204
43848	-185.8759	-250.003	64.12708	2.962086	0.8298173
43854	-182.5585	-245.8736	63.31507	3.725988	0.2460621
43860	-202.97	-264.1352	61.16518	5.293526	1.410183
43866	-192.6637	-253.5041	60.84048	4.542647	2.161523
43872	-188.6029	-250.499	61.89606	4.848671	1.176644
43878	-193.516	-255.1657	61.64968	4.26598	1.805178
43884	-187.442	-251.6183	64.17628	2.687411	1.069366
43890	-191.0936	-255.5129	64.41931	1.652953	1.695549
43896	-186.7306	-250.2803	63.54975	3.407929	0.977417
43902	-195.1853	-257.5791	62.3938	4.764203	0.321865
43908	-195.1541	-256.6455	61.49149	3.095559	2.664085
43914	-197.6556	-259.7985	62.14287	2.642116	2.541577
43920	-197.8694	-259.2914	61.422	4.769555	1.610023
43926	-196.3727	-259.3304	62.95767	2.38039	2.190777
43932	-189.0244	-252.326	63.30154	2.199598	2.084331
43938	-192.7146	-254.9922	62.27752	3.223619	2.084331
43944	-197.3764	-259.0643	61.68791	3.824204	2.077111
43950	-190.9558	-254.8947	63.93887	3.055099	0.9394783
43956	-186.6277	-249.7615	63.13376	2.998469	1.652795
43962	-190.9625	-250.4939	59.53139	4.248079	3.151955
43968	-188.6969	-252.6902	63.99339	3.248672	0.4915917
43974	-192.9746	-256.264	63.28939	2.990338	1.545484
43980	-188.68	-251.8536	63.17353	3.180829	1.489832
43986	-192.9292	-254.442	61.51274	2.922302	2.757281
43992	-191.5037	-254.1755	62.67188	4.084751	1.166269
43998	-188.465	-252.4725	64.00757	2.760893	1.155875
44004	-189.9036	-253.1134	63.20979	3.958091	0.7183051
44010	-190.6743	-253.3175	62.64316	4.039947	1.229379
44016	-182.0816	-245.2827	63.20111	4.039947	0.5243982
44022	-180.5435	-242.5008	61.9573	5.147912	0.281808
44028	-182.7087	-246.4406	63.73188	3.373334	0.281808
44034	-184.5461	-246.6176	62.07152	5.165251	0.55398
44040	-186.5881	-250.6538	64.06563	3.121029	0.3513213
44046	-188.4318	-252.8254	64.39356	2.76961	0.7259694
44052	-182.774	-245.7214	62.94741	4.112191	0.8658654
44058	-184.855	-247.5315	62.67653	4.038687	1.20211
44064	-183.1465	-245.4131	62.26659	3.199946	2.107053
44070	-183.6405	-246.1747	62.53422	4.019376	1.335555
44076	-187.2634	-249.3042	62.04074	2.559299	2.656085
44082	-179.2962	-243.5747	64.27846	2.752667	0.8987235
44088	-178.2284	-241.3906	63.16216	3.309972	1.39976
44094	-174.7983	-239.1682	64.36988	2.762126	0.7728169
44100	-170.3817	-234.4599	64.07823	2.919347	0.9356108
44106	-171.2478	-235.3018	64.05406	2.919347	0.9611709
44112	-171.6669	-236.154	64.48703	2.743483	0.580414
44118	-172.6287	-236.4484	63.81977	3.408026	0.4198494
44124	-173.1529	-234.8296	61.67666	4.374867	1.710226
44130	-165.107	-228.5978	63.49076	1.965302	2.113917
44136	-165.7659	-228.4532	62.6873	2.768768	2.113917
44142	-168.1376	-232.2179	64.08025	3.154706	0.5626556
44148	-170.7005	-234.5085	63.80801	3.331067	0.762685
44154	-170.3975	-234.6821	64.28467	2.555579	1.091184
44160	-169.3812	-233.1533	63.77215	2.406951	1.619045
44166	-170.6317	-234.4202	63.78849	2.406951	1.607206
44172	-168.8285	-232.787	63.95857	2.437695	1.458118
44178	-174.1402	-233.68	59.53979	4.16681	3.195201
44184	-165.5897	-229.0987	63.50902	2.512554	1.731334
44190	-168.0678	-232.0204	63.95259	1.876854	1.864436
44196	-175.3477	-235.6778	60.33012	1.390299	4.341587
44202	-173.6856	-237.783	64.09742	2.099995	1.605776
44208	-182.4726	-246.4593	63.98668	2.210728	1.605776
44214	-177.5622	-240.8849	63.32269	2.603387	1.797969
44220	-172.9886	-235.9439	62.95531	2.311094	2.237052
44226	-175.0449	-238.3083	63.26339	3.746635	0.9221316
44232	-178.2484	-238.6465	60.39816	4.350066	2.564435
44238	-173.003	-237.1743	64.17127	2.755978	1.008071
44244	-167.2228	-230.9613	63.73852	3.500405	0.4605595
44250	-168.0642	-232.0474	63.9832	3.133416	0.7940898
44256	-171.5035	-235.9032	64.39961	2.840717	0.4699783
44262	-164.5689	-228.7558	64.18691	2.840717	0.902653
44268	-165.2695	-229.3088	64.03932	2.997072	0.8927611
44274	-172.6804	-234.4676	61.78716	3.431072	2.268016
44280	-170.5254	-234.3225	63.79718	3.386133	0.6917796
44286	-170.1429	-234.6815	64.53869	2.695965	0.5639811
44292	-172.6447	-237.645	65.00025	2.028107	0.9018433
44298	-174.0949	-238.5521	64.45716	2.028107	1.389522
44304	-180.1649	-244.2179	64.05302	2.028107	1.689259
44310	-180.1433	-244.306	64.16266	3.073752	0.5557834
44316	-185.1469	-246.2246	61.07773	4.129035	2.275363
44322	-185.2083	-248.382	63.17369	4.059856	0.5687153
44328	-180.2903	-243.4485	63.1582	3.384571	1.344183
44334	-172.1294	-236.1925	64.06312	2.33142	1.459427
44340	-168.0061	-232.8034	64.79729	2.233947	0.8986001
44346	-166.842	-231.8044	64.96236	1.947226	1.025449
44352	-171.1016	-234.8101	63.70852	3.502067	0.3845733
44358	-168.813	-232.6313	63.81827	3.392321	0.3845733
44364	-167.834	-232.3214	64.48741	2.753907	0.521347
44370	-167.709	-232.1794	64.47048	2.77157	0.4911914
44376	-173.4134	-237.2859	63.87243	2.89816	1.154004
44382	-175.2704	-239.1952	63.92481	3.129844	0.8716911
44388	-170.7036	-234.6201	63.9164	3.286513	0.653553
44394	-173.9998	-238.2805	64.28077	2.705467	0.9476996
44400	-174.5021	-238.1517	63.64959	3.083521	1.186716
44406	-173.2042	-237.1448	63.94058	3.000179	0.9945836
44412	-173.0187	-236.9593	63.94058	3.000179	0.9945836
44418	-171.7188	-236.2873	64.56846	1.986607	1.334372
44424	-176.9474	-238.2779	61.33058	3.419033	2.563571
44430	-176.6092	-238.8535	62.24438	4.020825	1.5562
44436	-176.8059	-240.6995	63.89363	2.190405	1.687195
44442	-182.1347	-244.866	62.73121	2.439193	2.298631
44448	-185.2963	-246.4059	61.10958	3.120538	2.881832
44454	-179.3868	-240.7049	61.31816	2.124733	3.350839
44460	-182.682	-246.5355	63.85343	3.217897	0.8518288
44466	-181.4217	-244.3988	62.97712	2.382186	2.177
44472	-183.2655	-245.6188	62.35331	3.316239	1.972573
44478	-175.8673	-239.7311	63.86385	2.842636	1.209565
44484	-180.5449	-243.4909	62.94591	1.625131	2.673932
44490	-180.5287	-244.1785	63.64988	3.134821	1.141494
44496	-180.7771	-244.7139	63.93679	2.851308	1.138474
44502	-253.4987	-297.1913	43.69267	22.11927	1.876379
44508	-300.1471	-297.3871	-2.759946	59.4989	7.076597
44604	-1.018889e+35	-297.3871	-1.018889e+35	1.018881e+35	3.905647e+29
44706	-5.781607e+70	-297.3871	-5.781607e+70	5.781607e+70	1.580902e+51
44802	-5.149735e+107	-297.3871	-5.149735e+107	5.149735e+107	8.108876e+73
44808	-1.47556e+108	-297.3871	-1.47556e+108	1.47556e+108	9.011204e+74
44904	-1.748573e+141	-297.3871	-1.748573e+141	1.748573e+141	3.730186e+90
45006	-3.123024e+167	-297.3871	-3.123024e+167	3.123024e+167	3.13114e+105
45102	-8.665299e+187	-297.3871	-8.665299e+187	8.665299e+187	1.053531e+122
45108	-4.663793e+188	-297.3871	-4.663793e+188	4.663793e+188	2.370059e+122
