Iteration	Posterior	Likelihood	Prior	rate_log_sd	tree_length
0	-174.4741	-238.7367	64.26264	2.818584	0.8397245
6	-174.217	-238.4681	64.25115	2.818584	0.853757
12	-172.4023	-236.7072	64.30493	2.936324	0.5221126
18	-171.9225	-236.1502	64.2277	2.909671	0.7651499
24	-184.4618	-244.7874	60.3256	4.724149	2.375385
30	-180.5872	-245.2047	64.6175	2.391349	0.9234138
36	-173.8955	-238.3848	64.48932	2.569545	0.8667318
42	-174.5804	-239.0083	64.42797	2.569545	0.9356833
48	-175.3746	-240.2007	64.82615	2.408037	0.5660475
54	-181.1618	-244.8893	63.72752	3.491034	0.6167765
60	-178.7951	-241.6931	62.89802	4.040955	0.9963762
66	-176.8954	-239.8801	62.98473	2.617832	2.017272
72	-172.5809	-236.0296	63.4487	2.153854	2.017272
78	-171.0676	-232.5389	61.47124	2.875284	2.811224
84	-178.1004	-241.584	63.48356	3.211477	1.219296
90	-181.7938	-245.4378	63.64402	3.503143	0.7507593
96	-179.5829	-243.8042	64.22136	2.925806	0.7507593
102	-175.7529	-238.4445	62.69159	3.686743	1.47173
108	-179.8444	-240.5798	60.73541	4.726517	2.110077
114	-169.5853	-234.0192	64.43388	2.578013	0.9200877
120	-169.0159	-233.6338	64.61797	2.588301	0.3776554
126	-166.8282	-231.3956	64.56742	2.672828	0.5319528
132	-174.4692	-239.1633	64.69415	2.541372	0.5600583
138	-172.8611	-237.6716	64.81053	2.378688	0.6808921
144	-175.5885	-240.4641	64.87559	2.047524	1.012163
150	-181.9305	-246.8738	64.94333	1.998101	0.9939094
156	-178.8959	-242.2341	63.33825	3.603178	0.9939094
162	-178.6886	-243.0637	64.37509	2.814243	0.3545295
168	-177.9884	-242.5743	64.5859	2.655982	0.4873491
174	-177.0725	-239.835	62.76248	3.514309	1.547654
180	-173.2711	-237.8941	64.62305	2.048081	1.239445
186	-173.6748	-238.2847	64.60992	2.415485	0.9051417
192	-174.8662	-236.8111	61.94492	1.961392	3.076404
198	-177.7871	-242.1553	64.36819	2.496816	1.06813
204	-176.0946	-240.1047	64.01006	2.899715	1.025265
210	-175.8199	-240.1138	64.29385	2.802266	0.8210101
216	-177.9642	-241.304	63.33987	2.927472	1.554626
222	-172.4854	-236.7246	64.2392	2.924108	0.7257439
228	-173.1773	-236.9336	63.75633	3.406981	0.7257439
234	-174.261	-237.8004	63.53937	3.61044	0.3146898
240	-180.6514	-244.0954	63.44398	3.758466	0.371932
246	-180.7812	-244.0776	63.29647	3.905973	0.371932
252	-184.5078	-249	64.49221	2.709554	0.6559977
258	-178.7914	-243.6035	64.81213	2.365513	0.7018117
264	-178.9361	-242.3698	63.43377	2.747443	1.617519
270	-180.9093	-245.9757	65.06638	2.034059	0.8154461
276	-182.1005	-246.5175	64.41693	2.821462	0.5449434
282	-184.9464	-247.6634	62.71704	3.16516	1.828258
288	-175.0547	-237.4533	62.39867	1.883804	2.850119
294	-178.6607	-243.4871	64.82641	2.354247	0.6965134
300	-178.0913	-241.0858	62.99452	4.007964	0.9303211
306	-177.6866	-238.6503	60.96368	2.673967	3.236028
312	-181.2748	-243.6126	62.33778	1.299866	3.236028
318	-180.327	-243.7628	63.4358	3.600781	0.8925492
324	-182.3595	-245.4324	63.07286	2.773114	1.853127
330	-184.0693	-248.5353	64.46597	2.773114	0.540588
336	-182.592	-244.6384	62.0464	2.301679	2.810282
342	-178.8975	-242.3096	63.41208	2.13371	2.054894
348	-172.8874	-236.4079	63.52049	3.403685	1.011119
354	-176.7812	-241.5236	64.74245	1.825336	1.324179
360	-178.9412	-241.642	62.70076	2.270004	2.425268
366	-169.7386	-234.4763	64.73777	2.504379	0.5052831
372	-166.716	-229.9378	63.22187	3.788655	0.9215835
378	-163.1039	-227.5066	64.40277	2.536892	0.9956793
384	-166.4393	-228.8629	62.42364	1.915013	2.816011
390	-181.272	-245.3147	64.04273	3.192654	0.5606963
396	-182.3194	-246.2303	63.91089	3.254405	0.7225384
402	-177.0629	-240.3116	63.24873	3.955196	0.6513913
408	-181.5986	-245.1022	63.50362	3.368889	0.1834106
414	-186.8641	-249.5003	62.63615	4.155112	1.135645
420	-188.3086	-249.2192	60.9106	3.383448	2.843099
426	-182.7601	-244.1602	61.40005	1.7228	3.538037
432	-177.1608	-240.5579	63.39712	2.977093	1.474846
438	-177.4216	-240.9851	63.56348	3.649604	0.6305605
444	-174.5058	-237.9353	63.42958	3.397993	1.102829
450	-173.1626	-237.1342	63.9716	2.891786	1.069651
456	-173.0621	-236.9043	63.84227	2.899683	1.179059
462	-170.7235	-234.0792	63.35566	3.861814	0.3968779
468	-167.0746	-230.4181	63.34354	3.861814	0.3762529
474	-167.7274	-230.821	63.09358	4.019624	0.2870788
480	-167.9867	-230.2201	62.23339	4.687127	0.1982136
486	-170.6304	-233.7565	63.12609	3.367976	1.38264
492	-165.9576	-229.9732	64.01555	2.488297	1.37497
498	-169.7345	-233.1956	63.46116	3.276713	1.182594
504	-168.9365	-232.7266	63.79013	2.947748	1.182594
510	-172.4272	-235.0816	62.65436	4.321883	0.9582093
516	-176.0516	-239.3643	63.31265	3.501732	1.114845
522	-179.0493	-239.8436	60.79427	1.327064	4.114235
528	-172.8527	-236.7954	63.9427	2.33195	1.54923
534	-174.3175	-238.2603	63.9427	2.33195	1.54923
540	-174.0788	-237.7488	63.66993	2.926127	1.301354
546	-179.6291	-243.6836	64.05446	2.250654	1.526661
552	-177.7176	-242.1706	64.45294	2.217541	1.239985
558	-178.9955	-240.7537	61.7582	4.027515	1.894227
564	-174.622	-238.5177	63.89574	3.037135	1.002474
570	-173.7549	-237.3924	63.63749	3.295386	1.002474
576	-170.4008	-235.0432	64.64239	2.404356	0.8808988
582	-166.5601	-230.5426	63.98258	3.253797	0.4479526
588	-172.1517	-236.6756	64.52397	1.865637	1.46318
594	-176.1733	-239.9412	63.76782	2.929115	1.217689
600	-173.1427	-236.8433	63.70065	2.834883	1.349939
606	-178.3299	-240.782	62.45207	3.72989	1.61698
612	-173.3546	-237.0506	63.69604	3.326367	0.908487
618	-176.9793	-240.5713	63.59203	2.875942	1.402993
624	-175.0989	-237.7582	62.65929	1.82187	2.729079
630	-179.8196	-240.7444	60.92487	2.528551	3.344648
636	-180.4971	-241.1393	60.64217	2.811248	3.344648
642	-181.2883	-245.342	64.05372	2.7037	1.165571
648	-182.6455	-245.9116	63.26605	3.876264	0.7579594
654	-182.9974	-246.2968	63.2994	3.914184	0.6293485
660	-178.0129	-241.6722	63.65932	3.033176	1.221452
666	-181.2067	-242.8487	61.64198	4.586865	1.582875
672	-183.8999	-246.5134	62.61359	3.490678	1.672792
678	-183.6772	-245.7334	62.05623	3.434788	2.090984
684	-179.9112	-243.0727	63.16143	2.217665	2.164141
690	-179.7893	-244.0047	64.2154	2.82919	0.8833814
696	-177.3672	-238.9708	61.60363	2.369173	3.036652
702	-177.3852	-241.7729	64.38764	2.1396	1.356521
708	-178.0558	-241.4106	63.35486	3.869533	0.4114658
714	-182.3706	-246.3338	63.96315	2.945723	1.026148
720	-177.4351	-240.8488	63.4137	1.705955	2.330999
726	-179.3291	-242.4815	63.15239	2.750273	1.814158
732	-180.8517	-244.93	64.07832	3.075825	0.7401554
738	-178.0508	-241.7505	63.69968	3.310305	0.9221765
744	-171.5176	-235.3428	63.82517	2.927774	1.169485
750	-181.28	-244.4561	63.17608	2.421692	2.020455
756	-184.4488	-248.6058	64.15701	2.601591	1.164542
762	-181.9569	-245.6609	63.70405	3.401413	0.8089134
768	-177.2311	-240.9251	63.69398	3.361381	0.8708541
774	-176.2485	-239.7049	63.45639	3.746344	0.6539331
780	-173.6963	-237.2481	63.55173	2.781255	1.505869
786	-173.7508	-237.4766	63.72577	2.974067	1.215224
792	-179.0071	-242.6596	63.65245	3.047381	1.215224
798	-182.7516	-246.1018	63.35013	3.047381	1.457167
804	-177.1138	-240.8505	63.73676	3.472287	0.6400407
810	-175.7013	-239.0782	63.3769	3.861609	0.458227
816	-175.2508	-238.7591	63.50826	3.087922	1.301251
822	-174.0339	-233.9581	59.92422	2.270839	4.072244
828	-174.6113	-235.373	60.76172	2.493354	3.460905
834	-170.1548	-234.1241	63.96926	3.042378	0.920362
840	-171.9719	-235.5125	63.54061	2.716152	1.562413
846	-174.155	-237.7386	63.58364	3.655668	0.5390221
852	-167.584	-231.563	63.97903	2.545418	1.358731
858	-171.9722	-235.2043	63.23215	3.454681	1.226237
864	-170.8412	-234.3177	63.47648	3.440637	1.01808
870	-176.0853	-239.803	63.71766	3.440637	0.7337021
876	-180.4692	-243.3299	62.8607	2.470901	2.194961
882	-177.9599	-237.7789	59.81904	1.620122	4.500154
888	-179.7576	-239.9391	60.18159	1.167602	4.550727
894	-178.4962	-240.9818	62.48558	1.210413	3.201487
900	-176.5889	-237.6339	61.04501	2.650986	3.201487
906	-176.9639	-240.2428	63.27886	2.642998	1.800887
912	-172.4704	-236.4354	63.96496	3.277165	0.4935815
918	-174.6171	-238.5815	63.96444	3.277165	0.5176229
924	-177.255	-239.7892	62.53424	3.562573	1.678104
930	-171.0523	-234.9269	63.87463	3.002356	1.05681
936	-164.8816	-229.0299	64.14828	2.22865	1.472791
942	-173.0177	-235.6913	62.67361	2.216969	2.47564
948	-166.5165	-230.7447	64.22826	3.003977	0.5739561
954	-175.6966	-238.1536	62.45704	3.651867	1.66948
960	-167.1073	-231.1602	64.05289	2.818436	1.062175
966	-171.5891	-234.2895	62.70044	1.480302	2.911672
972	-166.4862	-230.9667	64.48048	2.503382	0.950216
978	-173.9409	-236.3948	62.45397	1.741825	2.902582
984	-180.4908	-242.0166	61.52583	1.9127	3.353402
990	-181.3751	-238.0256	56.65045	1.253528	6.44754
996	-182.8859	-240.9051	58.0192	2.04112	5.268378
1002	-173.2545	-236.6008	63.34632	2.015095	2.17563
1008	-174.1818	-237.6647	63.48291	2.131033	2.009696
1014	-175.8489	-239.3523	63.50335	2.1106	2.009696
1020	-172.9782	-236.3302	63.35202	2.908549	1.55961
1026	-174.9355	-239.3377	64.40218	2.721377	0.7846263
1032	-177.9673	-241.7193	63.75203	2.19318	1.784698
1038	-181.3804	-242.1867	60.80627	4.752802	2.046115
1044	-181.7302	-245.5753	63.84508	3.314679	0.7314054
1050	-176.6928	-240.7927	64.0999	2.952639	0.8741609
1056	-172.5306	-235.6668	63.13622	3.825645	0.9731266
1062	-174.1859	-238.0915	63.90559	2.905108	1.118177
1068	-179.6114	-242.8685	63.25713	3.931256	0.6824528
1074	-177.3857	-241.2037	63.81799	3.420256	0.5458073
1080	-176.868	-240.4578	63.58985	3.076538	1.243418
1086	-177.0165	-240.6064	63.58985	3.076538	1.243418
1092	-170.8575	-234.6837	63.8262	2.90716	1.186505
1098	-174.3706	-237.6281	63.25754	3.579459	1.094186
1104	-169.2478	-232.8833	63.63549	3.189243	1.105423
1110	-173.724	-236.61	62.88595	1.680692	2.676637
1116	-185.2495	-250.0199	64.77038	2.061264	1.099103
1122	-177.445	-240.9964	63.5514	3.441067	0.9410793
1128	-179.0446	-242.3291	63.28448	2.994092	1.546333
1134	-183.2907	-243.6728	60.3821	2.95735	3.411531
1140	-177.432	-239.4555	62.02347	2.811869	2.510185
1146	-172.375	-235.7747	63.39974	3.671724	0.8516647
1152	-181.0155	-243.6823	62.66674	3.525657	1.609414
1158	-175.0525	-239.1082	64.05569	2.79677	1.079868
1164	-172.1247	-236.2486	64.1239	3.021904	0.7527992
1170	-169.8082	-234.4428	64.63457	2.473506	0.8054845
1176	-174.4589	-238.2083	63.74934	1.837953	2.027409
1182	-183.4301	-246.0021	62.57199	1.937255	2.711873
1188	-178.722	-242.6029	63.8809	1.763863	1.989147
1194	-178.6496	-243.6798	65.03021	2.141416	0.7120936
1200	-178.539	-243.3698	64.83081	2.18644	0.9141977
1206	-174.7784	-239.9151	65.13669	1.880564	0.9141977
1212	-173.7511	-237.5415	63.79036	2.777322	1.324263
1218	-176.8036	-239.0884	62.28487	1.417852	3.197499
1224	-177.3838	-241.2454	63.86161	1.474498	2.192038
1230	-178.9612	-243.3614	64.40027	1.877889	1.54664
1236	-180.7731	-245.1096	64.33643	1.847032	1.615886
1242	-179.4998	-243.3495	63.84969	1.681775	2.064351
1248	-183.0507	-245.8216	62.77095	2.760522	2.064351
1254	-180.4268	-243.3668	62.93998	2.675142	2.008914
1260	-181.1573	-243.6374	62.48009	4.262807	1.178237
1266	-176.4069	-240.1327	63.7258	3.033704	1.163748
1272	-175.9488	-239.8568	63.90798	2.340371	1.568593
1278	-181.4041	-245.6101	64.20605	2.617371	1.106622
1284	-180.7776	-244.8371	64.05953	2.497053	1.333164
1290	-175.7291	-239.346	63.61695	1.818123	2.127648
1296	-173.3918	-236.5639	63.1721	3.293638	1.404733
1302	-175.5429	-240.1711	64.62816	2.606891	0.5622126
1308	-176.944	-240.9607	64.01664	2.797699	1.114878
1314	-177.3953	-241.7006	64.30528	2.646648	0.9832834
1320	-185.2298	-248.8673	63.63742	3.402715	0.8884975
1326	-179.2844	-242.2688	62.98442	3.214179	1.60491
1332	-178.9296	-242.7328	63.8032	3.131307	1.00085
1338	-180.2614	-243.0957	62.8343	3.207239	1.717275
1344	-180.904	-244.4211	63.51713	2.422341	1.788682
1350	-180.4102	-244.2148	63.80456	2.576186	1.469899
1356	-183.8969	-246.7171	62.82025	3.17489	1.749881
1362	-185.699	-248.075	62.37594	2.952896	2.196746
1368	-180.1485	-243.5252	63.37667	1.80034	2.294411
1374	-185.0615	-248.5823	63.52081	3.713293	0.4390293
1380	-175.735	-240.3797	64.64463	2.587551	0.5741729
1386	-171.9577	-235.6144	63.6567	3.089486	1.17538
1392	-176.0673	-239.5107	63.44343	3.475259	1.016534
1398	-175.3905	-238.2992	62.90867	4.332283	0.4753925
1404	-167.9254	-231.8131	63.88771	3.164044	0.875077
1410	-171.5286	-235.0824	63.55381	1.789492	2.18738
1416	-179.9402	-241.0652	61.12497	1.653752	3.737529
1422	-178.7707	-236.8457	58.07499	1.382927	5.600112
1428	-181.5258	-239.8363	58.31043	1.147491	5.600112
1434	-178.5498	-239.6161	61.06634	1.622286	3.789481
1440	-178.3181	-240.0591	61.74107	1.440054	3.504081
1446	-184.105	-244.4433	60.33837	2.463393	3.724224
1452	-183.0676	-245.9484	62.88082	2.40986	2.221409
1458	-175.1008	-238.7144	63.61359	2.011225	2.002458
1464	-175.5595	-239.1928	63.63326	2.239627	1.834665
1470	-175.3979	-239.4394	64.04146	2.800977	1.089168
1476	-186.3118	-246.5714	60.25959	6.582844	1.089168
1482	-177.5395	-241.6384	64.09893	3.10688	0.6472938
1488	-177.1232	-241.4647	64.34158	2.864229	0.6472938
1494	-172.3917	-236.1338	63.74204	3.043412	1.140825
1500	-179.0388	-241.483	62.44425	3.77751	1.588053
1506	-185.6605	-247.0125	61.35198	1.424087	3.739062
1512	-183.5537	-247.0721	63.51838	3.677138	0.6687408
1518	-187.3323	-250.8236	63.49122	3.693868	0.6885504
1524	-180.0054	-243.9369	63.93149	3.235228	0.7202222
1530	-182.9469	-247.2318	64.28497	2.658018	0.9923325
1536	-177.7153	-241.3657	63.6504	3.540674	0.6773694
1542	-177.3295	-240.7226	63.39309	3.830265	0.4090806
1548	-179.1113	-241.1745	62.06322	4.909264	0.2166139
1554	-181.6251	-243.9455	62.32039	4.806081	0.2963697
1560	-182.7297	-243.916	61.18634	5.6328	0.1689075
1566	-188.9981	-250.6094	61.61125	5.110551	0.1465366
1572	-185.616	-247.7245	62.10845	4.864097	0.2166353
1578	-190.7476	-254.1014	63.35375	3.537471	0.1889627
1584	-192.3847	-255.5661	63.18132	3.20775	1.463588
1590	-198.5065	-262.4441	63.93762	2.828472	1.157962
1596	-192.4017	-255.8062	63.40453	2.828472	1.579836
1602	-185.722	-249.0774	63.35534	3.44891	1.123996
1608	-181.9976	-243.1083	61.1107	5.449845	1.329991
1614	-181.9743	-243.4959	61.52157	3.461887	2.41727
1620	-184.1537	-248.3464	64.19275	3.004765	0.6647328
1626	-175.2139	-239.1966	63.98271	3.039399	0.9088163
1632	-173.5847	-237.0137	63.42899	3.302104	1.188457
1638	-174.2172	-238.6726	64.45536	2.781997	0.4523521
1644	-171.5743	-235.1358	63.56144	2.781997	1.498038
1650	-168.3358	-232.3706	64.03473	2.72164	1.166497
1656	-172.2972	-236.5799	64.28269	2.868009	0.7454411
1662	-178.8288	-242.2441	63.41522	2.542437	1.776041
1668	-174.4498	-236.9679	62.51806	3.706576	1.585951
1674	-176.8644	-241.049	64.18456	2.559598	1.177147
1680	-181.0006	-244.1634	63.16284	2.157586	2.202191
1686	-176.8041	-238.6184	61.8143	4.04427	1.844496
1692	-170.3398	-234.8438	64.50393	2.725562	0.584038
1698	-170.5146	-234.3948	63.88018	2.433498	1.52029
1704	-171.7785	-233.8938	62.11528	3.095494	2.272799
1710	-172.6915	-236.2662	63.57468	2.903307	1.395208
1716	-178.5907	-240.9338	62.34319	4.429708	1.151965
1722	-178.0568	-242.298	64.24117	2.637501	1.055212
1728	-176.412	-240.1279	63.71595	3.444372	0.3239794
1734	-177.9406	-241.7379	63.79738	3.444372	0.5152579
1740	-180.4957	-244.4941	63.99841	3.235675	0.4389532
1746	-184.6255	-245.5273	60.90175	1.872586	3.740061
1752	-182.3979	-245.7854	63.38747	2.855436	1.572586
1758	-188.0061	-252.0167	64.01065	3.020319	0.8989019
1764	-183.8554	-247.6573	63.80197	3.416725	0.3992594
1770	-174.6549	-238.4793	63.8244	3.416725	0.5236784
1776	-175.9119	-240.3164	64.40454	2.394645	1.12855
1782	-178.3705	-241.2612	62.8907	4.259977	0.3154343
1788	-170.3846	-233.687	63.30241	3.762754	0.2583208
1794	-177.2772	-240.4893	63.21211	3.799749	0.9201225
1800	-179.6934	-243.23	63.53654	3.475325	0.9201225
1806	-175.7209	-237.5181	61.79718	5.214679	0.9201225
1812	-181.7283	-243.6694	61.94102	3.577486	2.0729
1818	-171.6257	-236.0048	64.37908	2.068371	1.418892
1824	-176.0096	-239.5819	63.57224	2.423771	1.749271
1830	-180.1273	-243.634	63.50663	3.73556	0.4971505
1836	-186.5872	-247.5453	60.9581	3.898099	2.497156
1842	-192.9547	-255.1837	62.229	4.272722	1.376637
1848	-189.7442	-253.6459	63.90175	2.858705	1.162916
1854	-190.7921	-254.4358	63.64372	3.598017	0.4847994
1860	-195.8172	-258.5488	62.73163	4.08584	1.112041
1866	-205.4141	-264.9468	59.53268	7.676725	0.6392235
1872	-191.6307	-252.1974	60.56663	4.732022	2.216262
1878	-196.761	-259.4195	62.65848	3.252548	1.808378
1884	-198.1911	-260.7447	62.55367	4.065851	1.282211
1890	-191.108	-254.8035	63.69553	2.867507	1.327997
1896	-186.4779	-249.5966	63.11862	3.444412	1.327997
1902	-180.652	-245.5801	64.92812	2.254054	0.693819
1908	-181.4295	-246.1539	64.72442	1.819304	1.343426
1914	-184.0752	-248.2436	64.16842	2.21562	1.467405
1920	-184.4	-246.5156	62.11562	2.264129	2.791004
1926	-181.0962	-244.5537	63.45746	2.880406	1.502214
1932	-175.4669	-238.899	63.43206	2.905809	1.502214
1938	-178.1195	-241.5134	63.39394	2.846402	1.574467
1944	-182.822	-244.977	62.15497	2.782916	2.445952
1950	-184.5235	-246.0483	61.52474	3.413149	2.445952
1956	-183.5621	-247.7776	64.21549	2.401102	1.284606
1962	-182.2098	-245.0376	62.82784	1.553609	2.789968
1968	-179.1439	-240.0278	60.88397	4.282897	2.300892
1974	-178.8442	-242.7577	63.9135	2.603779	1.364394
1980	-178.0664	-239.8997	61.83326	3.594557	2.13239
1986	-174.112	-238.3718	64.25974	2.738932	0.9344361
1992	-169.4936	-233.608	64.11441	2.696758	1.117751
1998	-180.2363	-243.2216	62.9854	3.830679	1.113309
2004	-182.5763	-246.5841	64.00776	3.148693	0.3204702
2010	-180.1832	-244.0908	63.90758	3.313677	0.4045141
2016	-186.5396	-250.4812	63.94164	2.776995	1.199182
2022	-187.3716	-250.309	62.93741	2.172993	2.336885
2028	-180.1218	-244.8006	64.6788	2.316111	0.9384666
2034	-177.6632	-242.1905	64.52729	2.527825	0.8711539
2040	-174.863	-238.8787	64.01571	3.098722	0.79703
2046	-181.7516	-244.3	62.54834	4.358307	0.1937424
2052	-182.4702	-245.9355	63.46537	3.772985	0.5451995
2058	-180.4901	-243.125	62.63489	3.143131	1.899451
2064	-182.3634	-246.7572	64.39375	2.806157	0.6598534
2070	-180.4705	-244.9865	64.51593	2.713425	0.5845077
2076	-180.7261	-244.8567	64.13062	2.07315	1.601158
2082	-182.3025	-246.1961	63.89364	1.864958	1.912617
2088	-178.528	-243.4595	64.93151	2.287629	0.6152344
2094	-180.0524	-244.9839	64.93151	2.287629	0.6152344
2100	-177.4991	-242.5375	65.03847	2.19452	0.570978
2106	-174.2268	-239.2653	65.03847	2.19452	0.570978
2112	-179.6632	-244.7	65.0368	2.133794	0.7138203
2118	-176.1361	-241.2209	65.08483	2.097377	0.6937559
2124	-175.0073	-238.937	63.92967	2.783817	1.203587
2130	-180.3315	-241.8403	61.50881	2.16292	3.215861
2136	-179.4961	-243.4629	63.96674	2.923765	1.043909
2142	-175.2866	-236.8514	61.56475	2.797865	2.801435
2148	-170.9464	-234.7975	63.85112	3.225337	0.8455925
2154	-178.5998	-243.1936	64.59388	2.615775	0.6386564
2160	-177.1138	-239.6198	62.506	2.698474	2.276834
2166	-178.0508	-242.2851	64.23435	2.07839	1.520988
2172	-174.5551	-238.4131	63.85799	3.236981	0.8224666
2178	-180.8513	-244.5521	63.70087	3.169042	1.063508
2184	-183.9635	-246.9845	63.02105	4.158125	0.342833
2190	-183.0012	-247.0101	64.00896	2.926493	0.9999013
2196	-200.4102	-258.3857	57.97553	4.932554	3.662739
2202	-194.453	-257.575	63.12203	3.638858	1.162538
2208	-200.9605	-264.1683	63.20778	3.564998	1.152066
2214	-191.9718	-255.0455	63.07373	4.001327	0.8472955
2220	-189.4954	-252.5041	63.00872	3.988161	0.9363587
2226	-193.7219	-256.5602	62.83827	4.21281	0.8758666
2232	-190.6564	-253.0288	62.37247	2.885852	2.242261
2238	-197.7281	-260.0569	62.32882	4.270433	1.298756
2244	-194.5988	-254.6434	60.04459	5.442437	2.093609
2250	-191.9624	-252.1111	60.14869	4.838485	2.414925
2256	-181.8461	-245.1574	63.3113	2.851867	1.630558
2262	-181.2565	-245.8226	64.56614	2.507033	0.849594
2268	-179.1816	-243.6357	64.45409	2.323896	1.147456
2274	-187.7531	-252.3923	64.63928	2.596031	0.5610236
2280	-186.7355	-250.62	63.88444	2.596031	1.393268
2286	-186.434	-250.2009	63.76698	3.157475	1.010844
2292	-170.0307	-232.6898	62.65917	1.874949	2.696618
2298	-166.6265	-230.8254	64.19894	1.558275	1.913548
2304	-170.5563	-235.1506	64.59423	2.182506	1.148566
2310	-171.651	-235.5315	63.88041	2.970003	1.08177
2316	-172.891	-237.2962	64.40514	2.837011	0.4946933
2322	-175.7027	-238.5292	62.82647	4.347429	0.708243
2328	-173.0241	-236.2212	63.19713	2.423222	2.005432
2334	-173.1061	-236.5654	63.45936	2.160996	2.005432
2340	-175.1424	-238.2996	63.15724	4.078303	0.5599683
2346	-175.9638	-239.5286	63.56488	3.578934	0.7557422
2352	-165.5167	-229.3935	63.87682	2.068541	1.784593
2358	-169.2409	-233.3997	64.15884	1.855652	1.736317
2364	-165.0016	-228.9538	63.95225	1.934386	1.825207
2370	-163.6231	-227.7529	64.12985	2.896815	0.9037392
2376	-168.6949	-232.7484	64.05352	2.385979	1.425022
2382	-170.8978	-234.903	64.00528	2.79533	1.127275
2388	-168.892	-233.4658	64.57374	2.226871	1.127275
2394	-169.4733	-233.8104	64.33714	2.46347	1.127275
2400	-170.4633	-234.4685	64.00514	2.86372	1.064499
2406	-172.5854	-236.0544	63.46901	3.559908	0.9012144
2412	-170.6097	-235.2373	64.62759	2.11895	1.175069
2418	-174.5613	-238.4891	63.92784	2.449509	1.472475
2424	-170.9366	-235.396	64.4594	2.697135	0.7364571
2430	-171.8214	-234.8929	63.07144	4.087179	0.3224219
2436	-179.3205	-241.7755	62.45494	2.351271	2.528354
2442	-180.2718	-242.9801	62.70829	1.907158	2.646588
2448	-179.1872	-240.5946	61.40739	1.873659	3.445719
2454	-174.3552	-236.5386	62.18344	2.368442	2.685711
2460	-173.351	-237.6839	64.33285	2.873795	0.6454641
2466	-175.9995	-240.7076	64.7081	2.478523	0.6857324
2472	-180.1112	-244.1108	63.99963	2.754379	1.168558
2478	-175.4401	-239.5724	64.13229	1.615645	1.91983
2484	-180.5265	-242.2892	61.76266	2.041554	3.137244
2490	-186.1517	-246.1822	60.0305	2.384785	3.946443
2496	-183.7262	-246.9304	63.20421	1.6793	2.480065
2502	-176.2054	-240.9604	64.75496	2.138429	1.041145
2508	-176.6645	-240.7755	64.11102	1.454148	2.042075
2514	-180.3043	-243.9288	63.62455	1.487363	2.335928
2520	-178.8097	-242.2406	63.43089	1.94389	2.166946
2526	-177.0487	-240.5334	63.48465	1.890136	2.166946
2532	-183.6983	-246.2477	62.54941	2.825369	2.166946
2538	-183.3392	-246.3409	63.00168	2.198813	2.279387
2544	-180.4274	-242.5394	62.11203	2.913412	2.390763
2550	-185.6216	-248.2344	62.61278	2.292396	2.466489
2556	-178.6507	-242.7917	64.14096	1.905863	1.713549
2562	-179.8468	-242.2196	62.37284	1.33554	3.194146
2568	-181.4094	-244.1927	62.78329	1.43469	2.889172
2574	-184.1492	-248.8312	64.682	2.494014	0.7046249
2580	-184.2663	-248.8647	64.59835	2.494014	0.82578
2586	-180.2701	-243.0003	62.73021	2.78728	2.073568
2592	-185.7359	-248.5893	62.85345	2.664043	2.073568
2598	-180.9505	-244.5534	63.60282	2.119121	1.937372
2604	-175.1022	-239.2087	64.10651	1.886801	1.751158
2610	-169.9357	-234.1035	64.16777	2.521667	1.224038
2616	-173.7069	-238.1981	64.49118	2.750656	0.4865484
2622	-173.1167	-237.524	64.40725	2.464445	1.06182
2628	-172.3667	-236.4107	64.044	3.020486	0.860053
2634	-172.7662	-236.9917	64.22555	3.015803	0.4795796
2640	-169.6995	-233.2533	63.55379	3.40427	0.9770247
2646	-172.7669	-236.8284	64.06145	3.143152	0.649936
2652	-176.5398	-240.0667	63.52682	3.143152	1.240413
2658	-174.926	-239.0834	64.15743	2.317667	1.397459
2664	-182.1632	-245.0047	62.84151	2.559751	2.149715
2670	-174.5087	-238.0767	63.56805	2.503289	1.696206
2676	-167.5341	-231.542	64.00786	3.207955	0.6238303
2682	-163.8282	-227.749	63.92075	3.295063	0.6238303
2688	-171.2351	-235.1706	63.9355	2.277825	1.594199
2694	-174.8882	-239.3281	64.43988	2.11934	1.331052
2700	-175.1232	-238.0581	62.93493	1.418807	2.806838
2706	-173.5758	-235.6416	62.06584	1.821076	3.087981
2712	-174.831	-237.1806	62.34961	2.475973	2.516278
2718	-188.0375	-249.7371	61.69953	3.324198	2.391844
2724	-182.1135	-245.9248	63.8113	2.054882	1.839268
2730	-181.6693	-245.3374	63.66814	2.504403	1.623788
2736	-181.7109	-243.0053	61.29442	1.966604	3.457426
2742	-185.4287	-248.4407	63.01205	2.88125	1.820614
2748	-179.1228	-242.9521	63.82937	2.397774	1.584118
2754	-183.0427	-246.6214	63.57865	3.65498	0.5683953
2760	-181.9085	-245.4588	63.55039	3.519592	0.8534591
2766	-181.4209	-244.2687	62.84785	4.36688	0.6265556
2772	-179.5234	-243.3495	63.82613	3.126555	0.2092691
2778	-177.7359	-241.5088	63.77289	3.005055	0.1588703
2784	-173.1592	-236.5743	63.41516	3.311555	0.1475608
2790	-175.847	-239.009	63.16199	3.564731	0.1475608
2796	-173.0766	-235.8471	62.7705	3.603364	0.09296199
2802	-173.9356	-237.2846	63.34909	3.390967	0.1503905
2808	-169.0166	-233.8545	64.83794	2.370815	0.3815747
2814	-168.7958	-233.8493	65.05349	2.111859	0.7224524
2820	-178.7736	-244.0983	65.32472	1.911646	0.5560188
2826	-175.9786	-238.9083	62.92971	2.971637	1.815066
2832	-181.933	-244.2829	62.3499	2.733065	2.354324
2838	-176.6483	-239.298	62.64965	4.36169	0.9206921
2844	-172.1799	-235.9211	63.74112	2.273064	1.73653
2850	-187.0954	-247.1676	60.07215	5.988443	1.703818
2856	-185.9478	-248.4839	62.53615	4.497533	0.8958404
2862	-177.3539	-239.9531	62.59918	4.246819	0.175977
2868	-174.3533	-236.9765	62.62316	4.500209	0.2941384
2874	-176.6175	-240.1118	63.49426	3.743184	0.5504057
2880	-176.4277	-240.1266	63.69894	3.493421	0.6749079
2886	-181.7711	-245.873	64.10188	2.894199	0.9372239
2892	-186.0948	-250.0241	63.92927	3.079312	0.9237097
2898	-178.8269	-242.3701	63.54318	3.465395	0.9237097
2904	-186.1518	-250.3422	64.19042	2.66505	1.077056
2910	-175.1206	-238.9436	63.82302	3.069256	1.042212
2916	-171.9475	-235.5653	63.61785	2.882538	1.377684
2922	-174.7245	-238.8275	64.10302	3.138945	0.4890031
2928	-180.6002	-245.1775	64.57722	2.24364	1.108957
2934	-179.1663	-240.3057	61.13941	5.322776	1.407489
2940	-175.8104	-237.4629	61.65257	5.076816	1.189936
2946	-175.388	-238.5265	63.1385	3.418843	1.332552
2952	-176.7786	-240.5106	63.73205	3.346606	0.2657525
2958	-172.152	-236.0326	63.88062	3.298387	0.6994228
2964	-168.9507	-233.3444	64.39368	2.689217	0.8376556
2970	-166.585	-231.3867	64.8017	2.2812	0.8376556
2976	-165.8132	-229.9607	64.14754	3.084168	0.4310122
2982	-166.4175	-230.7427	64.32512	2.91625	0.4798175
2988	-169.3833	-231.5964	62.2131	2.243428	2.744151
2994	-167.9984	-232.0078	64.0094	2.67384	1.229268
3000	-173.5692	-236.5794	63.01011	1.931173	2.443818
3006	-176.8009	-239.4547	62.65379	1.95374	2.651467
3012	-172.5151	-236.0843	63.56921	2.301748	1.835994
3018	-177.5327	-240.7582	63.22556	3.115611	1.499738
3024	-177.5613	-242.1697	64.60841	2.571962	0.6970298
3030	-172.9674	-237.1486	64.18124	2.674755	1.076569
3036	-170.1537	-233.9402	63.78656	2.19036	1.762618
3042	-174.6058	-237.5864	62.98066	3.381148	1.484213
3048	-178.1202	-241.9113	63.79115	2.906255	1.217287
3054	-175.2798	-236.5989	61.31909	4.953365	1.550852
3060	-177.5225	-241.7908	64.26833	2.004121	1.550852
3066	-180.3665	-244.7764	64.40988	1.54118	1.780633
3072	-177.9277	-241.9392	64.0115	3.032911	0.8835895
3078	-185.3727	-244.0002	58.62745	1.740183	5.098315
3084	-181.8624	-244.6427	62.7803	2.275621	2.371475
3090	-188.6967	-250.6378	61.94106	3.114857	2.371475
3096	-181.967	-244.3607	62.39367	3.99183	1.466294
3102	-182.9932	-246.1313	63.13816	3.646919	1.141162
3108	-182.0044	-243.7597	61.75523	4.672713	1.433905
3114	-176.8078	-238.9277	62.11986	4.628258	1.173701
3120	-180.8242	-245.1784	64.35414	2.168855	1.359878
3126	-178.6005	-241.2186	62.61812	3.971141	1.306861
3132	-180.8056	-242.3363	61.53068	4.63412	1.629378
3138	-177.2337	-240.2468	63.01308	3.800438	1.115626
3144	-178.7653	-241.7877	63.02238	3.764454	0.16096
3150	-169.2074	-232.7121	63.50472	3.684379	0.3542415
3156	-168.0453	-231.9599	63.91463	3.282414	0.3643827
3162	-176.5407	-239.3963	62.8556	2.071083	2.452993
3168	-176.1717	-237.4658	61.29415	2.107034	3.375334
3174	-173.1658	-237.4276	64.26185	2.729874	0.9418781
3180	-172.2645	-236.2086	63.94403	2.36123	1.526552
3186	-174.1497	-237.7843	63.63459	2.997988	1.27148
3192	-171.5709	-235.6699	64.09904	2.533534	1.27148
3198	-172.7312	-237.0205	64.28938	2.343198	1.27148
3204	-169.1154	-233.0899	63.97444	2.772838	1.174428
3210	-180.6858	-244.3071	63.62124	3.229948	1.081049
3216	-180.0089	-243.2218	63.21295	3.171593	1.467024
3222	-175.4257	-239.4965	64.07073	3.074266	0.754001
3228	-176.6661	-240.0558	63.38973	3.845112	0.5631742
3234	-174.2914	-238.7145	64.42313	2.623664	0.8808394
3240	-174.0155	-237.3363	63.32082	3.07983	1.454779
3246	-174.6999	-236.4332	61.73322	2.870169	2.654018
3252	-173.9648	-237.493	63.52817	3.173899	1.213325
3258	-172.3703	-236.4409	64.07061	2.366193	1.427099
3264	-182.9163	-241.6497	58.73341	4.741376	3.332083
3270	-179.2865	-241.9619	62.67538	2.905874	2.031419
3276	-173.0723	-234.3832	61.31094	3.37079	2.605658
3282	-173.428	-237.7399	64.31189	2.76645	0.843277
3288	-175.3578	-238.0602	62.70238	4.234489	0.9984892
3294	-175.4515	-238.3491	62.89759	2.314534	2.271929
3300	-175.5569	-240.0294	64.4725	2.769673	0.5044678
3306	-175.2019	-238.691	63.48903	2.837977	1.51034
3312	-184.2816	-245.1768	60.89523	3.665528	2.680253
3318	-181.2072	-243.442	62.23484	3.131917	2.172162
3324	-184.9697	-247.1473	62.17754	4.461153	1.266436
3330	-181.8022	-244.9484	63.1462	3.91864	0.8596295
3336	-182.5088	-243.9643	61.45545	3.175919	2.63677
3342	-182.7951	-244.4946	61.69958	3.553	2.245955
3348	-183.333	-246.0375	62.7045	4.367515	0.8509978
3354	-174.4335	-238.464	64.03053	2.740496	1.153617
3360	-175.3168	-238.8409	63.52417	3.578546	0.8125044
3366	-171.9759	-235.4432	63.46738	3.03934	1.372712
3372	-176.3295	-239.522	63.19249	2.533116	1.934903
3378	-177.6283	-240.2792	62.65088	2.902466	2.0499
3384	-182.07	-245.0017	62.93175	2.447549	2.164007
3390	-182.3273	-244.671	62.34369	4.78798	0.7733021
3396	-178.8524	-242.411	63.5586	3.473679	0.8974281
3402	-186.3771	-248.9561	62.57898	4.049325	1.274993
3408	-180.6977	-243.7011	63.00343	2.784393	1.892792
3414	-178.7421	-242.3442	63.60211	2.784393	1.465538
3420	-181.1405	-243.6308	62.49031	2.3516	2.506085
3426	-184.8117	-248.7145	63.90284	2.651701	1.334798
3432	-174.035	-237.324	63.28895	3.946116	0.5621505
3438	-176.7173	-239.9088	63.1915	3.8677	0.2551749
3444	-174.2399	-235.8363	61.59645	2.877198	2.733679
3450	-173.409	-237.2237	63.81474	3.405447	0.6123886
3456	-177.1124	-240.6702	63.55776	3.339258	0.1907351
3462	-175.3703	-239.4387	64.06838	3.164961	0.5695666
3468	-177.6695	-240.8578	63.18834	4.025078	0.3894179
3474	-171.9354	-235.8926	63.95716	3.253461	0.3846267
3480	-180.2198	-244.8161	64.59634	2.580442	0.7032976
3486	-187.2319	-249.6216	62.38974	1.909331	2.840054
3492	-184.8306	-246.3925	61.56193	2.45014	3.013134
3498	-179.2422	-243.6661	64.42393	2.45014	1.059576
3504	-178.8977	-239.6534	60.75568	6.025387	1.144728
3510	-180.3465	-243.8734	63.52689	3.690175	0.6206467
3516	-180.6169	-243.7722	63.15533	3.883094	0.2447904
3522	-183.4138	-246.868	63.45414	3.667011	0.2925624
3528	-183.4836	-247.3507	63.86714	3.368348	0.5602381
3534	-180.9346	-245.2275	64.29286	2.946152	0.5410712
3540	-177.6555	-241.2711	63.61562	3.622919	0.4583868
3546	-180.0049	-243.6205	63.61562	3.622919	0.4583868
3552	-179.2157	-243.2899	64.07424	3.164297	0.4583868
3558	-190.7666	-249.3712	58.60465	2.414932	4.735419
3564	-180.9766	-244.6462	63.6696	3.572089	0.5162593
3570	-181.962	-245.1158	63.15377	3.419823	1.319512
3576	-181.1154	-244.4126	63.29712	3.048939	1.49607
3582	-173.597	-238.0951	64.49815	2.737489	0.4448375
3588	-177.3271	-239.135	61.80785	1.752012	3.281965
3594	-170.5166	-235.2654	64.74885	2.145703	1.040024
3600	-170.012	-234.5946	64.58253	2.559662	0.7581299
3606	-178.6835	-242.6963	64.0128	2.910131	1.012348
3612	-175.8553	-240.4684	64.61314	2.542661	0.7376001
3618	-180.988	-243.3579	62.36988	4.764336	0.7696728
3624	-178.4691	-239.9527	61.48352	5.688998	0.3358029
3630	-175.1421	-239.4172	64.2751	2.834291	0.8037515
3636	-177.6479	-239.6536	62.00575	2.510533	2.70756
3642	-174.8546	-239.3595	64.50482	2.644247	0.7478978
3648	-179.3987	-242.797	63.39825	3.523145	1.01386
3654	-177.5397	-241.4506	63.91093	3.062754	0.9608808
3660	-173.5439	-236.5771	63.03317	2.887358	1.801811
3666	-172.6503	-237.2356	64.58528	2.484599	0.8535853
3672	-183.9436	-245.7022	61.75869	4.668038	1.434842
3678	-178.0464	-240.4545	62.40812	4.50954	1.017544
3684	-177.5511	-242.2469	64.69578	2.181628	1.056411
3690	-185.0091	-248.6831	63.67402	2.511986	1.614047
3696	-182.8443	-247.2253	64.38104	2.519673	1.034078
3702	-183.3593	-247.0729	63.71368	2.433696	1.641926
3708	-187.3508	-249.9876	62.63676	2.801355	2.125665
3714	-188.8109	-251.9702	63.15934	2.278766	2.125665
3720	-189.1273	-252.6393	63.51193	2.413051	1.798725
3726	-177.2213	-240.6408	63.41954	2.505448	1.798725
3732	-177.2303	-240.1476	62.91728	4.30187	0.4001787
3738	-176.2622	-238.9978	62.73556	4.479343	0.6261196
3744	-182.0736	-243.7922	61.71857	3.496362	2.270129
3750	-175.8221	-240.1775	64.35537	2.355917	1.20547
3756	-174.8652	-239.5926	64.72735	1.983934	1.20547
3762	-171.0427	-234.9589	63.91618	2.655106	1.32137
3768	-171.3671	-235.3116	63.94449	2.626796	1.32137
3774	-178.9648	-239.3524	60.38765	2.185215	3.85607
3780	-180.3257	-240.7245	60.39885	2.174013	3.85607
3786	-180.8265	-244.4662	63.63964	2.246197	1.825759
3792	-180.2732	-243.2004	62.92728	2.979739	1.811146
3798	-181.0626	-244.4841	63.42149	3.129112	1.337943
3804	-181.4389	-243.421	61.98219	2.64081	2.641935
3810	-179.962	-242.4835	62.52152	3.25285	1.901925
3816	-182.1665	-245.5133	63.3468	3.527996	1.058895
3822	-185.3676	-247.8334	62.4658	2.956132	2.136236
3828	-188.0843	-250.4249	62.34057	1.969887	2.833145
3834	-182.4232	-247.1859	64.76273	2.102863	1.067574
3840	-185.5546	-250.3237	64.76909	2.461779	0.4284356
3846	-186.0912	-249.7696	63.67838	3.429768	0.8053932
3852	-191.3091	-255.4337	64.12461	3.026652	0.3159272
3858	-186.031	-250.5571	64.52606	2.649656	0.7051448
3864	-189.0772	-250.8201	61.74293	2.525277	2.858771
3870	-186.6741	-250.7625	64.08833	3.013681	0.8134091
3876	-191.5706	-251.3846	59.81399	2.92458	3.760695
3882	-185.6094	-248.7686	63.15918	4.015606	0.7067302
3888	-183.183	-246.0424	62.85937	4.315419	0.7067302
3894	-190.9305	-253.732	62.80148	4.436818	0.4570799
3900	-184.9588	-248.4432	63.4844	3.125311	1.290236
3906	-189.3153	-252.1394	62.82416	3.104253	1.796349
3912	-189.6786	-253.3283	63.64968	3.485907	0.767714
3918	-186.009	-249.2127	63.20366	3.931925	0.767714
3924	-186.7328	-250.645	63.91213	3.150387	0.8623988
3930	-185.3839	-250.248	64.86409	2.267804	0.7729819
3936	-191.5091	-255.5753	64.06626	2.756813	1.106946
3942	-186.0003	-249.964	63.96367	2.273953	1.576452
3948	-188.8049	-252.1487	63.34376	3.789567	0.7709452
3954	-179.6045	-243.3534	63.74895	3.375955	0.7827683
3960	-177.2221	-240.9998	63.77771	3.454312	0.5748188
3966	-178.3095	-241.6389	63.32941	3.902568	0.5749797
3972	-177.6505	-241.909	64.25848	2.965897	0.6004619
3978	-182.9413	-246.8346	63.89328	3.123787	0.9144
3984	-183.7614	-244.6701	60.90873	3.291224	2.900065
3990	-184.9185	-248.0165	63.09805	2.317219	2.140581
3996	-185.9248	-250.708	64.78319	2.289904	0.8496892
4002	-181.597	-245.9242	64.32718	1.962096	1.538419
4008	-180.6479	-243.1744	62.52648	2.586529	2.335228
4014	-179.9233	-244.6756	64.75232	1.690403	1.422536
4020	-182.5128	-245.2774	62.76462	2.451774	2.269194
4026	-184.8001	-248.9238	64.12362	2.502846	1.276511
4032	-182.2852	-244.5509	62.26571	4.892556	0.3220991
4038	-181.7402	-243.0645	61.32431	3.79411	2.331785
4044	-180.0172	-242.8654	62.84818	3.079031	1.797184
4050	-178.3733	-239.0025	60.62923	3.327471	3.046289
4056	-176.926	-239.5253	62.59927	3.160444	1.911857
4062	-177.4625	-242.1056	64.64306	2.587659	0.5796846
4068	-184.0051	-244.9509	60.94579	2.598721	3.291019
4074	-175.7599	-237.9941	62.23423	3.534029	1.906069
4080	-180.31	-241.1963	60.88635	4.881907	1.906069
4086	-187.61	-248.7389	61.12889	4.457243	2.02818
4092	-186.6957	-248.5307	61.83499	3.938697	1.902389
4098	-181.0275	-244.333	63.30545	3.456706	1.161422
4104	-179.0408	-242.7806	63.73986	3.252492	0.9411985
4110	-181.19	-244.0495	62.85954	4.164473	0.9066944
4116	-182.9886	-246.0646	63.07597	3.119765	1.606993
4122	-187.5781	-250.1843	62.60622	2.848266	2.114952
4128	-181.9906	-245.4183	63.42772	3.032678	1.408874
4134	-186.2163	-247.9786	61.76234	2.941134	2.59219
4140	-186.4515	-248.2592	61.80777	1.518238	3.41941
4146	-184.1597	-248.1584	63.99866	3.14949	0.7492845
4152	-183.3298	-247.5161	64.1863	2.813063	0.9336963
4158	-195.3876	-258.6733	63.28577	2.492263	1.899441
4164	-187.734	-251.3484	63.61436	2.350288	1.771179
4170	-184.5613	-246.8972	62.33597	2.728136	2.366288
4176	-186.9619	-249.4768	62.51495	2.54915	2.366288
4182	-185.8595	-248.8079	62.94836	3.349662	1.531933
4188	-183.7083	-246.6537	62.94542	3.41643	1.484184
4194	-183.7624	-245.5294	61.76699	4.674382	1.423578
4200	-186.431	-248.0584	61.62746	5.489492	0.7936349
4206	-174.4651	-236.8688	62.40364	4.646734	0.8766931
4212	-184.8409	-248.5368	63.69586	2.942669	1.266567
4218	-170.4597	-234.654	64.19431	2.942621	0.7657901
4224	-172.1049	-236.0695	63.96462	2.781445	1.175488
4230	-168.6513	-232.742	64.09074	2.655324	1.175488
4236	-174.4225	-238.1579	63.73541	3.043186	1.146919
4242	-172.2443	-235.7617	63.51739	3.702585	0.6129694
4248	-169.9586	-234.2022	64.24363	2.766321	0.9222078
4254	-170.8611	-235.155	64.29393	2.766321	0.8650902
4260	-167.3113	-231.3533	64.04205	2.602078	1.261941
4266	-169.9436	-234.159	64.21542	2.245326	1.408606
4272	-176.6947	-240.9098	64.21502	2.96191	0.7030465
4278	-172.9425	-237.0576	64.11513	2.845605	0.9742797
4284	-178.6436	-241.0871	62.44344	1.922224	2.799578
4290	-181.037	-243.9445	62.90742	3.637029	1.342847
4296	-174.3439	-238.5333	64.18941	2.70223	1.042825
4302	-171.2806	-235.614	64.33339	2.615782	0.9860814
4308	-171.5718	-235.3947	63.82296	2.619633	1.422639
4314	-170.3218	-234.4957	64.17391	2.993343	0.7193389
4320	-171.3959	-233.0473	61.65145	3.796289	2.11937
4326	-176.3158	-238.9186	62.60278	2.152113	2.560293
4332	-168.9375	-232.8317	63.89416	2.990791	1.049226
4338	-170.3757	-234.7339	64.35813	2.828427	0.6858494
4344	-170.76	-231.2795	60.51954	3.421152	3.055864
4350	-171.9941	-234.9042	62.91008	1.799546	2.588379
4356	-173.5221	-236.832	63.3099	2.71357	1.730005
4362	-176.0733	-240.1148	64.04158	2.19388	1.578041
4368	-178.1452	-240.1366	61.99137	4.036761	1.726728
4374	-188.1192	-251.3969	63.27776	3.964313	0.4917232
4380	-179.1785	-243.6815	64.50301	2.403414	1.028536
4386	-180.7089	-244.2779	63.56906	2.403414	1.765722
4392	-181.8198	-245.2578	63.43797	1.939531	2.165177
4398	-181.3381	-243.5907	62.25262	2.630826	2.480104
4404	-183.5404	-246.9439	63.40348	2.735415	1.648015
4410	-178.7435	-241.2027	62.45914	3.242582	1.950983
4416	-174.465	-238.066	63.60098	2.98908	1.306217
4422	-175.048	-239.9272	64.87918	1.71088	1.306217
4428	-182.3686	-243.3258	60.95723	2.898984	3.106283
4434	-184.4938	-246.293	61.79928	3.862233	1.977954
4440	-180.2695	-244.5602	64.29068	2.743033	0.8958024
4446	-180.0577	-241.6996	61.64188	2.824916	2.737866
4452	-178.8686	-242.1711	63.30246	3.938771	0.5224783
4458	-180.5886	-244.0271	63.43845	3.732269	0.7135967
4464	-182.001	-244.0547	62.05369	1.866423	3.068162
4470	-186.0441	-246.1963	60.15224	4.552591	2.591351
4476	-179.1041	-240.2496	61.14551	3.142216	2.846938
4482	-180.0881	-243.4464	63.35833	2.90491	1.557644
4488	-180.0012	-243.8344	63.83319	2.998861	1.098726
4494	-182.5626	-247.2193	64.65676	2.437661	0.8231729
4500	-183.6339	-248.1631	64.52923	2.649947	0.6991348
4506	-183.9753	-247.3752	63.39983	3.107421	1.37229
4512	-183.4154	-247.2152	63.79985	2.790698	1.305816
4518	-184.4641	-245.8904	61.42626	2.8122	2.876783
4524	-190.1491	-250.0427	59.89362	1.58293	4.479117
4530	-191.0606	-251.6297	60.56909	1.309417	4.252132
4536	-187.4232	-250.3261	62.90296	3.81033	1.203757
4542	-186.0766	-250.4434	64.36676	2.669646	0.8927545
4548	-179.5678	-243.8279	64.26011	2.969058	0.423537
4554	-177.5757	-241.8161	64.2404	2.921419	0.7281364
4560	-170.6194	-234.0933	63.4739	3.538311	0.9197422
4566	-174.6979	-238.4515	63.75366	3.258544	0.9197422
4572	-180.9974	-244.9146	63.91722	3.125337	0.8857211
4578	-176.7863	-238.4985	61.71216	5.035603	1.174007
4584	-184.0035	-248.5408	64.53736	2.337237	1.059077
4590	-181.1468	-245.1351	63.98833	3.064087	0.8743041
4596	-182.1564	-245.6966	63.54024	2.676037	1.592051
4602	-179.0332	-241.0064	61.97316	2.93384	2.465342
4608	-177.8633	-241.9497	64.08644	2.723507	1.118856
4614	-183.1947	-247.0649	63.87022	3.322923	0.6733854
4620	-181.1868	-245.3174	64.13059	2.090171	1.588783
4626	-188.0579	-251.3739	63.31598	2.641489	1.776177
4632	-188.5365	-252.2982	63.76174	2.975659	1.183006
4638	-190.4155	-252.4114	61.99592	2.553752	2.687065
4644	-189.6085	-253.9361	64.32757	2.555286	1.051228
4650	-186.5139	-249.13	62.61614	3.157862	1.902178
4656	-187.0303	-250.6648	63.63455	2.635095	1.552926
4662	-185.073	-245.499	60.42607	3.940156	2.799238
4668	-181.9492	-245.2513	63.3021	3.938482	0.4720504
4674	-187.2713	-250.675	63.40366	3.476077	1.0542
4680	-182.9105	-247.1409	64.23037	2.960733	0.6773209
4686	-174.8481	-238.9714	64.12334	2.482796	1.293148
4692	-179.1546	-241.2935	62.13886	2.955081	2.347349
4698	-177.7865	-240.7701	62.98365	3.353988	1.502383
4704	-184.0001	-246.5934	62.59328	4.40811	0.2281853
4710	-176.7741	-241.4081	64.63401	2.316021	0.9852155
4716	-179.4491	-242.4572	63.00814	3.661126	1.241008
4722	-176.9483	-240.2922	63.34395	3.586493	1.004898
4728	-174.0828	-237.1329	63.05008	3.541968	1.304607
4734	-176.0915	-240.1663	64.07474	2.411757	1.388562
4740	-168.2114	-232.3972	64.18585	2.643841	1.100895
4746	-175.7753	-239.9114	64.13614	2.657817	1.133236
4752	-170.8448	-235.3635	64.51875	2.230333	1.172854
4758	-172.1146	-236.8786	64.76402	2.230333	0.9390664
4764	-171.61	-235.806	64.19601	2.230333	1.435135
4770	-173.3963	-238.3157	64.91939	2.298716	0.6179659
4776	-178.3383	-242.5624	64.22415	2.258548	1.391533
4782	-170.6805	-233.9788	63.29834	2.76905	1.699005
4788	-176.6917	-241.1532	64.46149	2.434367	1.038766
4794	-174.446	-238.4886	64.04254	2.004301	1.713537
4800	-171.7373	-234.8084	63.07111	2.36898	2.12437
4806	-170.8789	-234.7324	63.85354	2.46615	1.515806
4812	-166.192	-229.465	63.27305	1.922364	2.282635
4818	-171.4165	-235.0223	63.60584	1.589574	2.282635
4824	-172.6541	-235.9643	63.31022	2.586932	1.817955
4830	-177.6487	-240.7777	63.12898	2.768177	1.817955
4836	-191.2701	-254.6381	63.36806	3.379783	1.173942
4842	-185.4389	-247.809	62.37006	3.591706	1.773183
4848	-179.8327	-242.9963	63.16359	3.573728	1.183075
4854	-181.4358	-245.066	63.63014	3.305167	1.000046
4860	-176.3633	-240.3002	63.93694	3.085133	0.9088566
4866	-182.9476	-246.6219	63.6743	3.34777	0.9088566
4872	-176.6018	-240.3796	63.77787	3.223856	0.9311439
4878	-177.6237	-241.4476	63.82396	3.418232	0.4967805
4884	-180.3746	-244.4801	64.10557	3.135598	0.477568
4890	-178.1732	-241.859	63.68581	3.553772	0.4646382
4896	-176.5748	-239.4049	62.83007	3.89262	1.195694
4902	-179.4511	-243.0504	63.59922	3.378848	0.9563049
4908	-181.4098	-245.749	64.33924	2.650578	0.943901
4914	-174.418	-238.5643	64.14633	3.087907	0.5658104
4920	-174.3467	-238.4062	64.05952	3.176582	0.5573247
4926	-170.6062	-235.0076	64.40144	2.818559	0.6129111
4932	-172.6766	-236.772	64.09539	3.146795	0.4967632
4938	-173.1983	-237.3721	64.17383	2.836003	0.9223461
4944	-176.034	-239.6552	63.62113	3.458497	0.8416992
4950	-173.4872	-237.3904	63.90318	2.952561	1.076808
4956	-172.8149	-236.9368	64.12194	2.952561	0.8479755
4962	-172.9216	-233.367	60.44537	4.002159	2.749648
4968	-174.8977	-238.0317	63.13402	2.547386	1.964624
4974	-178.4344	-242.5829	64.14847	2.430049	1.315545
4980	-181.3442	-244.958	63.61374	3.094903	1.207721
4986	-173.2672	-236.4837	63.21646	1.814509	2.387268
4992	-175.1988	-238.0609	62.86211	2.17631	2.382556
4998	-179.5314	-240.3488	60.81733	1.909397	3.76752
5004	-180.4274	-244.4002	63.9728	1.601389	2.0361
5010	-185.9764	-249.7364	63.76005	1.730198	2.091494
5016	-187.4342	-250.397	62.96283	1.649823	2.648315
5022	-180.2822	-242.5251	62.24293	1.79117	2.999922
5028	-181.9778	-245.3808	63.40294	1.317155	2.581893
5034	-184.8774	-249.5321	64.65468	2.281465	0.9992102
5040	-183.9581	-247.9342	63.97617	3.216877	0.359164
5046	-183.6806	-247.6522	63.97166	3.216877	0.6821824
5052	-190.1075	-251.7869	61.67944	4.298674	1.761786
5058	-191.8333	-252.0926	60.25928	2.26839	3.882022
5064	-194.9122	-258.5753	63.66306	2.119256	1.896532
5070	-197.995	-259.4162	61.42129	4.714431	1.650295
5076	-189.4885	-251.5754	62.08695	4.683196	1.154392
5082	-196.4202	-257.8051	61.38489	3.216743	2.655105
5088	-196.4739	-258.8378	62.3639	4.370732	1.185401
5094	-195.6714	-259.2489	63.57756	3.505576	0.8373587
5100	-186.6969	-247.5115	60.81456	2.029314	3.699894
5106	-185.6988	-250.0384	64.33966	2.140647	1.393395
5112	-179.8073	-241.3519	61.54452	2.438843	3.030331
5118	-177.4731	-241.0355	63.56248	2.007772	2.038708
5124	-183.9271	-243.471	59.54391	3.006057	3.869221
5130	-179.3965	-242.8041	63.40759	3.104767	1.368275
5136	-184.8339	-248.6589	63.82498	2.532941	1.487146
5142	-185.5713	-248.2158	62.64451	3.60519	1.567605
5148	-187.0598	-248.6673	61.6075	2.916356	2.702913
5154	-190.7758	-255.1173	64.34157	2.817789	0.7320299
5160	-189.8928	-254.3091	64.41633	2.743035	0.7320299
5166	-189.6198	-253.6524	64.03266	2.259644	1.53617
5172	-195.5549	-259.8152	64.2603	1.851426	1.667468
5178	-188.8737	-248.069	59.1953	1.990081	4.642627
5184	-183.9745	-246.5466	62.57218	1.787406	2.803278
5190	-186.8229	-250.8402	64.01734	1.703118	1.938371
5196	-183.0999	-246.3169	63.21698	2.42206	1.992973
5202	-189.6915	-252.7651	63.07368	1.826898	2.469368
5208	-188.1432	-250.023	61.87989	2.542977	2.764714
5214	-186.0196	-248.5203	62.50068	3.096625	2.02076
5220	-182.0643	-244.5959	62.53162	4.708323	0.4671197
5226	-182.0372	-245.8362	63.79893	3.376428	0.705759
5232	-178.2695	-241.6958	63.42629	2.976048	1.453494
5238	-179.3411	-242.3201	62.97905	2.760605	1.925426
5244	-176.2537	-239.6027	63.34896	3.609362	0.9767552
5250	-175.5854	-238.3922	62.80682	2.35675	2.302997
5256	-175.0437	-239.1257	64.08195	2.314198	1.45821
5262	-176.7388	-240.985	64.24619	2.763499	0.922502
5268	-174.3613	-237.5515	63.1902	2.739247	1.795632
5274	-177.7538	-240.8658	63.11196	2.929695	1.717196
5280	-172.5136	-236.1586	63.64504	2.47346	1.662626
5286	-179.2448	-240.915	61.67025	4.522306	1.609301
5292	-172.4736	-235.9583	63.48465	3.111051	1.301639
5298	-169.743	-233.7173	63.97436	2.776191	1.171575
5304	-170.0194	-233.8156	63.79625	3.317184	0.7983705
5310	-171.6668	-235.6533	63.98647	3.191065	0.7019966
5316	-172.6564	-236.2499	63.59351	3.233855	1.103025
5322	-176.7924	-239.6452	62.85277	2.709785	2.04381
5328	-170.2425	-233.7746	63.5321	2.038828	2.038265
5334	-170.773	-234.9174	64.1444	3.088878	0.5698336
5340	-179.0936	-242.6973	63.60371	3.637568	0.4787475
5346	-177.3166	-239.5333	62.21677	4.929242	0.7524764
5352	-171.4339	-235.8603	64.42645	2.759396	0.6871664
5358	-172.7652	-236.8737	64.10845	2.990578	0.8172683
5364	-172.2988	-236.3776	64.07881	2.600607	1.232486
5370	-168.1038	-232.4557	64.35189	2.600607	0.9827075
5376	-166.5468	-230.3463	63.79942	2.094514	1.820176
5382	-173.4926	-237.1655	63.67294	3.321505	0.9389641
5388	-176.2158	-239.7344	63.51866	3.722597	0.4784688
5394	-172.1227	-235.7789	63.65624	3.576956	0.5701628
5400	-191.6344	-255.1806	63.54623	2.241734	1.892698
5406	-191.603	-255.045	63.44197	2.886671	1.50912
5412	-188.6102	-252.3568	63.74665	3.286553	0.8963832
5418	-190.0103	-252.5303	62.51993	4.150662	1.239895
5424	-198.4934	-260.2355	61.74214	2.313583	2.986939
5430	-182.4992	-245.5069	63.00766	3.855431	1.069923
5436	-186.509	-246.1965	59.6875	1.830762	4.455629
5442	-181.2458	-244.8358	63.59002	3.245842	1.095227
5448	-184.0872	-246.1595	62.07229	2.856652	2.451568
5454	-178.3465	-240.1446	61.79808	3.744145	2.057251
5460	-182.2988	-243.7229	61.4241	4.601004	1.728853
5466	-184.6279	-246.2197	61.59186	3.537717	2.324681
5472	-190.8785	-255.5042	64.62573	2.104845	1.18891
5478	-190.3843	-252.515	62.13072	1.900729	3.001511
5484	-187.6712	-249.5706	61.8994	2.319509	2.888608
5490	-184.9448	-248.0125	63.06772	3.073963	1.646014
5496	-176.5485	-240.4443	63.89572	3.292576	0.6826153
5502	-177.2721	-241.5449	64.27275	2.915546	0.6826153
5508	-169.9624	-234.214	64.25163	2.932376	0.690516
5514	-171.5582	-236.1981	64.63989	2.547476	0.6843591
5520	-174.9104	-239.1645	64.25415	2.936429	0.6783189
5526	-172.1352	-235.8454	63.71029	1.630841	2.188789
5532	-172.5338	-236.3133	63.77944	2.172303	1.78016
5538	-173.5884	-237.5699	63.98158	2.998139	0.9545719
5544	-168.9001	-233.1718	64.27164	2.352874	1.278113
5550	-173.9966	-237.8721	63.87547	3.24218	0.7926943
5556	-172.3951	-236.5368	64.14175	2.903897	0.8821669
5562	-176.1376	-240.2044	64.06679	2.756472	1.106768
5568	-167.2037	-231.2641	64.06044	3.012803	0.849504
5574	-171.1135	-235.2289	64.11544	3.120633	0.5574606
5580	-167.2058	-230.9805	63.77473	3.171004	0.989569
5586	-166.6841	-230.5061	63.82194	3.326783	0.7484157
5592	-162.3057	-226.4167	64.11098	3.128209	0.5398441
5598	-165.3927	-229.6545	64.26176	2.978485	0.5320215
5604	-172.7465	-236.7591	64.01259	3.226113	0.5430434
5610	-165.1887	-229.3701	64.18134	2.998899	0.6972625
5616	-167.7802	-231.515	63.73475	3.445482	0.6972625
5622	-172.9642	-236.5303	63.56612	2.87029	1.427396
5628	-171.0358	-233.7512	62.71542	4.274249	0.9440605
5634	-174.6135	-238.4724	63.85888	3.010084	1.064403
5640	-169.3705	-233.0421	63.67163	3.177232	1.083215
5646	-166.1558	-229.3109	63.15506	3.404737	1.330592
5652	-164.7736	-228.5228	63.7492	3.404737	0.3182532
5658	-167.8693	-231.4816	63.61229	3.291035	1.03154
5664	-166.9437	-231.5891	64.64532	1.800294	1.420307
5670	-166.1996	-230.2421	64.04247	1.617988	1.978655
5676	-165.3368	-229.9406	64.60383	2.454479	0.867394
5682	-170.6582	-235.3444	64.68618	2.196014	1.051859
5688	-166.506	-230.7406	64.23464	2.500886	1.184634
5694	-170.8135	-234.891	64.07748	1.458952	2.061073
5700	-166.0814	-231.0395	64.95815	2.278118	0.5565059
5706	-170.6224	-234.0384	63.41603	2.559988	1.763244
5712	-181.1713	-242.0965	60.92518	2.485066	3.37001
5718	-184.1743	-248.6414	64.4671	2.710718	0.7015075
5724	-185.4575	-246.8229	61.36544	5.758267	0.7844186
5730	-178.3816	-242.4592	64.07758	3.046122	0.7844186
5736	-180.1113	-243.2157	63.10439	3.036126	1.646853
5742	-180.3077	-243.2267	62.91899	3.820916	1.180832
5748	-183.0906	-246.5106	63.42002	3.789277	0.6394799
5754	-185.4512	-248.0984	62.64722	4.443251	0.8281814
5760	-179.9446	-243.859	63.91433	3.255691	0.7147678
5766	-177.2254	-241.1513	63.92592	3.098419	0.906336
5772	-176.5641	-240.85	64.28595	2.738391	0.906336
5778	-176.6265	-240.2079	63.58143	3.651997	0.5692086
5784	-176.816	-239.9608	63.14478	3.178162	1.513375
5790	-178.2674	-242.3056	64.03814	2.515521	1.335498
5796	-174.622	-238.6601	64.03814	2.515521	1.335498
5802	-185.4491	-249.2008	63.75167	3.228686	0.953902
5808	-186.4734	-245.4178	58.94434	7.387925	1.50641
5814	-189.0888	-249.274	60.18518	6.352356	1.348353
5820	-184.2854	-247.4962	63.21088	2.677978	1.823676
5826	-187.0599	-251.2066	64.14671	2.205349	1.491557
5832	-184.2207	-247.7141	63.49346	2.858606	1.491557
5838	-180.6469	-244.142	63.49507	2.856996	1.491557
5844	-179.6125	-242.9817	63.36919	2.215906	2.028872
5850	-177.8992	-241.9775	64.07829	2.245952	1.512406
5856	-186.8699	-251.5228	64.65295	2.429894	0.8377245
5862	-183.8239	-247.2965	63.47257	3.763477	0.5575785
5868	-189.1017	-252.1354	63.03364	3.22078	1.564136
5874	-180.9729	-244.8559	63.88297	3.359239	0.4988648
5880	-176.7964	-240.2394	63.44297	2.28704	1.931934
5886	-175.4003	-238.4186	63.01834	1.556669	2.671492
5892	-174.0417	-237.7224	63.68075	2.609402	1.537766
5898	-173.8087	-238.1171	64.30834	2.609402	1.017467
5904	-174.0835	-238.3601	64.27664	2.900451	0.7027755
5910	-177.4434	-240.8046	63.36124	3.376028	1.183125
5916	-182.6639	-245.5437	62.87981	3.248568	1.655554
5922	-187.7913	-247.8111	60.01976	2.486379	3.894376
5928	-178.847	-242.1671	63.32005	3.425271	1.176135
5934	-175.7914	-238.9475	63.15615	4.050925	0.6444961
5940	-183.1624	-245.8247	62.66232	4.463077	0.7820747
5946	-182.2403	-245.3753	63.13496	2.979993	1.665159
5952	-181.5854	-246.0878	64.5024	1.970679	1.399027
5958	-178.6668	-240.1765	61.50964	1.894298	3.373718
5964	-187.9589	-250.5543	62.59538	3.749169	1.4972
5970	-181.858	-244.967	63.10897	1.620072	2.576344
5976	-187.9922	-248.4903	60.49814	2.220721	3.772057
5982	-187.3146	-250.0506	62.73595	1.27897	3.011423
5988	-183.37	-247.835	64.46502	1.255468	1.938353
5994	-179.916	-244.7214	64.80537	1.418102	1.586806
6000	-177.4002	-242.0712	64.67098	2.565785	0.4496297
6006	-166.0837	-230.2273	64.14364	2.623	1.157485
6012	-169.8535	-231.1662	61.3127	1.844142	3.518237
6018	-172.1893	-233.9946	61.80535	1.351495	3.518237
6024	-170.5571	-234.179	63.62188	1.820662	2.122764
6030	-179.308	-242.4483	63.14029	1.389282	2.699408
6036	-175.389	-237.6057	62.21678	2.312792	2.699408
6042	-182.371	-242.9242	60.5532	2.546759	3.551363
6048	-183.9184	-245.3712	61.45275	1.643616	3.553457
6054	-180.7257	-242.1481	61.42236	1.213417	3.819899
6060	-174.138	-238.4292	64.29124	2.284992	1.31739
6066	-177.6068	-241.3997	63.79289	1.908353	1.951305
6072	-183.2022	-245.5821	62.37991	1.782088	2.922983
6078	-186.0922	-248.3869	62.29473	1.768069	2.982691
6084	-175.7755	-238.5961	62.82063	1.882409	2.592462
6090	-179.0411	-242.0036	62.96253	3.844433	1.12155
6096	-182.3061	-245.6705	63.36436	2.049959	2.141199
6102	-179.6921	-243.9108	64.21872	2.116019	1.504554
6108	-178.9132	-243.5655	64.65222	2.588787	0.5248765
6114	-187.1729	-251.1049	63.93201	3.309803	0.4860079
6120	-191.862	-253.8651	62.00305	2.850616	2.498735
6126	-182.2605	-245.9036	63.64308	2.591062	1.579005
6132	-187.8954	-250.7445	62.84913	2.916124	1.908109
6138	-176.3706	-239.1741	62.80349	3.212188	1.735483
6144	-180.4897	-243.6117	63.12201	2.260945	2.161635
6150	-178.5718	-237.716	59.14418	3.549831	3.786379
6156	-169.0692	-233.0917	64.02242	2.776894	1.128436
6162	-167.2694	-231.2806	64.01119	2.788121	1.128436
6168	-172.393	-236.8116	64.41861	2.788121	0.6452555
6174	-167.3006	-230.9853	63.68469	3.53623	0.4038069
6180	-162.9351	-226.6345	63.69943	3.53623	0.4449606
6186	-165.4689	-229.7537	64.28488	2.956757	0.517096
6192	-164.1202	-227.8232	63.70306	2.374403	1.691861
6198	-166.8765	-230.7391	63.86262	2.214844	1.691861
6204	-172.8903	-236.5072	63.6169	1.869671	2.093909
6210	-171.9294	-236.6346	64.70524	2.406743	0.8003093
6216	-172.0219	-236.1174	64.09553	2.627911	1.195054
6222	-173.8925	-238.0232	64.13064	2.621379	1.170298
6228	-175.1638	-238.9004	63.73658	2.377031	1.666124
6234	-180.1378	-244.1577	64.0199	3.115423	0.7680964
6240	-182.7563	-247.0586	64.30226	2.921183	0.4092948
6246	-177.6898	-240.3524	62.66262	2.309324	2.42452
6252	-179.6046	-242.1612	62.5566	2.415351	2.42452
6258	-176.1168	-240.136	64.01923	3.101561	0.7884219
6264	-175.4062	-239.7235	64.31727	2.220844	1.347894
6270	-177.1667	-241.4488	64.28203	2.419204	1.214034
6276	-174.1475	-237.6855	63.53804	2.894516	1.430361
6282	-175.065	-238.978	63.913	2.519564	1.430361
6288	-171.6104	-234.6353	63.02495	1.843352	2.489587
6294	-170.4972	-234.2825	63.78535	3.455689	0.5245376
6300	-171.0887	-234.7572	63.66855	3.57249	0.5245376
6306	-171.6397	-235.4182	63.77849	3.301108	0.8417338
6312	-177.1119	-239.0107	61.89886	4.987868	1.047527
6318	-173.5507	-237.6244	64.07366	3.102593	0.7042117
6324	-174.3884	-238.0048	63.61639	3.605582	0.4060385
6330	-178.7503	-241.4271	62.6768	4.278753	0.979595
6336	-172.4973	-235.2634	62.76606	3.555429	1.51446
6342	-169.7214	-233.5522	63.83077	2.416391	1.569464
6348	-182.3365	-243.8653	61.52876	4.696984	1.585143
6354	-178.3592	-242.654	64.29481	2.042225	1.50284
6360	-174.1855	-237.5635	63.37792	2.959113	1.50284
6366	-175.9299	-240.0063	64.07638	3.128176	0.6500294
6372	-181.0634	-244.2009	63.13747	2.591916	1.932356
6378	-178.298	-241.8412	63.54316	2.938043	1.392695
6384	-179.8999	-243.2039	63.30398	2.752175	1.706956
6390	-180.1716	-244.3015	64.12992	2.978883	0.8045197
6396	-184.7242	-246.3257	61.60154	2.838892	2.753984
6402	-184.7799	-247.8384	63.05854	4.144988	0.6522541
6408	-186.3049	-249.5183	63.21338	3.604284	1.111865
6414	-182.7166	-245.8216	63.10502	3.963614	0.8550845
6420	-176.8576	-240.8338	63.97625	3.069221	0.8823703
6426	-182.8671	-245.0932	62.22611	4.326509	1.336329
6432	-178.4864	-242.6235	64.1371	2.948659	0.8340888
6438	-187.6586	-250.4688	62.81021	2.690924	2.084336
6444	-179.2227	-243.5816	64.35899	1.864884	1.586511
6450	-175.3808	-238.7201	63.33936	3.283425	1.279533
6456	-181.1516	-246.0302	64.87853	1.748462	1.276075
6462	-177.3214	-241.9434	64.62199	2.074546	1.218024
6468	-186.8192	-249.7222	62.90297	3.108487	1.738446
6474	-179.6334	-242.6868	63.05347	3.998618	0.8746931
6480	-185.2688	-248.8497	63.58091	2.053381	1.99614
6486	-176.6839	-241.4154	64.73147	2.443325	0.7067157
6492	-171.3827	-235.248	63.86531	3.248042	0.287184
6498	-179.8606	-244.2819	64.42133	2.473312	1.039938
6504	-174.6326	-238.0049	63.37232	1.992967	2.173114
6510	-181.292	-245.2066	63.91469	1.450597	2.173114
6516	-175.1333	-238.8398	63.70652	2.779189	1.389182
6522	-175.8087	-240.9011	65.09244	2.131711	0.6011409
6528	-172.9783	-237.2425	64.26422	2.075071	1.501146
6534	-178.8987	-243.35	64.45129	2.78969	0.5251527
6540	-176.3862	-241.4227	65.03648	2.051512	0.8313038
6546	-180.951	-245.9815	65.03052	2.120322	0.7452177
6552	-177.3975	-239.7297	62.33215	2.779297	2.33622
6558	-176.4687	-239.4285	62.95984	1.917601	2.483865
6564	-177.3076	-241.4709	64.16328	2.071941	1.578213
6570	-180.9712	-245.288	64.31687	2.208055	1.358349
6576	-179.4857	-243.8827	64.39704	2.127887	1.358349
6582	-178.6937	-241.0304	62.3367	2.027774	2.800303
6588	-177.0561	-241.7232	64.66708	1.741947	1.448394
6594	-174.1627	-235.5238	61.36117	2.585822	3.052096
6600	-176.0457	-238.5531	62.50738	1.840643	2.810314
6606	-176.8439	-241.8804	65.03649	2.000645	0.8919183
6612	-173.1725	-237.3027	64.13019	2.945812	0.264255
6618	-175.8003	-239.6918	63.89148	3.056869	0.2077188
6624	-172.7605	-236.6414	63.88088	3.028188	0.1945099
6630	-180.2513	-244.0162	63.76495	3.240655	0.2299697
6636	-172.2429	-236.176	63.9331	3.240655	0.7084866
6642	-175.6679	-240.6312	64.9633	2.089379	0.8739976
6648	-173.6681	-238.5294	64.86134	2.089379	0.9845127
6654	-179.0297	-242.9196	63.88989	2.383967	1.549817
6660	-176.5541	-241.0745	64.52036	2.704233	0.5998107
6666	-174.7773	-238.2956	63.51835	3.014862	1.351782
6672	-176.0171	-239.6788	63.66162	3.467259	0.7772288
6678	-174.1789	-237.9439	63.76505	3.467259	0.4329107
6684	-172.8694	-236.642	63.7726	3.450266	0.4079973
6690	-180.4846	-244.0846	63.59993	2.235921	1.860054
6696	-180.2993	-244.8285	64.52918	2.65625	0.3498774
6702	-183.4155	-247.6505	64.23493	2.964218	0.6614188
6708	-182.0004	-244.2177	62.21734	2.771105	2.414124
6714	-194.5392	-254.8274	60.2882	3.374631	3.221129
6720	-192.3667	-256.739	64.37229	2.132791	1.374003
6726	-196.1567	-259.071	62.9143	3.590775	1.374003
6732	-190.659	-254.3696	63.71067	3.503287	0.6284354
6738	-183.6742	-247.9965	64.32235	2.891617	0.6284354
6744	-187.4082	-251.8206	64.41237	2.80159	0.6284354
6750	-187.6197	-251.0784	63.45863	2.814544	1.550319
6756	-187.7046	-252.0766	64.37205	2.831084	0.6530901
6762	-187.5518	-251.1774	63.62561	2.722855	1.494259
6768	-194.1872	-256.0848	61.89756	3.30116	2.280518
6774	-188.4364	-252.1991	63.76268	3.156812	1.015738
6780	-186.3109	-250.6415	64.33051	2.71096	0.886976
6786	-186.8082	-248.2839	61.47566	4.525006	1.746014
6792	-190.5074	-252.2361	61.7287	4.474271	1.601737
6798	-188.3636	-250.0923	61.7287	4.474271	1.601737
6804	-199.2777	-260.6549	61.37719	5.770101	0.7505781
6810	-192.887	-253.3052	60.4182	6.500809	1.016219
6816	-186.7096	-249.7857	63.07615	2.958292	1.722279
6822	-180.0811	-240.7546	60.67345	2.740337	3.367937
6828	-174.5798	-238.387	63.80723	1.742921	2.052009
6834	-178.8393	-243.4674	64.62812	2.365725	0.9396115
6840	-176.7464	-241.3201	64.57371	2.513909	0.8317665
6846	-177.6385	-239.3526	61.71407	5.373548	0.8317665
6852	-175.0037	-237.7154	62.71166	4.479806	0.3571651
6858	-177.9987	-240.8863	62.88752	4.081194	0.2151814
6864	-173.3674	-237.6948	64.3274	2.643892	0.9633702
6870	-173.8784	-238.2058	64.3274	2.643892	0.9633702
6876	-180.4809	-244.1326	63.65178	2.254323	1.811784
6882	-173.4396	-237.5759	64.13636	2.214274	1.492632
6888	-181.3727	-245.9642	64.59152	2.56762	0.7323825
6894	-181.0548	-245.9912	64.93639	2.127721	0.8604983
6900	-178.8807	-243.119	64.23821	3.003058	0.4786633
6906	-183.4407	-247.4042	63.96356	2.563352	1.356781
6912	-192.1367	-255.1479	63.01123	2.563836	2.035521
6918	-189.8084	-251.5789	61.77048	2.539272	2.833569
6924	-190.1643	-254.1898	64.02556	2.515883	1.345246
6930	-187.2616	-250.3166	63.05504	3.205676	1.559506
6936	-190.1481	-254.2462	64.0981	3.143891	0.4896124
6942	-195.8418	-258.0911	62.24928	1.643298	3.0846
6948	-192.5701	-256.4438	63.8737	2.71889	1.304164
6954	-190.0353	-255.0768	65.04151	2.140742	0.6936696
6960	-179.7544	-243.3263	63.5719	2.0191	2.024948
6966	-180.1639	-243.0009	62.83701	2.089061	2.453373
6972	-179.3333	-243.5456	64.21231	2.935616	0.7496197
6978	-186.3687	-247.1425	60.77379	4.050685	2.516968
6984	-186.647	-250.9318	64.28484	2.754647	0.8892398
6990	-186.9841	-249.4671	62.48306	2.184277	2.614554
6996	-184.7728	-247.5344	62.76157	2.47763	2.254555
7002	-184.3956	-246.857	62.46143	3.565632	1.727477
7008	-187.3518	-249.9372	62.58536	2.959084	2.055784
7014	-184.3902	-248.2652	63.87501	3.364946	0.467158
7020	-184.7846	-249.148	64.36342	2.589986	0.9817807
7026	-186.9042	-248.8665	61.96225	3.706141	1.973349
7032	-183.9469	-247.6147	63.66781	3.481773	0.7471272
7038	-188.8877	-251.4806	62.59292	4.648048	0.4755386
7044	-189.4161	-253.243	63.82682	3.337103	0.7247524
7050	-176.8389	-240.964	64.12507	2.94268	0.856141
7056	-176.6664	-240.5727	63.90633	3.062522	0.9659056
7062	-176.7295	-240.853	64.12345	2.879254	0.9300883
7068	-177.1835	-240.6209	63.43735	3.224414	1.247274
7074	-176.067	-239.5635	63.49649	3.224414	1.19723
7080	-175.5843	-239.7801	64.19586	1.90165	1.677607
7086	-175.5871	-239.3308	63.74362	1.836978	2.031851
7092	-175.5033	-239.7496	64.24627	2.055012	1.529507
7098	-179.0727	-240.802	61.72935	4.399088	1.655516
7104	-187.3085	-251.3889	64.08044	2.779536	1.072846
7110	-189.0636	-252.2161	63.15255	2.435157	2.027137
7116	-194.957	-257.664	62.707	2.880701	2.027137
7122	-190.7136	-253.0655	62.35185	2.602692	2.435476
7128	-193.1483	-256.1199	62.97153	3.769896	1.179517
7134	-197.3451	-258.3639	61.01881	3.380634	2.779004
7140	-189.6727	-252.5237	62.85097	2.610914	2.110104
7146	-187.6359	-250.5944	62.95852	3.063719	1.730869
7152	-185.9721	-249.0128	63.04068	3.869606	1.02477
7158	-187.0652	-251.1542	64.08898	3.033965	0.7854723
7164	-184.4026	-247.8369	63.43429	3.019879	1.413699
7170	-187.6752	-251.276	63.60078	2.925275	1.357454
7176	-189.4585	-253.1269	63.66843	2.942389	1.289331
7182	-191.0785	-254.113	63.03446	3.309237	1.497841
7188	-193.147	-256.5047	63.35769	3.309237	1.242966
7194	-194.6266	-258.0471	63.42044	3.615953	0.8927607
7200	-202.6948	-262.1522	59.4574	6.582548	1.718403
7206	-197.6129	-260.9256	63.31266	3.925811	0.4579854
7212	-189.8355	-253.6058	63.77036	3.452305	0.6054765
7218	-189.2934	-252.7179	63.42445	3.364968	1.137297
7224	-186.4907	-250.8334	64.34273	2.446683	1.137297
7230	-189.7182	-251.5498	61.83159	4.742488	1.319125
7236	-188.4824	-251.3334	62.85099	4.138684	0.2233636
7242	-181.9545	-245.4409	63.48636	3.384764	1.062366
7248	-188.3442	-249.8157	61.47152	4.156855	2.000085
7254	-185.9287	-248.769	62.84037	4.281794	0.7865333
7260	-182.0566	-246.0141	63.95753	3.219323	0.3403226
7266	-182.5431	-246.7776	64.23444	3.007412	0.4868051
7272	-179.5338	-243.6868	64.15299	3.07636	0.5845175
7278	-180.8017	-244.7014	63.89972	3.07636	0.2179955
7284	-185.9698	-248.6438	62.67396	4.04881	1.195628
7290	-189.2408	-249.5793	60.33853	3.517598	3.106335
7296	-184.5199	-248.9363	64.41635	2.684409	0.8150343
7302	-180.7467	-240.7584	60.01162	1.849976	4.261714
7308	-179.8624	-244.6637	64.80138	2.423821	0.5979626
7314	-178.399	-243.1804	64.78145	2.458142	0.5370496
7320	-181.7572	-246.2305	64.47332	2.741754	0.392383
7326	-182.0819	-246.7842	64.70222	2.4445	0.7514275
7332	-189.8636	-252.182	62.31844	3.121808	2.12427
7338	-190.189	-254.7401	64.55114	2.219739	1.153743
7344	-190.0848	-253.9236	63.83877	2.865237	1.211678
7350	-188.6819	-250.2926	61.61064	3.31492	2.453698
7356	-193.0269	-254.0387	61.01178	3.504467	2.70758
7362	-187.6941	-251.637	63.94287	3.249168	0.6755201
7368	-188.8721	-253.2783	64.4062	2.147245	1.335672
7374	-183.6214	-246.5255	62.90409	2.914083	1.872131
7380	-185.1943	-247.5736	62.37935	3.700666	1.69005
7386	-176.7372	-238.1734	61.43611	2.147111	3.268183
7392	-183.9076	-241.3331	57.42548	4.55704	4.193143
7398	-175.9706	-240.1969	64.22626	2.586757	1.116079
7404	-180.5744	-245.0172	64.4428	2.527943	0.9639476
7410	-177.3697	-241.6886	64.31891	2.536989	1.076655
7416	-175.622	-239.7636	64.14157	2.714336	1.076655
7422	-174.8833	-236.7456	61.8623	1.558034	3.364089
7428	-178.9811	-240.6864	61.70535	1.731376	3.354459
7434	-175.9406	-239.6466	63.70598	2.947751	1.25397
7440	-185.4228	-246.8196	61.39686	0.7133909	4.120547
7446	-183.6753	-243.1237	59.44844	1.16681	4.960838
7452	-182.6746	-242.8604	60.18575	0.7948737	4.757194
7458	-182.8033	-242.925	60.12173	0.8588983	4.757194
7464	-183.9318	-244.0368	60.10507	1.163552	4.595956
7470	-175.6815	-237.0078	61.3263	0.9953842	3.99998
7476	-191.688	-250.6687	58.98078	0.4509906	5.614465
7482	-182.8916	-244.3765	61.4849	2.084073	3.276593
7488	-185.355	-246.1698	60.81474	2.876852	3.204097
7494	-178.5346	-241.3011	62.76649	1.804095	2.67421
7500	-176.4201	-240.8655	64.44541	2.124785	1.322244
7506	-183.7039	-247.6068	63.90292	2.786107	1.224385
7512	-179.2124	-241.0742	61.86183	3.252187	2.334586
7518	-175.0874	-238.1621	63.07469	2.456428	2.064581
7524	-173.7279	-236.5885	62.86057	2.245087	2.339905
7530	-170.8202	-235.6085	64.7883	2.185647	0.9606143
7536	-174.2769	-238.1952	63.91828	2.375811	1.534847
7542	-173.6801	-234.6185	60.93843	2.588686	3.301273
7548	-174.4839	-238.7606	64.27666	2.497942	1.150459
7554	-179.0978	-242.4337	63.33597	1.713721	2.375422
7560	-176.1019	-237.8943	61.79238	2.25763	2.990369
7566	-176.7964	-237.6351	60.83869	3.211326	2.990369
7572	-174.0953	-235.5515	61.45617	2.296223	3.168035
7578	-176.3806	-239.8826	63.502	2.370137	1.835178
7584	-176.5627	-241.0785	64.51582	2.407195	1.012266
7590	-176.6209	-241.1835	64.56267	2.31822	1.053104
7596	-177.1769	-241.076	63.89913	2.993737	1.04164
7602	-177.5358	-240.5214	62.98566	2.339052	2.199419
7608	-180.5889	-244.7112	64.12226	2.091165	1.594131
7614	-188.8214	-250.7446	61.92323	2.951327	2.485671
7620	-184.7287	-248.949	64.22026	3.021742	0.5100946
7626	-179.6518	-243.8701	64.2183	3.020787	0.4615096
7632	-179.6137	-243.5184	63.90475	2.460671	1.48149
7638	-179.8445	-244.7885	64.94403	2.031267	0.9591985
7644	-181.0692	-243.9605	62.8913	1.997539	2.476725
7650	-183.1561	-246.9031	63.74705	2.18198	1.795922
7656	-183.3305	-245.2573	61.92677	1.802944	3.181499
7662	-185.2518	-248.9037	63.65191	3.552764	0.6497865
7668	-187.9129	-251.4337	63.52083	3.685034	0.6471794
7674	-180.3265	-244.2911	63.96457	3.0513	0.9157226
7680	-183.8427	-248.1314	64.28879	2.860883	0.74699
7686	-192.5464	-256.7625	64.21609	2.837898	0.8724679
7692	-192.7524	-256.2058	63.45339	3.767477	0.6105282
7698	-182.8619	-246.6002	63.73833	3.127204	1.067635
7704	-178.9707	-242.9475	63.97686	2.675868	1.254804
7710	-175.5413	-239.2515	63.7102	3.358283	0.8552686
7716	-168.6215	-232.2119	63.59039	3.636197	0.5936463
7722	-160.3594	-224.1912	63.83182	3.399738	0.430523
7728	-170.5503	-234.2089	63.65858	2.827429	1.388944
7734	-166.1487	-230.5682	64.41954	2.794431	0.6284098
7740	-170.6715	-234.5174	63.84591	3.280519	0.7806494
7746	-166.4386	-231.1372	64.69861	2.420582	0.7905933
7752	-170.8767	-233.1809	62.30414	2.584042	2.477138
7758	-165.64	-228.7153	63.07533	3.275285	1.492643
7764	-172.7519	-234.5678	61.81596	5.42617	0.5061818
7770	-174.6885	-235.8081	61.11959	4.04626	2.301542
7776	-168.6818	-230.8469	62.16515	3.000705	2.301542
7782	-169.2693	-233.2896	64.02033	2.570334	1.305726
7788	-175.8784	-237.6074	61.72898	4.465851	1.607651
7794	-181.9534	-240.986	59.03257	8.087005	0.7900722
7800	-181.0701	-244.8586	63.78847	3.031561	1.109713
7806	-175.3195	-239.7237	64.4042	2.829813	0.5667527
7812	-175.0899	-239.5718	64.48191	2.249378	1.188289
7818	-176.5798	-239.6278	63.04808	3.602983	1.256184
7824	-182.8079	-245.218	62.41011	3.642608	1.709383
7830	-180.4891	-244.9056	64.41649	2.26387	1.231692
7836	-178.4118	-242.996	64.58415	2.202295	1.139945
7842	-175.5265	-238.9591	63.43252	2.411002	1.854807
7848	-182.0879	-244.7901	62.70223	4.362085	0.8602572
7854	-178.6293	-242.5197	63.89035	2.949922	1.091165
7860	-178.0487	-242.2312	64.18251	2.086791	1.55318
7866	-180.0223	-244.4403	64.41797	2.032247	1.416751
7872	-181.5547	-245.0603	63.50559	2.289791	1.887657
7878	-187.968	-250.4838	62.51584	2.300641	2.521957
7884	-190.77	-253.3498	62.5798	3.662157	1.573283
7890	-187.1808	-248.6697	61.48893	2.715796	2.897184
7896	-189.0266	-252.7662	63.73956	3.112608	1.080135
7902	-186.3089	-250.2512	63.94233	3.273658	0.6234077
7908	-185.9007	-249.8539	63.95323	3.283293	0.4485815
7914	-188.0821	-252.3587	64.27657	2.806039	0.8380161
7920	-187.2578	-250.8566	63.59873	3.630801	0.5838772
7926	-187.4476	-250.8242	63.37661	3.794956	0.3348305
7932	-190.431	-251.5428	61.11182	3.624285	2.571961
7938	-186.1256	-250.1757	64.05007	3.128288	0.7005551
7944	-191.499	-255.3779	63.87892	2.054777	1.792684
7950	-193.0327	-257.6808	64.64814	2.566861	0.6258852
7956	-179.8131	-243.9871	64.17395	2.631614	1.122813
7962	-177.707	-242.129	64.42198	2.524029	0.9892839
7968	-179.2033	-243.7737	64.5704	2.080954	1.255943
7974	-182.268	-245.6158	63.34785	2.888879	1.577112
7980	-181.3689	-243.7876	62.41878	2.208054	2.639567
7986	-194.3442	-256.5623	62.21808	1.297567	3.308031
7992	-181.1009	-245.233	64.13211	3.108976	0.4766587
7998	-181.8741	-246.0513	64.17722	3.063286	0.5297784
8004	-183.6268	-247.8678	64.24104	1.886042	1.656488
8010	-180.1845	-244.6071	64.42254	2.577435	0.9330351
8016	-183.723	-247.0992	63.37614	2.519702	1.818859
8022	-185.3202	-245.8874	60.56723	6.57671	0.7555613
8028	-180.0676	-241.8614	61.79378	4.28697	1.689528
8034	-181.9115	-243.8417	61.93013	3.548511	2.099113
8040	-183.2063	-246.8589	63.65259	3.377446	0.2408315
8046	-180.8392	-243.3444	62.50527	4.546165	0.2511943
8052	-173.0684	-235.5009	62.43245	4.3428	0.1582448
8058	-173.3987	-236.3253	62.92658	3.848676	0.1582448
8064	-173.763	-237.3338	63.57079	3.536533	0.2831827
8070	-181.2588	-244.5141	63.25531	2.960346	1.592506
8076	-190.8064	-253.7689	62.96256	3.273969	1.57726
8082	-185.135	-249.3096	64.17465	2.788092	0.9722153
8088	-184.0538	-246.8182	62.76443	3.418308	1.616415
8094	-185.8753	-249.9745	64.09923	3.058529	0.7345548
8100	-181.6937	-242.7219	61.02825	4.270924	2.215928
8106	-185.5302	-248.2275	62.69722	2.12467	2.518577
8112	-179.4172	-243.7443	64.32707	2.724819	0.8749237
8118	-182.2627	-245.2991	63.03635	3.547975	1.310852
8124	-178.1059	-241.9633	63.85741	3.306218	0.3270634
8130	-183.3223	-247.8001	64.4778	2.761622	0.538222
8136	-194.697	-252.7213	58.02429	3.080286	4.68788
8142	-184.2429	-246.9756	62.73273	2.289484	2.392805
8148	-182.4093	-244.6123	62.20292	4.10542	1.524267
8154	-179.9277	-243.0368	63.10916	2.513865	2.00365
8160	-185.4545	-249.2509	63.79639	2.888747	1.227663
8166	-181.4518	-244.1436	62.69178	3.615136	1.525326
8172	-181.7478	-245.7144	63.9666	3.219099	0.3501983
8178	-184.9682	-248.4515	63.48338	3.239159	1.19583
8184	-185.1681	-249.1106	63.94256	3.100494	0.8851522
8190	-185.2306	-248.3713	63.14073	1.228202	2.797588
8196	-179.3119	-240.0991	60.78723	1.437534	4.055311
8202	-183.7706	-245.2454	61.47484	2.122197	3.260026
8208	-184.4918	-248.9907	64.49892	2.651209	0.746296
8214	-191.2532	-249.5746	58.32142	2.919607	4.611431
8220	-187.7579	-250.207	62.44905	1.41741	3.100176
8226	-187.5507	-249.8348	62.28407	2.775799	2.368971
8232	-184.2305	-247.5363	63.30578	2.052758	2.177494
8238	-184.6781	-246.9199	62.24182	2.666615	2.464445
8244	-191.3333	-255.6273	64.29392	2.677941	0.9627808
8250	-180.4131	-244.2674	63.85426	2.776599	1.272896
8256	-178.388	-242.7785	64.39049	2.240371	1.272896
8262	-182.4792	-246.4353	63.95616	2.14705	1.673543
8268	-180.8353	-245.2415	64.40614	2.811162	0.6200358
8274	-182.8063	-247.1264	64.3201	2.505184	1.104921
8280	-183.1117	-245.8612	62.74953	1.819507	2.675162
8286	-184.0248	-245.5024	61.47753	3.091508	2.675162
8292	-191.5704	-255.0652	63.49486	2.989755	1.390032
8298	-193.4145	-257.5233	64.10884	2.985567	0.8231906
8304	-187.1891	-250.9382	63.7491	3.392788	0.7585727
8310	-189.6124	-253.8735	64.26106	2.929207	0.6789039
8316	-198.6368	-262.1626	63.52575	1.982429	2.079699
8322	-199.1361	-262.4314	63.29539	3.910122	0.6479529
8328	-195.6888	-258.3572	62.66846	2.404422	2.360717
8334	-192.1063	-253.5462	61.43992	3.537173	2.421277
8340	-188.8841	-252.2481	63.364	2.426098	1.891244
8346	-191.6987	-254.1135	62.41479	3.933243	1.494582
8352	-195.5785	-259.9803	64.40182	2.419401	1.108629
8358	-199.8106	-262.2005	62.38989	4.837063	0.4176778
8364	-193.7507	-257.5991	63.84838	3.358617	0.3787902
8370	-192.6156	-256.0554	63.4398	3.79747	0.4519512
8376	-196.6226	-260.7739	64.15127	3.012747	0.7245972
8382	-194.8415	-259.477	64.63548	2.395651	0.8987213
8388	-191.2603	-253.8653	62.60499	2.395651	2.406428
8394	-188.7563	-253.0737	64.31743	2.241609	1.3312
8400	-185.3634	-248.6113	63.24787	3.311164	1.3312
8406	-185.6886	-250.0807	64.39206	2.645064	0.8919388
8412	-189.1641	-252.5694	63.40525	3.29673	1.213401
8418	-191.0756	-255.0748	63.99915	2.921529	1.014572
8424	-197.0459	-260.5453	63.49943	3.633156	0.7719929
8430	-198.4271	-259.6003	61.17323	4.416937	2.025501
8436	-190.9119	-255.2414	64.32957	2.701435	0.898867
8442	-198.3663	-260.1043	61.73796	3.075901	2.52359
8448	-196.1116	-259.1335	63.02187	3.753632	1.14966
8454	-195.3246	-256.2938	60.9692	3.303271	2.856187
8460	-199.7088	-263.0813	63.37252	3.777693	0.7461683
8466	-200.3784	-261.3906	61.0122	3.968279	2.419143
8472	-199.428	-262.0419	62.61388	2.374113	2.414407
8478	-202.4499	-263.5548	61.10498	3.800919	2.466033
8484	-188.6183	-252.2549	63.63661	2.409596	1.713987
8490	-193.2095	-254.458	61.24849	2.705931	3.047654
8496	-195.2836	-258.0039	62.72036	2.804551	2.068678
8502	-186.5834	-249.8941	63.31068	2.675185	1.756366
8508	-198.082	-262.2797	64.19771	2.635707	1.097477
8514	-195.0367	-259.5116	64.47485	2.276489	1.170885
8520	-195.2298	-256.8006	61.57079	3.633578	2.276903
8526	-187.2379	-251.3316	64.09364	3.144779	0.5448124
8532	-186.0158	-249.8645	63.84871	3.079338	1.007282
8538	-185.3811	-247.6011	62.21998	4.379775	1.298346
8544	-186.6124	-248.4446	61.83223	4.895034	1.191762
8550	-184.3129	-248.6211	64.30812	2.64518	0.9818845
8556	-181.3018	-245.8735	64.5717	2.535134	0.8071198
8562	-188.7166	-253.2159	64.49933	1.741266	1.574281
8568	-183.1748	-247.5056	64.33073	2.904732	0.5603619
8574	-182.5613	-246.8345	64.27323	2.904732	0.7012601
8580	-175.1584	-239.7984	64.63997	2.537989	0.7012601
8586	-180.4806	-244.7136	64.23297	2.99666	0.5835433
8592	-184.3333	-248.315	63.98165	2.858855	1.090953
8598	-191.153	-251.3616	60.20859	5.002475	2.272611
8604	-185.008	-249.1488	64.14083	2.991085	0.7729493
8610	-185.1756	-249.5327	64.35714	2.842658	0.6600872
8616	-186.0407	-249.029	62.98833	3.697421	1.22715
8622	-192.2623	-255.3738	63.11157	3.963549	0.2637581
8628	-189.2171	-250.3323	61.11523	5.019444	0.0698842
8634	-188.3601	-251.0153	62.65518	4.189183	0.1755323
8640	-191.1922	-252.9475	61.75529	4.902025	0.1339778
8646	-189.338	-251.3143	61.97626	4.906064	0.186291
8652	-189.4322	-252.846	63.41374	3.745102	0.322626
8658	-190.4181	-253.4246	63.00643	3.39372	1.455157
8664	-188.8191	-249.2104	60.39134	6.008815	1.455157
8670	-182.8083	-246.3199	63.5116	2.896037	1.449451
8676	-188.9901	-249.9111	60.92095	5.329973	1.566702
8682	-181.5258	-245.3433	63.81746	3.221232	0.8901514
8688	-179.5083	-243.5568	64.0485	3.187048	0.559931
8694	-174.2897	-236.7114	62.42172	2.178471	2.655988
8700	-175.9462	-238.5277	62.58151	2.018684	2.655988
8706	-181.1557	-241.5933	60.43755	4.547965	2.415973
8712	-173.8184	-236.013	62.19464	4.412938	0.1252777
8718	-175.9373	-238.2914	62.35408	4.412938	0.156354
8724	-178.9644	-242.4993	63.53487	3.338561	0.1836794
8730	-171.3539	-235.3601	64.00617	3.075484	0.8391989
8736	-175.5686	-238.4139	62.84531	1.880228	2.578514
8742	-175.9455	-238.6883	62.7428	2.053705	2.534406
8748	-176.3175	-239.7605	63.44299	2.673357	1.664164
8754	-176.8459	-241.0483	64.20235	2.346506	1.339339
8760	-177.9168	-241.2895	63.37268	2.761428	1.651451
8766	-173.7884	-237.5002	63.71182	2.600852	1.521041
8772	-173.9887	-237.6576	63.66892	3.318279	0.9466814
8778	-174.3945	-238.843	64.44845	2.519416	0.9669288
8784	-184.6974	-248.6953	63.99797	2.730585	1.190653
8790	-184.4757	-247.8809	63.40513	3.799306	0.6502989
8796	-184.1253	-246.8273	62.70194	4.416025	0.290337
8802	-173.8785	-237.7241	63.84563	3.395811	0.5198591
8808	-171.0388	-234.9128	63.87399	3.15295	0.9034277
8814	-172.8695	-236.328	63.45847	1.938985	2.152195
8820	-170.8182	-232.7154	61.89728	2.675832	2.672657
8826	-174.0635	-235.2076	61.14408	3.429038	2.672657
8832	-173.6836	-238.2575	64.57388	2.622489	0.6670524
8838	-174.7134	-239.0187	64.3053	2.569898	1.058512
8844	-173.6507	-238.3822	64.73153	2.228661	0.9748385
8850	-177.5207	-241.9379	64.41721	2.797074	0.3909655
8856	-183.6282	-247.6982	64.06998	3.172214	0.5024417
8862	-178.5707	-241.6831	63.1124	2.292524	2.147327
8868	-178.0676	-243.0861	65.01857	2.114457	0.7713762
8874	-179.8717	-243.8357	63.96404	2.658335	1.27987
8880	-176.3106	-240.1388	63.82812	2.616112	1.421372
8886	-173.0953	-235.4565	62.36119	1.78612	2.931839
8892	-176.3988	-240.2632	63.86438	1.718374	2.030421
8898	-178.4095	-240.9124	62.5029	1.723194	2.884267
8904	-183.033	-246.7917	63.75873	2.804284	1.328011
8910	-186.649	-248.8387	62.18977	1.557347	3.17117
8916	-183.8925	-246.0823	62.18977	1.557347	3.17117
8922	-184.5403	-249.0015	64.46114	2.378155	1.092065
8928	-187.4588	-248.3846	60.92581	4.72322	1.986298
8934	-187.0703	-251.2721	64.20175	2.212061	1.444732
8940	-182.4845	-246.6752	64.19067	2.281645	1.399621
8946	-182.0092	-246.1305	64.12128	3.11799	0.5393389
8952	-185.6538	-248.8653	63.21153	3.455438	1.24293
8958	-182.9166	-247.2902	64.37362	2.853189	0.5929449
8964	-179.503	-243.5827	64.07969	2.328777	1.448818
8970	-184.1876	-248.3762	64.18862	1.751981	1.787899
8976	-185.0032	-248.8684	63.86521	1.569775	2.127704
8982	-185.0217	-249.2193	64.19767	1.726776	1.7991
8988	-182.9401	-247.2693	64.32922	2.768422	0.8190581
8994	-181.6237	-246.0451	64.42147	2.711993	0.3015744
9000	-181.0857	-244.8427	63.75705	2.296955	1.708477
9006	-179.6171	-241.8761	62.25895	3.613974	1.83464
9012	-177.5263	-241.0784	63.55215	2.572981	1.657883
9018	-179.9336	-243.6352	63.70158	2.691569	1.460491
9024	-182.4043	-243.7759	61.37167	2.31337	3.207975
9030	-185.6661	-245.8918	60.22577	1.693796	4.22886
9036	-186.5264	-249.204	62.67769	2.457824	2.320895
9042	-184.9596	-248.7255	63.76592	3.113756	1.054256
9048	-181.0103	-245.2062	64.19589	2.290463	1.388677
9054	-191.9255	-255.1449	63.2194	3.707596	1.00832
9060	-189.8964	-252.9054	63.00905	3.917952	1.00832
9066	-189.8527	-253.9783	64.12559	3.099459	0.4130082
9072	-188.2217	-252.419	64.19734	2.98069	0.3415883
9078	-188.6944	-252.9247	64.23023	2.98069	0.38512
9084	-194.1482	-258.0217	63.87347	3.233813	0.8065306
9090	-188.7837	-253.6226	64.83895	2.400046	0.5411262
9096	-193.1553	-256.7602	63.60491	2.893545	1.379205
9102	-198.5395	-259.831	61.29144	5.071574	1.48331
9108	-190.76	-254.9334	64.17344	3.068422	0.4869741
9114	-192.6139	-255.1476	62.53371	3.420656	1.778333
9120	-186.8781	-251.5245	64.64639	2.533078	0.6986146
9126	-182.4693	-246.1678	63.69848	2.706558	1.451436
9132	-183.056	-247.5915	64.53547	2.706558	0.4906511
9138	-185.4433	-248.6013	63.15791	1.477784	2.634099
9144	-179.1401	-243.7029	64.56288	1.556198	1.662216
9150	-178.0115	-243.1956	65.18415	1.779019	0.9717822
9156	-170.683	-234.1789	63.49598	2.896294	1.461156
9162	-168.5935	-231.4471	62.85364	1.927974	2.543675
9168	-174.5253	-234.8786	60.35332	3.802434	2.926746
9174	-173.0103	-237.2364	64.22609	2.075879	1.529
9180	-180.8032	-244.1909	63.38769	1.825084	2.271515
9186	-182.0497	-245.0249	62.97517	2.237601	2.271515
9192	-177.629	-240.0077	62.37866	2.800362	2.293121
9198	-177.8387	-240.7519	62.91326	1.409261	2.825813
9204	-173.793	-237.5419	63.74894	1.704389	2.115708
9210	-178.8218	-242.0583	63.23654	3.836545	0.8497
9216	-184.209	-248.5407	64.3317	2.369229	1.214297
9222	-189.6476	-253.0471	63.39941	3.662284	0.863379
9228	-185.1889	-248.82	63.63107	3.41803	0.878176
9234	-188.3147	-247.3745	59.05983	4.772286	3.120635
9240	-183.325	-245.4563	62.13135	4.549616	1.231183
9246	-185.6969	-249.6191	63.92218	2.34024	1.55825
9252	-191.5516	-252.7063	61.15467	2.87639	3.001744
9258	-198.7054	-263.1265	64.4211	2.193141	1.286532
9264	-192.9524	-255.1932	62.24075	2.156885	2.780103
9270	-190.4089	-253.3342	62.92529	1.972894	2.470872
9276	-189.965	-253.6555	63.69052	3.283331	0.9607157
9282	-193.9688	-257.6555	63.68673	3.504554	0.6769696
9288	-189.1622	-253.2756	64.1134	3.077888	0.6769696
9294	-185.892	-250.1645	64.27254	2.625724	1.036444
9300	-184.2887	-248.2082	63.91948	2.625724	1.342251
9306	-183.9532	-247.9877	64.03443	3.052138	0.8330823
9312	-188.4686	-252.9451	64.47651	2.678643	0.7386056
9318	-183.6015	-247.434	63.83242	2.149493	1.75913
9324	-188.5946	-250.2683	61.67369	3.039758	2.586013
9330	-189.3914	-251.6344	62.24307	4.292631	1.349806
9336	-189.6188	-253.2533	63.63456	2.474833	1.669133
9342	-190.4286	-253.2422	62.81351	2.298341	2.335966
9348	-185.9746	-249.7712	63.79661	3.352394	0.7480007
9354	-184.2073	-247.7006	63.49333	3.655676	0.7480007
9360	-178.6307	-242.3076	63.67691	2.46342	1.646988
9366	-177.3946	-241.2265	63.83196	2.308366	1.646988
9372	-179.3364	-243.8503	64.51391	2.563369	0.8445787
9378	-175.1081	-239.7849	64.6768	2.409629	0.8332538
9384	-183.8498	-246.3864	62.5366	4.279914	1.112912
9390	-188.1506	-251.8337	63.68312	3.46338	0.7517577
9396	-184.9835	-247.5811	62.59755	4.064385	1.247136
9402	-187.2356	-250.8442	63.60864	3.545834	0.7396607
9408	-191.0747	-254.0121	62.93746	4.302199	0.4651517
9414	-190.559	-252.5789	62.01986	5.14021	0.3237482
9420	-190.0772	-252.303	62.22581	4.934264	0.3237482
9426	-191.1691	-253.7904	62.6213	4.538773	0.3237482
9432	-191.5997	-255.5902	63.99049	3.251599	0.4924683
9438	-189.289	-252.9166	63.62762	3.432615	0.8651168
9444	-183.9325	-247.2335	63.30093	2.66091	1.773132
9450	-178.9209	-242.1549	63.23395	2.727884	1.773132
9456	-177.7368	-242.6153	64.87846	2.087428	0.9689771
9462	-181.6086	-242.6223	61.01368	2.622954	3.236625
9468	-177.001	-239.4039	62.40285	2.433298	2.50968
9474	-181.8367	-245.8782	64.04147	2.269721	1.522143
9480	-184.4459	-249.1941	64.74817	2.494008	0.4959888
9486	-184.3388	-249.0212	64.68244	2.494008	0.3398957
9492	-179.3466	-242.9039	63.55732	2.332465	1.823037
9498	-169.095	-233.2386	64.14359	2.301403	1.42079
9504	-174.9407	-238.6414	63.70075	2.292263	1.751371
9510	-174.6068	-237.6362	63.02937	1.380316	2.772754
9516	-177.1762	-239.756	62.5798	1.667268	2.871573
9522	-180.8386	-243.1269	62.28832	2.875969	2.302537
9528	-172.1787	-235.3855	63.20679	2.512658	1.939051
9534	-173.3594	-237.0481	63.68868	2.834491	1.359737
9540	-174.1377	-237.6842	63.54651	3.113717	1.248556
9546	-175.1753	-239.253	64.07769	2.787704	1.067765
9552	-174.0617	-238.1474	64.08568	2.779709	1.067765
9558	-168.5391	-232.8488	64.30978	2.215763	1.357865
9564	-168.1924	-230.9621	62.76972	1.732441	2.716215
9570	-173.0442	-236.6609	63.61672	3.513832	0.7748757
9576	-174.0609	-238.418	64.35707	2.51506	1.061413
9582	-178.6225	-239.8068	61.1843	4.828048	1.737821
9588	-170.5607	-234.5284	63.96769	2.801489	1.155243
9594	-166.9909	-230.8232	63.83227	2.936909	1.155243
9600	-167.5213	-231.1374	63.61605	2.347668	1.771822
9606	-175.1732	-238.8431	63.66988	3.356107	0.9044919
9612	-181.3487	-245.7263	64.37761	2.719884	0.8192454
9618	-180.5691	-243.6971	63.128	4.041242	0.7160612
9624	-174.1953	-238.499	64.30368	2.75614	0.8656015
9630	-173.4069	-237.2987	63.89182	3.069939	0.9732305
9636	-168.9788	-232.8373	63.85852	2.805954	1.245017
9642	-162.3297	-226.7953	64.46555	2.464222	1.005569
9648	-166.7628	-229.7648	63.00201	3.867754	1.063646
9654	-168.3108	-231.1629	62.85203	2.216246	2.363638
9660	-173.5874	-236.8734	63.28603	2.677347	1.772059
9666	-164.91	-229.4023	64.49227	2.526157	0.9128956
9672	-166.1968	-230.2924	64.09561	2.839531	1.000213
9678	-163.6521	-226.9578	63.30573	1.82618	2.323197
9684	-165.8235	-229.5076	63.68413	2.631602	1.518759
9690	-166.4641	-231.0176	64.55348	2.666594	0.6126948
9696	-173.21	-235.9732	62.76319	3.15733	1.801818
9702	-172.3589	-236.2112	63.85222	3.181008	0.8963493
9708	-171.5023	-232.9777	61.47536	2.725512	2.899513
9714	-167.1539	-231.0191	63.86523	2.031414	1.818306
9720	-173.5842	-236.0317	62.44756	2.574902	2.392649
9726	-172.7211	-235.9324	63.2113	1.872723	2.353647
9732	-174.7996	-238.8206	64.02101	2.342118	1.483223
9738	-176.1123	-239.6786	63.56626	3.670304	0.555031
9744	-177.214	-238.4603	61.24622	3.639808	2.478487
9750	-167.6053	-231.0233	63.41798	2.426278	1.854301
9756	-175.1101	-234.8538	59.74365	4.165674	3.074601
9762	-171.6118	-233.6226	62.01086	4.30012	1.522295
9768	-168.4789	-232.0659	63.58702	2.835953	1.437723
9774	-177.3696	-240.7808	63.41118	2.013754	2.134274
9780	-178.0632	-241.5309	63.46766	2.52616	1.750806
9786	-174.7999	-238.785	63.98509	2.008731	1.750806
9792	-166.4857	-231.0548	64.56903	2.503929	0.8498485
9798	-164.535	-228.4319	63.89695	3.344628	0.4824447
9804	-164.8972	-228.6921	63.79487	3.344628	0.7620729
9810	-167.7027	-232.0931	64.39033	2.724983	0.7958402
9816	-174.5263	-238.5675	64.04112	2.117522	1.633814
9822	-178.4984	-241.7313	63.23297	2.181508	2.141098
9828	-178.7144	-242.9165	64.20217	2.299056	1.377032
9834	-170.4443	-234.1909	63.7466	2.554103	1.529943
9840	-175.4655	-239.891	64.42548	2.813692	0.4620413
9846	-182.2031	-245.5312	63.32806	3.17148	1.378354
9852	-176.3828	-239.9259	63.54318	3.477466	0.9104424
9858	-181.2485	-245.1598	63.91129	2.639061	1.338147
9864	-178.5418	-242.8278	64.28591	2.954232	0.5327937
9870	-175.5913	-239.9784	64.38708	2.853072	0.5327937
9876	-175.9512	-239.2381	63.28699	2.538918	1.866847
9882	-176.0063	-239.5656	63.55931	2.634197	1.608611
9888	-176.618	-240.5926	63.97454	1.987883	1.772728
9894	-176.6481	-241.1984	64.55036	2.309948	1.072541
9900	-178.7554	-242.9817	64.22627	1.957365	1.615762
9906	-184.2429	-245.1494	60.90654	3.069307	3.034831
9912	-186.052	-250.023	63.97098	2.829084	1.127762
9918	-183.1429	-246.6255	63.48259	2.717388	1.603911
9924	-175.8418	-239.8185	63.97672	2.333919	1.522551
9930	-177.3526	-241.1509	63.79825	2.154052	1.77977
9936	-183.5858	-243.2023	59.61646	6.786638	1.452911
9942	-178.8526	-243.08	64.22734	2.175757	1.452911
9948	-178.4934	-242.6316	64.13814	2.264962	1.452911
9954	-176.061	-240.2884	64.2274	2.264962	1.383977
9960	-170.8863	-234.1856	63.29927	3.172058	1.400385
9966	-166.211	-230.1056	63.89462	2.857531	1.170178
9972	-171.7235	-234.5843	62.86076	2.644997	2.081296
9978	-175.1649	-239.4812	64.31629	2.826	0.7579934
9984	-177.1877	-239.1521	61.96443	1.571442	3.296116
9990	-174.8311	-235.9014	61.07025	1.175506	4.043336
9996	-177.6484	-237.4526	59.80425	1.511004	4.569783
10002	-179.8897	-244.5396	64.64993	1.652595	1.52859
10008	-172.8215	-234.1547	61.33318	1.614886	3.639577
10014	-173.261	-237.9167	64.65575	1.828314	1.390466
10020	-174.834	-239.9497	65.11572	2.090325	0.6467784
10026	-179.3065	-243.3518	64.0453	2.921117	0.9684283
10032	-177.2301	-242.3239	65.09373	2.073327	0.7196673
10038	-173.894	-237.553	63.65905	2.548008	1.598764
10044	-176.5502	-241.77	65.21983	2.004789	0.5997233
10050	-174.6545	-239.3673	64.71275	2.331515	0.8837642
10056	-181.4676	-243.8845	62.41698	3.328803	1.921286
10062	-177.1867	-239.8056	62.61899	4.000665	1.282098
10068	-179.5469	-243.8678	64.32088	2.662967	0.9502295
10074	-177.6727	-242.4952	64.8225	2.411424	0.5671516
10080	-176.7189	-241.8828	65.16381	1.993218	0.7356894
10086	-181.9793	-244.6211	62.64181	2.713543	2.179561
10092	-182.9437	-245.6423	62.69853	2.713543	2.142668
10098	-179.3343	-244.0129	64.67859	1.894209	1.320151
10104	-188.3912	-251.2762	62.88498	2.580623	2.107665
10110	-183.3104	-246.6428	63.33245	2.670682	1.744282
10116	-182.0515	-246.2076	64.15612	2.646888	1.125119
10122	-183.6635	-248.4785	64.81496	2.255839	0.8524632
10128	-185.4343	-248.4711	63.03672	3.395953	1.43027
10134	-186.5051	-250.916	64.41088	1.599103	1.73948
10140	-193.4118	-256.3352	62.92344	3.50182	1.435964
10146	-189.5444	-252.5773	63.03291	2.824269	1.84545
10152	-188.8436	-252.0458	63.20217	2.119521	2.201374
10158	-187.4671	-250.7159	63.24876	2.442244	1.958182
10164	-189.1172	-252.1294	63.0122	2.117408	2.324664
10170	-176.65	-240.2024	63.55245	3.589759	0.7581121
10176	-173.9001	-238.4844	64.58424	2.557962	0.7581121
10182	-172.7642	-237.2132	64.44902	2.627985	0.8449106
10188	-168.959	-233.509	64.55001	2.648653	0.6624134
10194	-172.5989	-237.0516	64.45264	2.603649	0.869772
10200	-176.1961	-240.2033	64.00714	3.049145	0.869772
10206	-183.1132	-246.6581	63.54492	3.049145	1.302964
10212	-178.6181	-242.8666	64.2485	2.318477	1.324832
10218	-181.3044	-243.8344	62.52999	1.641982	2.916963
10224	-187.0446	-251.3494	64.3048	2.528536	1.097551
10230	-180.7573	-243.823	63.06569	2.004908	2.362171
10236	-186.207	-249.4662	63.25916	3.469216	1.190802
10242	-183.5352	-246.0628	62.52758	2.13244	2.619078
10248	-185.6779	-249.2532	63.57527	2.963382	1.347467
10254	-184.7602	-248.2792	63.51904	3.315874	1.096102
10260	-181.929	-245.5737	63.64468	3.580797	0.5971313
10266	-182.8559	-246.2921	63.4362	3.677696	0.797753
10272	-186.3136	-249.7114	63.39776	3.290777	1.224797
10278	-180.0011	-243.915	63.91392	2.532895	1.41938
10284	-181.5733	-244.5917	63.01841	3.330626	1.49383
10290	-177.953	-241.3214	63.36835	2.980692	1.49383
10296	-175.9799	-240.131	64.15105	2.08984	1.574064
10302	-178.6371	-243.2763	64.63923	2.164399	1.124557
10308	-173.0464	-236.9378	63.89139	2.531041	1.438139
10314	-179.9474	-243.9647	64.01727	2.405156	1.438139
10320	-182.6507	-245.813	63.16232	1.868357	2.387451
10326	-174.5578	-238.4079	63.8501	2.60325	1.414328
10332	-180.4875	-242.7414	62.25387	4.069073	1.513375
10338	-186.6618	-249.7785	63.11669	1.901842	2.395131
10344	-195.0923	-257.8766	62.78437	2.372356	2.307367
10350	-192.1263	-256.536	64.40961	2.3658	1.149738
10356	-196.1679	-260.6362	64.46826	2.340219	1.120186
10362	-192.8056	-257.254	64.4484	2.786161	0.5643962
10368	-193.6909	-257.8472	64.1563	2.745416	1.033104
10374	-194.4418	-257.5037	63.06187	4.17674	0.5435998
10380	-186.4577	-250.3847	63.92704	3.314197	0.522328
10386	-189.7148	-253.3266	63.61182	3.62898	0.4739459
10392	-188.3054	-252.8597	64.55427	2.516664	0.852302
10398	-184.6841	-248.9739	64.28989	2.781049	0.852302
10404	-192.5487	-254.8408	62.29206	4.882125	0.3375238
10410	-194.6143	-258.8378	64.22349	2.99771	0.6096164
10416	-194.8543	-257.5705	62.71617	3.809883	1.357455
10422	-190.1661	-250.8238	60.65774	4.06672	2.579181
10428	-186.2543	-248.1278	61.87356	3.067358	2.444045
10434	-188.5145	-246.5509	58.03643	1.599566	5.502259
10440	-182.7748	-245.6467	62.8719	1.766323	2.632541
10446	-177.1038	-241.4683	64.3645	2.61705	0.952646
10452	-180.5289	-244.8037	64.27479	2.629953	1.030165
10458	-185.834	-249.5377	63.70369	3.338808	0.8857952
10464	-187.3859	-251.1671	63.78123	2.45089	1.580485
10470	-189.3138	-251.1575	61.84364	2.161582	3.017236
10476	-185.5549	-249.8099	64.25498	2.982833	0.5483592
10482	-189.548	-252.1601	62.61211	4.563501	0.7053241
10488	-193.4327	-255.8695	62.43685	4.110774	1.340321
10494	-188.4674	-251.369	62.90157	3.846174	1.174023
10500	-188.7686	-251.0059	62.2373	3.213856	2.117128
10506	-184.4422	-246.6868	62.24461	3.712356	1.776526
10512	-186.3681	-247.4658	61.09775	3.394852	2.722071
10518	-188.9796	-247.3434	58.36379	2.03292	5.082196
10524	-191.4927	-254.4585	62.96575	4.27554	0.521671
10530	-190.1587	-253.7303	63.57157	3.670635	0.5006666
10536	-189.0844	-252.7297	63.64533	3.531474	0.7032625
10542	-182.8018	-247.1063	64.30451	2.844169	0.7484814
10548	-183.6327	-245.1134	61.48073	2.995661	2.731996
10554	-178.6397	-243.3434	64.7037	2.42383	0.7791083
10560	-178.1286	-241.6259	63.4973	2.110633	2.013699
10566	-181.057	-244.5355	63.47845	2.427958	1.811569
10572	-173.2865	-238.159	64.87246	2.097467	0.9647944
10578	-180.6448	-244.3131	63.66829	2.16473	1.861987
10584	-180.7467	-243.4761	62.7294	3.215239	1.785094
10590	-176.9103	-240.7606	63.85037	3.215239	0.8587162
10596	-179.351	-242.8643	63.5133	3.546924	0.8651235
10602	-176.8537	-241.1911	64.33741	2.722817	0.8651235
10608	-172.1834	-236.4211	64.23768	2.85781	0.8218054
10614	-174.5894	-238.2064	63.61703	3.534381	0.7443555
10620	-175.6209	-238.7582	63.1373	3.84413	0.952769
10626	-177.98	-240.814	62.83403	4.28456	0.2907662
10632	-178.8979	-243.1348	64.23689	2.975454	0.6323456
10638	-177.2293	-240.7449	63.51557	3.726199	0.5149628
10644	-178.6754	-242.6896	64.01424	2.796732	1.117935
10650	-179.6485	-243.4849	63.83635	3.3498	0.6866093
10656	-175.8461	-239.9005	64.05439	2.37846	1.43014
10662	-170.088	-233.4158	63.32783	2.206017	2.062781
10668	-174.5156	-238.1117	63.59615	1.935046	2.064532
10674	-179.1984	-241.8914	62.69294	2.284415	2.421112
10680	-186.1446	-250.3818	64.23718	2.94979	0.6850814
10686	-178.2743	-241.5143	63.23993	1.979979	2.266939
10692	-175.5605	-240.0251	64.46457	2.459153	1.011562
10698	-183.0647	-247.2993	64.23461	2.439719	1.236761
10704	-182.3457	-243.2741	60.92835	2.293425	3.480356
10710	-186.276	-249.8436	63.56765	3.511657	0.8420939
10716	-188.9206	-251.9713	63.05065	4.110686	0.7288994
10722	-185.9426	-250.287	64.3444	2.881855	0.5947176
10728	-187.3267	-249.7225	62.39576	3.811678	1.598484
10734	-182.72	-246.3062	63.58619	3.578791	0.7230385
10740	-189.531	-251.5258	61.99476	3.439062	2.12847
10746	-189.401	-252.2977	62.89667	3.193967	1.682501
10752	-193.6843	-252.8269	59.14253	6.083389	2.263083
10758	-179.9988	-244.0512	64.05244	3.05324	0.8086339
10764	-181.0499	-240.9654	59.91553	2.179758	4.129057
10770	-172.6632	-235.1843	62.52111	1.659716	2.911622
10776	-180.2164	-244.1075	63.89108	3.129223	0.9108252
10782	-186.426	-250.18	63.75402	3.354023	0.8055315
10788	-188.7895	-249.0477	60.25819	2.941989	3.492966
10794	-180.3385	-242.3908	62.05237	4.985318	0.8912958
10800	-176.0411	-240.4431	64.40194	2.17166	1.319504
10806	-175.4721	-239.6526	64.18049	3.037748	0.3983543
10812	-179.4828	-243.695	64.21226	3.003026	0.6251641
10818	-177.9221	-242.1498	64.22762	3.003026	0.5799217
10824	-176.8927	-241.1194	64.22673	3.003026	0.4251944
10830	-179.0285	-243.2553	64.22673	3.003026	0.4251944
10836	-179.0571	-241.5622	62.50513	4.333892	1.092315
10842	-180.668	-244.2899	63.6219	3.483359	0.2818401
10848	-187.9076	-251.6414	63.7338	3.441776	0.3389776
10854	-184.2616	-248.2609	63.99931	3.234522	0.4380375
10860	-187.2301	-251.148	63.91785	3.286327	0.3744855
10866	-184.5396	-248.9217	64.38202	2.754466	0.7664323
10872	-186.8976	-251.2791	64.38146	2.847959	0.5842721
10878	-185.5491	-249.6972	64.14817	3.081253	0.5842721
10884	-191.8808	-255.623	63.74215	2.8766	1.282843
10890	-195.0991	-259.1658	64.06661	3.090294	0.7358774
10896	-190.9975	-254.8642	63.86678	3.305118	0.7116226
10902	-185.1177	-249.279	64.16127	3.010636	0.7116226
10908	-186.5398	-246.0272	59.48738	7.680566	0.7181958
10914	-183.8672	-244.5454	60.67816	5.605899	1.542277
10920	-186.3926	-248.3068	61.9142	2.734423	2.626121
10926	-184.8614	-247.0514	62.18996	3.163931	2.180511
10932	-194.3162	-258.3585	64.04226	3.198913	0.5231412
10938	-196.0824	-257.2459	61.16348	3.598644	2.555795
10944	-191.2822	-251.5306	60.24842	3.366986	3.249175
10950	-182.7861	-246.4468	63.6607	3.094948	1.167129
10956	-182.6681	-247.4197	64.75157	2.448588	0.6593327
10962	-183.8368	-248.149	64.31218	2.928029	0.5322952
10968	-183.9074	-246.8724	62.96499	4.023439	0.2228621
10974	-174.3741	-238.0407	63.66663	3.535372	0.3712953
10980	-170.9901	-234.388	63.39792	3.653491	0.2511801
10986	-171.9171	-234.9406	63.0235	4.17553	0.367094
10992	-170.4207	-233.9932	63.5725	3.478602	0.2510267
10998	-178.0075	-241.5082	63.50073	3.226028	1.192199
11004	-176.4058	-239.7969	63.39109	3.816278	0.6438371
11010	-179.3327	-242.9814	63.64874	2.381417	1.725301
11016	-179.1672	-240.5803	61.41307	5.191558	1.294379
11022	-176.5878	-237.8705	61.28263	5.694365	0.9574286
11028	-169.0692	-230.8781	61.80888	5.16811	0.9574286
11034	-171.3075	-232.642	61.33456	5.15168	1.388764
11040	-173.5221	-237.4508	63.9287	3.058655	0.9465139
11046	-174.4378	-237.8363	63.39854	3.842927	0.4809757
11052	-179.4635	-242.4539	62.99037	3.759049	1.172566
11058	-179.8757	-243.1541	63.27839	3.060728	1.501274
11064	-179.1783	-243.1462	63.96791	2.953654	1.013694
11070	-181.7647	-245.0893	63.32458	3.596988	1.013694
11076	-180.9175	-244.7817	63.86418	2.868036	1.187491
11082	-173.0135	-236.5873	63.57378	3.65006	0.6020509
11088	-167.6147	-230.8219	63.20724	2.734083	1.787394
11094	-172.6502	-236.5247	63.87446	3.216773	0.8272171
11100	-178.8025	-242.5048	63.70233	2.887384	1.306493
11106	-184.5596	-247.5442	62.98456	4.2374	0.4060231
11112	-185.3908	-249.3594	63.96858	3.272338	0.5258417
11118	-186.7041	-249.9436	63.23955	3.508244	1.173978
11124	-194.1935	-254.4236	60.23011	5.757999	1.754799
11130	-192.6701	-255.4773	62.80719	3.02243	1.864316
11136	-190.0635	-254.2476	64.18406	2.917599	0.8138665
11142	-187.531	-251.3388	63.80774	2.646525	1.413624
11148	-192.5333	-253.1596	60.62629	2.610915	3.471345
11154	-189.9499	-251.4096	61.45963	3.975335	2.12772
11160	-190.4774	-254.7007	64.22329	2.79751	0.9102752
11166	-197.9891	-261.5083	63.51917	3.710891	0.4260708
11172	-186.3578	-248.9945	62.63674	4.446999	0.8366079
11178	-179.4402	-243.0774	63.63717	3.573311	0.3844018
11184	-188.3985	-252.0846	63.68609	3.395117	0.839741
11190	-187.7651	-252.1453	64.38018	2.535709	1.019281
11196	-186.5538	-249.8889	63.33512	3.142911	1.395171
11202	-182.6557	-246.9885	64.33281	2.847195	0.6976795
11208	-187.7901	-251.7456	63.95549	3.238227	0.6722797
11214	-186.4808	-249.9572	63.47631	3.737022	0.3892606
11220	-183.3216	-246.5373	63.21573	3.997598	0.3892606
11226	-187.8133	-251.6162	63.80297	3.438455	0.4804741
11232	-179.9482	-244.1262	64.17797	3.063453	0.4804741
11238	-185.8723	-247.0922	61.21988	3.063453	2.849599
11244	-184.3549	-247.2156	62.8607	3.019106	1.82991
11250	-186.8648	-249.3622	62.4974	3.812949	1.522768
11256	-183.829	-247.7826	63.95357	3.220417	0.7080968
11262	-182.25	-245.0005	62.75052	2.716473	2.106755
11268	-189.4475	-252.3008	62.85324	3.3126	1.628623
11274	-189.1628	-252.3033	63.1405	3.355293	1.381291
11280	-187.3737	-250.745	63.37132	3.279552	1.256348
11286	-193.3238	-256.1667	62.84293	4.218981	0.8631222
11292	-186.7828	-248.221	61.43822	3.158335	2.658233
11298	-182.7301	-246.5116	63.78152	2.890258	1.238896
11304	-190.7396	-254.1163	63.37679	3.8242	0.3698441
11310	-196.7179	-258.0858	61.36791	5.254036	1.280223
11316	-187.2017	-248.9372	61.73553	5.254036	0.2233212
11322	-188.8772	-250.8965	62.01931	4.970258	0.2233212
11328	-182.2103	-245.0596	62.84925	4.315474	0.3281051
11334	-179.9269	-242.3495	62.42254	4.646239	0.2602698
11340	-177.4429	-241.0624	63.61946	2.352829	1.765847
11346	-173.6217	-237.6762	64.05455	3.09142	0.7525521
11352	-174.2745	-238.5343	64.25983	2.687941	0.9875023
11358	-174.7558	-239.3979	64.64217	2.305605	0.9875023
11364	-179.8338	-244.3976	64.56382	2.588081	0.7436084
11370	-175.1727	-237.6402	62.46749	3.260319	1.933419
11376	-164.4747	-229.2911	64.81633	2.180815	0.9360711
11382	-168.0372	-232.471	64.43387	2.780108	0.3904053
11388	-173.8568	-237.5241	63.66737	2.780108	1.418866
11394	-174.1026	-237.7729	63.67037	3.393866	0.8603521
11400	-174.4239	-238.1045	63.68056	3.30871	0.9444797
11406	-177.9285	-241.4142	63.48572	2.600469	1.685659
11412	-177.4981	-239.6203	62.12222	1.957899	2.972282
11418	-178.7402	-240.2806	61.54045	4.213095	1.916034
11424	-176.3353	-237.8315	61.49623	4.294217	1.891011
11430	-181.8931	-243.9913	62.09813	3.955252	1.708918
11436	-179.9815	-244.2479	64.26635	2.971991	0.5452437
11442	-187.0842	-250.9401	63.85592	3.206794	0.8621655
11448	-183.6226	-244.8566	61.23396	2.96738	2.89923
11454	-181.4947	-244.2014	62.70676	3.634479	1.499684
11460	-189.1262	-250.7873	61.66114	5.558872	0.401926
11466	-181.8021	-242.1489	60.34678	6.421579	0.1566601
11472	-183.482	-247.7632	64.28124	2.90271	0.348171
11478	-179.6315	-243.7007	64.06924	2.405319	1.397876
11484	-180.4669	-244.137	63.67005	3.510002	0.6975846
11490	-178.8572	-243.3441	64.48698	1.938075	1.436127
11496	-175.275	-239.0903	63.81535	2.908956	1.194305
11502	-179.3373	-243.1527	63.81535	2.908956	1.194305
11508	-186.3485	-249.6648	63.31634	3.234597	1.337676
11514	-193.5602	-256.0309	62.47065	4.08029	1.337676
11520	-186.0792	-250.2661	64.18686	2.250998	1.426282
11526	-188.9704	-252.6852	63.71478	2.932432	1.259383
11532	-184.9373	-248.5151	63.57783	3.06938	1.259383
11538	-185.0449	-249.442	64.39709	2.306225	1.212269
11544	-187.4811	-249.0348	61.55368	2.509927	2.982206
11550	-192.606	-255.9395	63.33348	3.828987	0.7270912
11556	-190.4247	-254.8933	64.46866	2.721159	0.6797632
11562	-188.6588	-252.1959	63.53707	3.273038	1.11871
11568	-194.5384	-257.889	63.35054	3.459574	1.11871
11574	-189.6768	-254.1086	64.43179	2.654285	0.8337023
11580	-181.7336	-244.9823	63.24871	3.733615	0.9518268
11586	-185.1528	-248.3586	63.20582	3.796796	0.9301854
11592	-188.0285	-251.3534	63.32488	3.807814	0.7718411
11598	-184.1797	-246.4895	62.30982	3.695469	1.74277
11604	-184.6942	-248.8968	64.20254	2.926355	0.7772014
11610	-184.6157	-244.9235	60.30778	1.521933	4.279774
11616	-185.3799	-249.1852	63.80533	2.812063	1.283954
11622	-182.7673	-246.1234	63.35603	3.383571	1.181099
11628	-180.8065	-243.1929	62.38635	2.984985	2.169186
11634	-184.9729	-246.0069	61.03395	2.951235	3.02924
11640	-183.1139	-245.6001	62.48628	4.203011	1.224161
11646	-180.0426	-242.9721	62.92952	3.301846	1.581032
11652	-184.3825	-247.9282	63.54571	3.215914	1.161892
11658	-174.059	-237.6202	63.56114	2.353031	1.806209
11664	-172.7789	-235.9471	63.16816	2.746002	1.806209
11670	-171.9272	-234.3934	62.46618	2.424843	2.475361
11676	-165.2023	-229.3948	64.19243	2.546449	1.181725
11682	-170.5176	-234.5326	64.015	2.723879	1.181725
11688	-171.8844	-235.8952	64.01082	2.728062	1.181725
11694	-180.4792	-243.1215	62.6423	2.350299	2.4115
11700	-180.4956	-244.1554	63.65984	2.383753	1.715831
11706	-180.1587	-242.4087	62.24996	1.719219	3.038821
11712	-172.5126	-236.228	63.71536	3.522435	0.5484541
11718	-178.48	-241.901	63.42097	2.945481	1.480716
11724	-177.9225	-241.5614	63.63896	2.727487	1.480716
11730	-176.8283	-240.4959	63.66756	2.768471	1.427691
11736	-177.9806	-241.1894	63.20877	3.949432	0.7338542
11742	-181.7002	-244.2096	62.50939	3.576114	1.686149
11748	-188.5859	-248.9975	60.41166	4.359428	2.550222
11754	-181.8611	-244.3341	62.473	3.442335	1.8054
11760	-182.9859	-244.2724	61.28652	3.469163	2.559799
11766	-178.5884	-240.5959	62.00747	4.758452	1.158113
11772	-180.2943	-242.0991	61.80481	4.909024	1.20329
11778	-182.6877	-245.9811	63.29335	3.133251	1.434935
11784	-186.8473	-247.0658	60.21849	5.979135	1.605617
11790	-186.7684	-250.041	63.27268	3.249165	1.360787
11796	-191.7979	-254.362	62.56413	3.37773	1.787021
11802	-193.2527	-256.8055	63.55285	2.915733	1.402526
11808	-185.9163	-248.6801	62.76379	3.221239	1.756953
11814	-188.3908	-251.2622	62.87137	3.360692	1.580528
11820	-186.5509	-249.2302	62.67921	2.73903	2.13864
11826	-183.9255	-246.4579	62.5323	3.646403	1.619333
11832	-174.6467	-239.0911	64.4444	2.126452	1.32172
11838	-175.6422	-239.0405	63.39828	3.838409	0.5544024
11844	-185.3025	-248.2544	62.95185	4.281912	0.4378145
11850	-183.6092	-246.8176	63.20834	3.431279	1.265671
11856	-178.8139	-242.6454	63.83147	3.322307	0.7407322
11862	-177.9044	-241.61	63.70559	1.595154	2.214912
11868	-178.4417	-239.134	60.69235	2.36682	3.575085
11874	-179.0886	-238.8347	59.74607	1.902278	4.382287
11880	-176.2138	-239.025	62.81126	2.174489	2.415825
11886	-178.8643	-243.2387	64.37444	2.029839	1.452017
11892	-176.4471	-241.0513	64.60423	1.800048	1.452017
11898	-172.7829	-236.8405	64.05765	3.025721	0.8370613
11904	-174.4981	-238.8601	64.36203	2.420162	1.143724
11910	-173.738	-238.1108	64.37276	2.009055	1.469095
11916	-180.0482	-242.6456	62.5974	3.784408	1.469095
11922	-177.5319	-239.714	62.18213	1.883341	2.981086
11928	-185.05	-249.1478	64.09778	1.832751	1.79488
11934	-176.1041	-239.4449	63.34075	3.074811	1.443399
11940	-175.5698	-239.0463	63.47643	3.525841	0.9305528
11946	-187.079	-247.0887	60.00971	3.637977	3.23009
11952	-177.3611	-239.4782	62.11705	1.530638	3.23009
11958	-182.2059	-244.6583	62.45233	1.966782	2.767007
11964	-174.4965	-238.3436	63.8471	2.053189	1.815792
11970	-174.3537	-238.304	63.95036	1.86769	1.872213
11976	-177.0061	-241.1972	64.19114	2.196219	1.464884
11982	-177.7849	-242.0681	64.28317	2.904385	0.6840018
11988	-174.5932	-237.3806	62.7874	2.78377	2.0381
11994	-179.3109	-243.3253	64.01444	2.798828	1.115849
12000	-183.6595	-247.5891	63.92963	3.245428	0.7062767
12006	-188.6929	-249.6464	60.95352	3.860625	2.52341
12012	-185.3714	-246.5909	61.2195	2.574763	3.14316
12018	-186.8344	-250.9076	64.07322	2.473082	1.341377
12024	-184.4726	-247.6113	63.13873	2.504187	1.990385
12030	-193.167	-254.6537	61.48667	4.887914	1.474567
12036	-186.6528	-250.0286	63.37579	3.819418	0.6693437
12042	-181.295	-245.0883	63.79331	3.360702	0.7403658
12048	-178.7602	-238.4405	59.6803	4.582665	2.861948
12054	-174.3885	-238.1016	63.71311	2.912671	1.277071
12060	-180.0786	-242.7093	62.6307	4.234667	1.067789
12066	-181.525	-241.794	60.26897	2.777339	3.582561
12072	-178.935	-242.251	63.316	1.726675	2.37986
12078	-175.1385	-238.6113	63.47282	3.726876	0.6602886
12084	-175.9205	-239.9812	64.06067	3.139032	0.6602886
12090	-173.5028	-237.0151	63.51238	3.007468	1.362367
12096	-173.1004	-236.3211	63.22063	3.16966	1.462664
12102	-182.6367	-241.2912	58.65458	2.959522	4.401615
12108	-176.8286	-239.449	62.62037	3.805308	1.435649
12114	-174.1367	-237.3275	63.19075	4.051011	0.4851638
12120	-177.3916	-241.3593	63.96771	2.743547	1.205496
12126	-176.849	-240.3322	63.48318	3.228071	1.205496
12132	-183.5632	-247.0946	63.53139	3.179865	1.205496
12138	-192.3404	-250.9715	58.63104	8.080209	1.205496
12144	-186.1479	-249.3531	63.20523	3.506023	1.205496
12150	-188.9088	-250.9654	62.05658	3.533582	2.025504
12156	-196.2636	-259.1364	62.87286	4.331147	0.374226
12162	-196.7481	-258.0992	61.35105	2.667428	3.009289
12168	-191.8542	-255.5642	63.71005	3.489989	0.6595798
12174	-187.4769	-251.2323	63.75541	3.457678	0.3888441
12180	-184.0194	-245.8299	61.81046	4.33343	1.644432
12186	-183.1053	-243.8852	60.77997	5.363917	1.644432
12192	-185.7717	-247.4436	61.67195	3.639668	2.207884
12198	-183.8766	-246.705	62.82834	3.706823	1.350236
12204	-182.6631	-245.9089	63.24585	3.475416	1.196918
12210	-185.8084	-249.0802	63.27183	3.451481	1.195165
12216	-185.3838	-247.5225	62.13867	3.458772	2.020675
12222	-187.8064	-251.9862	64.17978	2.857195	0.8921064
12228	-182.574	-245.8407	63.2667	3.395572	1.246856
12234	-181.5827	-241.7903	60.20764	3.395572	3.25638
12240	-175.7408	-239.9144	64.17356	3.03514	0.3814867
12246	-185.8561	-250.216	64.35996	2.800769	0.7298657
12252	-184.3444	-248.6987	64.35427	1.734958	1.683502
12258	-183.9898	-247.5174	63.52755	3.712673	0.4691566
12264	-181.8234	-245.5275	63.70404	3.477143	0.6955908
12270	-181.7454	-244.13	62.38461	4.466612	0.177403
12276	-174.7968	-238.4413	63.6445	3.542017	0.68592
12282	-181.597	-242.4298	60.83272	4.083529	2.459538
12288	-174.6237	-238.8924	64.26874	2.226464	1.381753
12294	-178.6739	-242.1448	63.47089	2.987607	1.410343
12300	-182.6349	-247.1283	64.49343	2.527719	0.9098892
12306	-181.5358	-245.8433	64.30754	2.762211	0.8537376
12312	-187.2724	-247.0791	59.80677	2.725946	3.879125
12318	-186.2501	-248.3401	62.09004	3.160325	2.247379
12324	-185.4734	-248.4827	63.00932	3.069083	1.69119
12330	-192.0806	-254.7735	62.6929	2.060094	2.56147
12336	-184.8484	-249.3399	64.49146	2.487189	0.9556955
12342	-186.1153	-250.4239	64.30852	2.331397	1.265424
12348	-187.2165	-251.156	63.93948	3.033125	0.9620106
12354	-181.5325	-242.4309	60.89847	5.524117	1.438015
12360	-178.6341	-241.9237	63.28955	3.824154	0.287419
12366	-178.9795	-240.3179	61.33846	4.384953	1.93638
12372	-181.3113	-245.1743	63.86298	3.375179	0.5463432
12378	-186.4478	-249.0913	62.64351	2.84872	2.090193
12384	-177.7355	-242.0751	64.33957	2.65582	0.937954
12390	-174.8841	-239.1054	64.22134	2.906022	0.7793447
12396	-182.9872	-243.6735	60.68631	5.812081	1.379257
12402	-180.398	-241.6337	61.23571	5.6229	1.074127
12408	-177.0574	-241.3819	64.32449	2.853223	0.7016854
12414	-182.2665	-246.1149	63.84842	3.039	1.04687
12420	-178.1493	-242.5017	64.35247	2.80844	0.7295815
12426	-180.5839	-245.1927	64.6088	2.552106	0.7295815
12432	-183.4899	-246.5225	63.03258	4.1762	0.3816131
12438	-181.1118	-245.3406	64.22885	2.50783	1.183629
12444	-186.3072	-250.1585	63.85126	2.497837	1.493788
12450	-182.5447	-246.9697	64.425	2.142876	1.324112
12456	-180.3924	-243.5629	63.1705	2.660294	1.863512
12462	-181.6407	-243.3615	61.72074	2.638799	2.803306
12468	-187.2873	-243.2891	56.00183	2.462267	6.143309
12474	-182.658	-247.4601	64.80206	2.192252	0.9391153
12480	-178.1441	-242.6569	64.51287	2.72916	0.4907358
12486	-184.303	-247.815	63.51206	2.81871	1.507532
12492	-184.1184	-248.0621	63.94369	3.222387	0.7212624
12498	-181.8888	-244.9889	63.10016	4.028511	0.2979837
12504	-189.6523	-254.034	64.38175	2.836551	0.6174376
12510	-185.4329	-248.9147	63.48174	3.736561	0.6174376
12516	-189.9308	-253.6265	63.69571	3.352058	0.879719
12522	-196.1218	-259.3119	63.19007	3.414811	1.294175
12528	-192.8146	-254.7296	61.91498	3.316581	2.259463
12534	-182.692	-245.7237	63.03178	4.207113	0.4604075
12540	-183.2576	-247.3044	64.04678	2.783306	1.100534
12546	-184.5617	-248.4818	63.92005	2.784293	1.211389
12552	-179.6638	-242.692	63.02817	3.542177	1.32212
12558	-179.291	-242.2686	62.97763	3.404463	1.468881
12564	-180.3245	-243.2552	62.93067	3.720116	1.256415
12570	-177.1636	-238.6848	61.52114	4.538535	1.704465
12576	-179.0816	-243.1743	64.09262	3.081732	0.7074806
12582	-181.8838	-244.3214	62.43767	2.212155	2.625379
12588	-185.0707	-248.5495	63.47883	2.692811	1.624436
12594	-182.8027	-246.0916	63.28882	2.882826	1.624436
12600	-180.1097	-244.0744	63.96472	2.889613	1.078123
12606	-183.7011	-247.215	63.51389	3.705183	0.6153891
12612	-192.9573	-255.956	62.99864	4.205705	0.650484
12618	-189.635	-251.7142	62.07922	5.029502	0.2841003
12624	-187.192	-249.3982	62.20619	5.029502	0.4450752
12630	-189.0409	-251.6098	62.5689	4.566839	0.7675059
12636	-181.715	-244.967	63.25203	3.883703	0.7675059
12642	-188.3914	-252.1631	63.77168	3.418459	0.6791614
12648	-188.6484	-252.4305	63.78208	3.454802	0.5534026
12654	-186.6447	-246.4566	59.81192	3.873815	3.207564
12660	-184.1307	-247.3206	63.18991	3.806483	0.9368831
12666	-188.4974	-249.4383	60.94092	2.822708	3.161366
12672	-187.3273	-251.0134	63.68613	2.972666	1.249756
12678	-187.1354	-250.6688	63.53339	2.937954	1.400375
12684	-180.9052	-245.1075	64.20235	2.105765	1.524429
12690	-188.5875	-250.7632	62.17569	4.076933	1.565456
12696	-193.294	-255.6614	62.36742	4.503306	1.062741
12702	-185.0673	-248.3273	63.25999	3.93581	0.6681805
12708	-180.8592	-245.3241	64.46494	1.69297	1.634341
12714	-178.8974	-243.8541	64.95676	2.220143	0.7030974
12720	-181.4308	-244.3054	62.87458	2.909336	1.895443
12726	-185.1762	-247.8997	62.72347	2.388012	2.336198
12732	-190.763	-251.9838	61.22077	4.040954	2.240069
12738	-183.8685	-248.1701	64.30152	2.06999	1.476889
12744	-186.8593	-251.1608	64.30152	2.06999	1.476889
12750	-180.2075	-244.9512	64.74376	1.700743	1.421165
12756	-179.6282	-244.4548	64.8266	1.617906	1.421165
12762	-183.8327	-247.8646	64.03196	1.326019	2.177861
12768	-190.9722	-253.6774	62.70521	2.554075	2.241638
12774	-191.3947	-255.3953	64.0006	1.775366	1.90084
12780	-193.6985	-257.2829	63.58439	2.892624	1.395962
12786	-189.6911	-252.6094	62.91831	3.248858	1.627667
12792	-182.9727	-242.1851	59.21237	1.874642	4.697707
12798	-179.1948	-243.4898	64.29502	2.689991	0.949
12804	-181.0866	-243.705	62.61838	4.098794	1.200434
12810	-183.1836	-246.9125	63.72891	2.975663	1.211197
12816	-183.9605	-247.2401	63.27964	3.312534	1.304497
12822	-186.9791	-251.0561	64.07701	2.876833	0.9813315
12828	-181.7447	-245.8023	64.05762	2.841667	1.03545
12834	-181.4905	-244.7248	63.23432	3.832863	0.856828
12840	-182.0225	-245.632	63.60951	3.632691	0.5020666
12846	-181.362	-245.6868	64.32481	2.917387	0.5020666
12852	-183.4721	-247.6434	64.17122	2.782531	0.9814339
12858	-182.7817	-247.125	64.34327	2.31149	1.253112
12864	-185.6623	-247.7973	62.13495	3.657908	1.889367
12870	-181.38	-244.2608	62.88084	2.660613	2.057758
12876	-176.4626	-238.2047	61.74207	4.614516	1.488149
12882	-175.0322	-238.9094	63.87724	3.363343	0.4720726
12888	-173.19	-237.294	64.10394	2.817517	1.013801
12894	-175.1115	-238.4206	63.30913	3.617743	1.008448
12900	-172.627	-234.4452	61.81825	3.290811	2.337739
12906	-179.4217	-243.333	63.91125	3.290811	0.6553563
12912	-182.1005	-246.3585	64.25798	2.849987	0.8056273
12918	-182.7123	-244.713	62.00062	4.444699	1.420536
12924	-192.5018	-254.5838	62.08196	5.15865	0.4722994
12930	-191.4251	-253.27	61.84486	5.361898	0.6451973
12936	-194.8266	-258.7803	63.95374	2.902057	1.076757
12942	-193.3661	-257.3663	64.00017	2.294297	1.534567
12948	-192.2755	-255.6406	63.36515	3.847343	0.6320013
12954	-190.1576	-253.1837	63.02612	4.135515	0.7284256
12960	-188.1251	-252.0958	63.97067	2.640895	1.28872
12966	-188.2317	-251.3886	63.15688	3.057229	1.593632
12972	-183.8493	-247.3397	63.49039	2.8993	1.463114
12978	-181.9698	-246.2934	64.32351	2.8993	0.6050482
12984	-188.3529	-252.9546	64.60169	1.895445	1.38024
12990	-185.054	-249.2252	64.17117	1.848211	1.732881
12996	-191.3323	-252.8805	61.54815	2.908549	2.744045
13002	-184.6932	-247.4583	62.7651	3.520975	1.540789
13008	-182.1933	-245.584	63.39061	3.701988	0.8254897
13014	-179.6775	-243.4912	63.81363	2.442396	1.562956
13020	-181.8254	-246.0704	64.24504	2.442396	1.225724
13026	-179.0847	-242.9893	63.90463	2.538061	1.422561
13032	-175.7209	-237.9992	62.27824	2.587937	2.490916
13038	-176.302	-239.7027	63.40066	3.267916	1.241581
13044	-177.3787	-240.5052	63.12656	2.332218	2.112137
13050	-174.4026	-238.31	63.90741	2.976672	1.050065
13056	-180.518	-240.6233	60.10535	1.720372	4.282032
13062	-181.1048	-245.8186	64.71374	2.237188	0.9842994
13068	-192.3259	-252.8532	60.5273	1.957672	3.906514
13074	-189.3191	-250.6335	61.31445	2.813255	2.943651
13080	-188.0741	-251.5734	63.49925	2.941416	1.424121
13086	-182.7529	-246.1491	63.39624	3.572747	0.9657692
13092	-186.9748	-249.2268	62.25205	2.66019	2.462054
13098	-187.731	-251.4503	63.71933	1.833488	2.050248
13104	-185.0088	-249.4769	64.46803	2.110679	1.315386
13110	-183.2686	-247.7048	64.43615	2.520933	0.9780223
13116	-183.6989	-247.3372	63.63832	2.327262	1.770525
13122	-186.9075	-251.1309	64.22347	2.388707	1.288217
13128	-194.8564	-251.3287	56.47229	1.982789	6.148221
13134	-189.7041	-254.232	64.52792	2.369525	1.037229
13140	-187.0528	-250.0785	63.02577	3.215825	1.573547
13146	-179.8017	-242.7187	62.91707	4.310484	0.5905375
13152	-184.1138	-247.2382	63.1244	2.915475	1.718453
13158	-185.0562	-249.161	64.10476	2.832418	0.9981748
13164	-180.6856	-244.9556	64.27002	2.44645	1.201037
13170	-185.8037	-248.8389	63.03523	4.156076	0.67693
13176	-183.4248	-246.5694	63.14461	3.267616	1.445947
13182	-178.9674	-242.5346	63.56714	3.650791	0.6183991
13188	-183.2257	-246.7338	63.50809	3.683564	0.6762739
13194	-183.5401	-245.6027	62.06264	3.244844	2.210556
13200	-187.2212	-251.1401	63.9189	2.811951	1.188666
13206	-181.7958	-245.3596	63.56379	2.811951	1.47369
13212	-174.1386	-237.7022	63.5636	3.376248	0.9954977
13218	-177.6541	-241.2132	63.55911	2.837781	1.457644
13224	-177.3685	-241.501	64.13255	2.286412	1.44079
13230	-190.8216	-254.6886	63.86699	2.608552	1.39711
13236	-182.8419	-247.0253	64.18341	2.877573	0.8642205
13242	-181.8897	-243.9813	62.09162	2.723372	2.522885
13248	-180.7555	-244.0209	63.26539	2.71683	1.758919
13254	-178.1332	-238.9713	60.83809	4.25372	2.348706
13260	-174.538	-237.6761	63.13806	3.955325	0.8244918
13266	-173.8731	-236.704	62.83092	4.177839	0.9235128
13272	-170.4313	-234.7063	64.27503	2.333921	1.290852
13278	-172.0042	-234.5185	62.51437	1.780115	2.842835
13284	-173.8986	-236.2579	62.35926	2.563346	2.455548
13290	-168.2911	-232.6661	64.37499	2.495459	1.063005
13296	-171.5344	-233.4234	61.88902	2.599607	2.724511
13302	-175.6031	-237.6693	62.06626	2.422366	2.724511
13308	-176.813	-239.6532	62.84021	1.648414	2.724511
13314	-162.678	-225.6614	62.98338	1.505238	2.724511
13320	-163.691	-228.0305	64.33954	1.775054	1.665416
13326	-162.1494	-226.1693	64.01997	2.094633	1.665416
13332	-165.8084	-229.7521	63.94368	2.170918	1.665416
13338	-165.0133	-229.6184	64.60504	2.361503	0.9682956
13344	-165.959	-228.8412	62.88216	2.544194	2.133347
13350	-168.2675	-230.0156	61.74805	1.988351	3.177529
13356	-165.5826	-227.9407	62.35811	1.378292	3.177529
13362	-169.0404	-233.4011	64.36071	1.347133	1.946865
13368	-169.8802	-234.1842	64.30402	1.502461	1.880099
13374	-177.9346	-241.5415	63.60695	2.199531	1.880099
13380	-174.1882	-236.179	61.9908	2.307226	2.840688
13386	-173.3954	-234.4703	61.07483	3.223198	2.840688
13392	-164.2177	-227.6381	63.42041	1.931953	2.181501
13398	-163.3173	-228.0385	64.72114	2.329138	0.8767992
13404	-160.3889	-224.7518	64.36285	2.075073	1.426236
13410	-161.2447	-225.9062	64.66147	2.218719	1.053768
13416	-167.9241	-231.8926	63.96851	3.272687	0.5228685
13422	-168.9287	-230.946	62.01723	4.29886	1.518494
13428	-162.4572	-226.1042	63.64701	3.434246	0.8396866
13434	-165.0723	-229.1223	64.05	3.031258	0.8396866
13440	-167.0291	-230.3446	63.31552	2.314469	1.999007
13446	-166.9074	-231.7944	64.88701	1.842673	1.189674
13452	-170.1821	-234.7228	64.54066	2.691773	0.4332983
13458	-171.9598	-235.0765	63.11673	3.912071	0.901343
13464	-173.9231	-237.7624	63.83925	2.779267	1.28303
13470	-172.4594	-237.13	64.67064	2.549095	0.6136215
13476	-169.2661	-234.0581	64.79207	2.430293	0.4068819
13482	-166.8086	-231.6163	64.80771	2.430293	0.5472865
13488	-171.7819	-236.5935	64.81156	2.430293	0.4868545
13494	-179.5963	-244.1639	64.56767	2.364869	1.002816
13500	-181.7184	-245.6434	63.925	3.007539	1.002816
13506	-180.9133	-245.0942	64.18098	2.776525	0.9775995
13512	-181.3126	-244.9182	63.60567	3.10637	1.204826
13518	-180.3238	-244.2007	63.87693	3.340144	0.6206377
13524	-177.1471	-241.0389	63.89177	3.340144	0.4316589
13530	-174.8948	-238.5594	63.66456	3.407193	0.8513158
13536	-175.0142	-237.0322	62.01798	2.329229	2.810809
13542	-176.4466	-237.4196	60.97295	5.123916	1.678064
13548	-181.1481	-244.5637	63.41552	3.543399	0.9761443
13554	-185.3138	-249.0323	63.71846	3.488887	0.6438869
13560	-182.6358	-246.4318	63.79601	3.439719	0.5590959
13566	-179.6274	-243.962	64.33458	2.860258	0.3614756
13572	-178.4207	-242.1595	63.73876	3.503034	0.4858055
13578	-175.0314	-239.0036	63.97224	3.269471	0.4843263
13584	-176.7006	-241.2412	64.54056	2.699585	0.4685953
13590	-178.7938	-242.271	63.47724	3.127936	1.293936
13596	-174.4482	-238.1539	63.70564	2.525532	1.581179
13602	-174.1791	-238.68	64.5009	2.525532	0.9039953
13608	-171.3962	-235.7223	64.32612	2.700314	0.9039953
13614	-175.3511	-239.7801	64.42905	2.271107	1.214951
13620	-174.8239	-238.7	63.87613	2.824027	1.214951
13626	-178.3932	-241.9932	63.60004	3.539492	0.7620175
13632	-176.5413	-240.0294	63.48811	3.752162	0.4695578
13638	-177.7341	-241.3163	63.58217	2.811271	1.460267
13644	-171.8543	-234.6845	62.83018	4.383774	0.3903719
13650	-173.6072	-236.826	63.2188	4.020565	0.5386205
13656	-167.2613	-230.6344	63.37312	3.693468	0.8575445
13662	-173.42	-235.4145	61.99455	3.006912	2.40591
13668	-176.2794	-237.8356	61.55627	2.867704	2.764034
13674	-171.9706	-234.8749	62.90432	2.829787	1.92917
13680	-170.0821	-234.5278	64.4457	2.729958	0.7052478
13686	-169.3762	-233.5862	64.21002	3.027557	0.4534286
13692	-165.7769	-229.5776	63.80064	3.42628	0.4175919
13698	-167.5684	-230.9568	63.38839	3.003552	1.461404
13704	-167.7747	-232.1422	64.36749	2.366054	1.186342
13710	-167.3146	-231.1003	63.78569	2.745512	1.35338
13716	-171.8051	-232.6735	60.86839	2.68275	3.28711
13722	-168.2065	-230.8428	62.63639	2.465288	2.342437
13728	-169.9614	-232.3675	62.40607	2.716355	2.329236
13734	-170.0554	-233.8074	63.75202	2.699841	1.415479
13740	-166.4718	-230.1062	63.63437	3.29151	1.009428
13746	-177.6454	-241.088	63.44254	3.776316	0.6159666
13752	-172.5061	-236.594	64.08787	2.38915	1.395957
13758	-179.4267	-242.5713	63.14462	2.401083	2.054949
13764	-175.8039	-239.3189	63.51496	2.327825	1.855314
13770	-182.4644	-245.5628	63.09836	1.982216	2.355837
13776	-179.7413	-242.6633	62.92194	1.758723	2.606317
13782	-189.2207	-251.448	62.22732	2.434282	2.618104
13788	-184.2574	-248.1361	63.87874	3.224187	0.8122247
13794	-189.5086	-250.2443	60.73564	5.608438	1.497553
13800	-189.9621	-251.9793	62.01717	5.137742	0.7389788
13806	-189.5305	-253.3935	63.86302	3.028497	1.042942
13812	-187.9441	-252.3589	64.41473	2.255256	1.240401
13818	-183.8892	-246.3331	62.44396	2.522434	2.428015
13824	-188.4006	-250.3898	61.98922	3.782775	1.903534
13830	-183.852	-247.9435	64.09148	2.103165	1.607783
13836	-185.5912	-248.6528	63.06155	1.646734	2.589211
13842	-184.4859	-246.1584	61.67257	3.460713	2.322317
13848	-187.4633	-251.9487	64.48541	2.678877	0.7241616
13854	-187.8263	-252.3441	64.51782	2.02447	1.344572
13860	-184.3345	-248.7788	64.44432	2.567621	0.9200342
13866	-183.3133	-245.6436	62.33027	3.426523	1.913836
13872	-181.3535	-245.6201	64.26657	2.073136	1.500839
13878	-185.6243	-248.0302	62.4059	2.881631	2.223438
13884	-183.33	-247.7208	64.39083	2.811906	0.3723554
13890	-188.6688	-250.4469	61.77807	2.10292	3.091514
13896	-188.995	-248.8109	59.81599	4.064994	3.091514
13902	-182.9432	-247.4705	64.52728	2.154833	1.230216
13908	-186.4911	-251.1605	64.66939	2.154833	1.105893
13914	-195.6181	-259.9105	64.29231	2.721	0.9185354
13920	-186.4384	-250.2798	63.84136	2.669086	1.36978
13926	-185.1946	-246.0483	60.85366	3.077992	3.061267
13932	-179.0801	-241.7218	62.64178	3.621829	1.557372
13938	-184.4415	-244.9774	60.53597	2.765358	3.433853
13944	-181.8273	-242.7466	60.9193	5.702902	1.280007
13950	-173.2126	-236.272	63.05941	2.519384	2.033049
13956	-176.0295	-238.3068	62.27724	2.825189	2.341959
13962	-173.3177	-237.3593	64.04161	2.975938	0.9138676
13968	-175.7521	-239.4023	63.65016	2.004473	1.982554
13974	-185.718	-247.6097	61.89168	2.62428	2.707759
13980	-182.8612	-245.5442	62.68306	4.436592	0.7899787
13986	-181.4635	-245.2806	63.81705	3.360441	0.7020757
13992	-184.9792	-248.5498	63.57063	3.669952	0.4720471
13998	-183.8591	-246.6961	62.83698	3.202006	1.719078
14004	-184.7414	-247.0207	62.27936	3.759629	1.719078
14010	-182.6417	-246.0198	63.37815	3.799261	0.7022193
14016	-184.7348	-248.4593	63.72449	3.462773	0.6845493
14022	-184.5503	-248.7318	64.18148	2.828425	0.9222597
14028	-190.6844	-254.4262	63.74181	1.934289	1.968182
14034	-193.7356	-255.0756	61.34004	3.452038	2.537162
14040	-197.7021	-259.4367	61.73462	5.241305	0.2179361
14046	-188.9541	-252.1651	63.21103	3.974091	0.349515
14052	-186.9008	-249.5508	62.65004	4.445563	0.2757536
14058	-187.9926	-251.5399	63.54736	3.684342	0.4309848
14064	-189.3847	-253.0288	63.6441	3.440637	0.2692495
14070	-189.7627	-254.0952	64.33252	2.596497	1.006322
14076	-189.7184	-250.8344	61.11608	5.383327	1.378458
14082	-188.3175	-249.6607	61.3432	4.832403	1.621578
14088	-181.3344	-242.9636	61.62922	4.546379	1.621578
14094	-177.6644	-240.3808	62.7164	3.04773	1.908866
14100	-184.2222	-246.247	62.02478	4.578249	1.295679
14106	-182.6472	-245.6164	62.96918	3.513194	1.391786
14112	-181.3188	-243.9261	62.6072	3.906689	1.367064
14118	-185.4882	-248.1091	62.62086	3.592205	1.594391
14124	-178.5648	-242.202	63.63724	3.272535	1.02527
14130	-181.3735	-244.2897	62.91617	4.173196	0.2719755
14136	-194.2803	-255.8856	61.60536	4.336454	1.787056
14142	-194.9044	-258.3366	63.43227	3.401398	1.097248
14148	-196.4824	-259.6166	63.13418	3.790126	1.01099
14154	-193.7921	-256.3404	62.54836	4.668847	0.6203012
14160	-199.5844	-262.2214	62.63695	4.558847	0.668187
14166	-197.1164	-259.9574	62.84105	3.855507	1.218004
14172	-199.7584	-262.9724	63.21406	3.843329	0.8684744
14178	-198.4533	-262.161	63.70773	3.369784	0.8442921
14184	-196.4313	-260.7694	64.33811	2.388239	1.192551
14190	-193.346	-257.4171	64.07112	1.946019	1.734455
14196	-183.409	-247.7351	64.32616	1.696152	1.730819
14202	-185.3942	-247.3556	61.96146	2.819737	2.543936
14208	-182.5966	-244.7288	62.13219	3.297786	2.130979
14214	-181.7194	-245.1324	63.41296	2.211063	2.002987
14220	-188.9936	-253.1336	64.14007	3.068132	0.6419585
14226	-183.7544	-247.6058	63.85141	3.36945	0.403671
14232	-186.5271	-250.6346	64.10751	3.126462	0.566926
14238	-183.4836	-247.7242	64.2406	2.708044	0.9866198
14244	-181.5439	-245.2041	63.66019	1.7759	2.126985
14250	-177.8503	-241.7143	63.86405	2.464905	1.508882
14256	-173.7466	-238.0423	64.29569	2.79428	0.8288079
14262	-169.9136	-234.3178	64.40424	2.599129	0.9293687
14268	-172.5842	-237.024	64.43972	2.117974	1.33227
14274	-173.3135	-237.5306	64.21713	1.855841	1.695049
14280	-170.1587	-234.5867	64.42801	2.787121	0.6255531
14286	-170.1033	-233.632	63.52867	2.854756	1.467872
14292	-178.562	-240.0522	61.49015	1.732811	3.479664
14298	-172.4839	-236.3678	63.88389	2.02018	1.813185
14304	-173.0014	-237.8167	64.81535	2.02018	1.095535
14310	-182.7037	-245.6725	62.9688	2.819264	1.892627
14316	-185.1867	-245.6326	60.44593	5.312179	1.912942
14322	-182.7297	-246.0974	63.36772	3.300385	1.241975
14328	-173.1584	-236.9418	63.78343	2.962254	1.175814
14334	-169.1546	-230.7365	61.58184	5.343521	1.009943
14340	-167.1491	-229.815	62.66587	3.450155	1.664398
14346	-170.9775	-234.7105	63.73302	3.214658	0.9876022
14352	-166.2248	-228.6362	62.41145	2.521555	2.44902
14358	-180.0115	-242.5314	62.51987	2.747842	2.236213
14364	-177.8865	-240.5055	62.61901	3.34243	1.773407
14370	-175.6672	-240.0652	64.39804	2.665809	0.8608175
14376	-173.3667	-236.4281	63.06145	2.22798	2.222214
14382	-170.4643	-232.9498	62.48541	2.218742	2.591771
14388	-175.9836	-238.6466	62.66306	3.6566	1.51583
14394	-182.3838	-246.4295	64.04572	2.252835	1.531537
14400	-185.317	-249.4333	64.11626	2.18229	1.531537
14406	-183.371	-246.8028	63.4318	3.582435	0.9175198
14412	-179.2419	-243.2731	64.0312	2.362177	1.460317
14418	-181.6675	-243.6655	61.99801	2.562034	2.68069
14424	-176.3502	-240.5152	64.16497	2.404083	1.323167
14430	-190.8063	-254.5708	63.76444	3.071575	1.095086
14436	-188.0025	-250.7672	62.76465	4.289192	0.8726423
14442	-182.1979	-245.733	63.53507	2.563073	1.677156
14448	-188.1073	-251.2809	63.17351	2.92463	1.677156
14454	-200.9685	-260.0302	59.06172	4.485012	3.289712
14460	-194.2964	-253.9134	59.617	6.409227	1.728065
14466	-188.1952	-252.0589	63.86368	2.180853	1.715165
14472	-190.4519	-254.1789	63.72703	3.481162	0.6419952
14478	-188.9822	-253.0047	64.02255	3.185644	0.6419952
14484	-192.7819	-255.3837	62.60173	4.432461	0.895258
14490	-181.6745	-245.8224	64.14794	2.628938	1.148443
14496	-184.8266	-247.5798	62.75317	3.086907	1.857166
14502	-183.1477	-247.2108	64.06315	2.300567	1.482778
14508	-187.7978	-250.9778	63.17994	3.444045	1.278544
14514	-188.6532	-250.5555	61.90234	2.659034	2.679877
14520	-192.7639	-256.2333	63.46943	2.849525	1.516355
14526	-198.9491	-262.1648	63.21573	3.580491	1.131208
14532	-193.9969	-256.5546	62.55772	4.31213	1.063563
14538	-185.2661	-249.2966	64.03054	2.839311	1.063563
14544	-180.4049	-243.25	62.84517	2.839311	1.962566
14550	-183.0923	-244.7375	61.64527	4.116483	1.910475
14556	-176.263	-239.2992	63.03613	1.840453	2.484405
14562	-175.0439	-239.2717	64.22782	2.294463	1.360438
14568	-177.1355	-241.734	64.59848	2.533366	0.7730525
14574	-177.0905	-241.0399	63.9494	2.532797	1.391921
14580	-179.7799	-239.6845	59.90462	2.678898	3.849945
14586	-180.6527	-243.4331	62.78036	3.284909	1.700503
14592	-181.204	-245.2052	64.00115	2.064118	1.700503
14598	-189.8621	-250.4481	60.58602	1.923369	3.892508
14604	-184.8087	-248.734	63.92527	2.405268	1.507701
14610	-181.6741	-244.7334	63.05936	2.842944	1.814406
14616	-184.1748	-246.646	62.47113	3.431169	1.814406
14622	-192.912	-254.2831	61.37113	5.156906	1.355887
14628	-196.5491	-260.3483	63.79921	3.442969	0.4959962
14634	-200.3429	-260.7504	60.40741	6.443152	1.081631
14640	-204.5284	-265.3774	60.84904	5.895882	1.176477
14646	-194.3686	-256.1846	61.81599	5.32555	0.307872
14652	-186.3544	-249.4307	63.07626	4.128072	0.3747132
14658	-189.3731	-251.9943	62.62119	4.413129	0.2428375
14664	-188.1496	-252.5959	64.44634	2.779829	0.4157079
14670	-189.1666	-252.8691	63.70252	2.817789	1.362002
14676	-189.8236	-252.8337	63.01009	3.374829	1.466742
14682	-189.0713	-251.6758	62.60458	3.49186	1.678371
14688	-183.2554	-247.1548	63.89938	2.99088	1.044144
14694	-176.5858	-240.3607	63.77486	3.44798	0.604978
14700	-175.9993	-240.2715	64.27224	2.908973	0.6955299
14706	-180.255	-244.502	64.2471	2.962374	0.6390772
14712	-183.0092	-247.4553	64.44614	2.763331	0.6390772
14718	-187.273	-250.0385	62.76551	3.406013	1.624526
14724	-182.2095	-245.703	63.49343	2.912957	1.450408
14730	-180.7037	-244.6501	63.94641	2.338334	1.541772
14736	-180.7262	-244.6458	63.91962	3.070902	0.9431576
14742	-185.5013	-249.8247	64.3234	2.667116	0.9431576
14748	-189.8494	-253.6545	63.80508	3.407677	0.6313589
14754	-184.5598	-247.4941	62.93434	2.27558	2.273344
14760	-186.0864	-248.3127	62.22629	3.52583	1.916999
14766	-192.7529	-256.393	63.64015	3.152124	1.134743
14772	-187.6977	-251.2158	63.5181	3.274179	1.134743
14778	-184.6416	-248.1033	63.46175	2.47273	1.792145
14784	-187.7554	-252.2018	64.44638	2.262585	1.207451
14790	-179.695	-242.845	63.14997	4.018987	0.7165362
14796	-178.4414	-241.9668	63.52542	3.485348	0.9213155
14802	-182.9045	-246.6981	63.79365	3.448307	0.5112955
14808	-184.821	-248.5205	63.69955	3.448307	0.3130415
14814	-189.0311	-253.1136	64.08254	3.159513	0.5088517
14820	-196.5887	-258.8411	62.25246	4.403349	1.252242
14826	-188.3691	-252.8796	64.51052	2.354799	1.067835
14832	-193.674	-256.9085	63.2345	1.920965	2.30817
14838	-189.9583	-254.4707	64.51234	2.693487	0.6472587
14844	-179.9332	-243.7693	63.83605	3.404563	0.4723161
14850	-186.1367	-249.8746	63.73784	3.489821	0.590216
14856	-181.1882	-245.2418	64.05364	2.861422	1.020093
14862	-188.1865	-251.5176	63.33101	2.512843	1.854578
14868	-189.0181	-250.8596	61.84151	4.212166	1.708706
14874	-185.915	-246.9345	61.01941	3.424717	2.75173
14880	-179.7782	-244.0778	64.29961	2.407992	1.208613
14886	-177.9521	-240.7682	62.81605	2.50947	2.198895
14892	-178.3248	-242.4627	64.13786	2.770887	1.026273
14898	-187.1938	-249.0991	61.90536	3.34024	2.250443
14904	-182.831	-245.9082	63.07717	3.942392	0.9116475
14910	-180.7897	-244.562	63.77231	2.948512	1.197303
14916	-184.5703	-244.366	59.79561	6.656116	1.41559
14922	-188.5086	-251.5276	63.01897	1.876614	2.472501
14928	-184.1397	-248.2822	64.14253	2.302788	1.420536
14934	-191.8845	-250.9557	59.07114	7.127169	1.605121
14940	-188.516	-248.3734	59.85734	6.568261	1.435706
14946	-184.8391	-248.8765	64.03739	3.18933	0.5932418
14952	-183.9263	-247.0422	63.1159	3.18933	1.526574
14958	-181.698	-244.0925	62.3945	4.02791	1.438151
14964	-180.9847	-244.3272	63.34248	3.880991	0.4093517
14970	-187.362	-249.7078	62.34582	4.738111	0.2687764
14976	-187.8811	-251.9388	64.05776	3.17504	0.4345052
14982	-192.6823	-255.5465	62.86425	3.524416	1.463893
14988	-198.017	-260.9307	62.91369	2.40662	2.202265
14994	-196.2988	-259.8439	63.5451	3.672485	0.3970894
15000	-194.6228	-258.3398	63.71697	3.510291	0.5915163
15006	-189.0738	-251.6377	62.56397	4.490165	0.2525642
15012	-191.0612	-250.5732	59.512	6.814844	1.510462
15018	-187.5164	-250.465	62.94856	4.293161	0.4845195
15024	-190.3771	-253.275	62.89789	3.941232	1.092229
15030	-198.0816	-256.6413	58.55971	7.590681	1.639754
15036	-194.1038	-253.26	59.15621	4.923883	2.972299
15042	-184.8607	-248.6342	63.77349	3.366237	0.7617302
15048	-188.7443	-252.5377	63.79333	3.346399	0.7617302
15054	-184.2088	-248.1932	63.9844	2.977655	0.9729253
15060	-176.3399	-238.5391	62.19911	4.851447	0.2507493
15066	-172.4163	-235.195	62.77868	4.271875	0.2507493
15072	-174.9688	-237.8338	62.86506	4.271875	0.3042354
15078	-171.5266	-235.4204	63.89387	3.293238	0.3518493
15084	-171.2547	-235.4926	64.23789	2.940011	0.3414444
15090	-170.5008	-234.5346	64.03373	3.08994	0.2943537
15096	-171.4752	-235.5962	64.12095	3.117193	0.4562501
15102	-175.9784	-239.0588	63.08035	3.73459	0.1678433
15108	-176.6028	-240.2399	63.6371	3.521007	0.7340029
15114	-186.0529	-246.3035	60.25061	3.243151	3.320916
15120	-180.5832	-244.3185	63.73537	2.594472	1.508224
15126	-184.3925	-247.6351	63.24264	3.952778	0.6689252
15132	-183.3094	-245.9863	62.67686	4.562848	0.5362061
15138	-178.5565	-242.7367	64.18018	2.751468	1.003701
15144	-178.72	-241.8632	63.14322	4.021572	0.3281737
15150	-186.7653	-249.3158	62.5506	4.622868	0.3367761
15156	-180.1159	-242.6263	62.51038	4.663089	0.3367761
15162	-173.8594	-236.5279	62.66851	4.54114	0.3830283
15168	-180.9336	-243.9363	63.00275	4.199231	0.3712609
15174	-176.9718	-240.6361	63.6643	3.095289	1.163673
15180	-173.7106	-237.3823	63.67171	3.131151	1.125254
15186	-172.6972	-234.9919	62.29463	2.57692	2.487554
15192	-170.8632	-233.8914	63.02813	2.778982	1.879669
15198	-169.7769	-232.8818	63.10482	2.322484	2.132725
15204	-172.1297	-234.8996	62.76983	1.964863	2.572833
15210	-179.3177	-242.1169	62.79918	2.579594	2.164348
15216	-180.8749	-245.7525	64.87755	2.052567	1.005223
15222	-176.6686	-241.086	64.41734	2.782103	0.3676623
15228	-172.607	-236.53	63.92296	2.087557	1.739105
15234	-174.8061	-236.8476	62.04144	3.807435	1.851144
15240	-178.0343	-242.4944	64.46008	2.547234	0.9250889
15246	-183.5818	-244.3517	60.76988	6.340319	0.8026693
15252	-179.893	-243.9862	64.09319	3.01934	0.7995712
15258	-188.2717	-247.8862	59.61454	3.866809	3.32822
15264	-185.0111	-246.6053	61.59419	5.241653	1.09525
15270	-179.154	-243.2968	64.14278	3.040343	0.3472264
15276	-180.2589	-242.2086	61.94973	4.632892	0.1211976
15282	-179.0028	-242.431	63.42819	3.734529	0.7266922
15288	-177.7942	-240.6604	62.86615	2.377602	2.251626
15294	-183.4821	-244.8829	61.4008	4.761684	1.631049
15300	-188.8337	-250.4693	61.63554	4.526942	1.631049
15306	-180.5264	-244.953	64.4266	2.62391	0.8765263
15312	-183.5504	-245.7095	62.15911	2.891744	2.374685
15318	-192.0041	-249.668	57.6639	3.771428	4.502308
15324	-192.2084	-254.1193	61.91088	3.826454	1.926991
15330	-185.9337	-249.6651	63.73135	3.164671	1.038606
15336	-186.17	-246.1378	59.96782	5.899103	1.838762
15342	-182.2672	-245.6526	63.38536	3.850943	0.5563001
15348	-187.578	-251.3463	63.76822	3.130211	1.036283
15354	-180.3773	-244.9664	64.58913	2.309303	1.036283
15360	-187.8418	-248.4522	60.61047	5.089881	1.951906
15366	-188.6433	-248.8327	60.18949	5.869847	1.704707
15372	-187.5171	-249.6056	62.08859	3.248558	2.191367
15378	-178.6492	-241.2909	62.64171	2.695441	2.191367
15384	-180.5431	-243.267	62.72392	2.143365	2.490222
15390	-179.7368	-241.6603	61.92353	2.131383	2.987429
15396	-173.9361	-236.7125	62.77642	3.001926	1.899227
15402	-180.9009	-244.8521	63.95117	1.809598	1.911142
15408	-178.443	-242.9737	64.53068	2.642146	0.7100692
15414	-180.0455	-244.4842	64.43878	2.580006	0.912506
15420	-180.2599	-244.5024	64.24249	2.965216	0.6430855
15426	-185.4105	-249.4454	64.03495	2.872136	1.027892
15432	-187.9435	-252.7163	64.77279	2.396471	0.7160338
15438	-195.6273	-259.6623	64.03498	3.136036	0.3342738
15444	-189.7097	-250.2878	60.57818	5.809585	1.464582
15450	-190.6716	-251.495	60.82342	5.564336	1.464582
15456	-184.1135	-247.6757	63.56215	2.82561	1.464582
15462	-183.1346	-247.2842	64.14954	2.220975	1.477647
15468	-192.2342	-256.2815	64.04731	2.608756	1.252027
15474	-194.3983	-256.3676	61.96927	5.067758	0.8920456
15480	-193.8549	-254.0167	60.1618	6.567721	1.189813
15486	-192.1429	-255.3358	63.19296	4.040962	0.5671391
15492	-188.1823	-251.4206	63.23831	3.02944	1.55432
15498	-189.0255	-252.8464	63.82084	2.446909	1.55432
15504	-182.0458	-246.2598	64.21401	2.686571	1.034204
15510	-182.0445	-244.9123	62.8678	2.635774	2.082728
15516	-181.7091	-246.1351	64.4261	2.433499	1.073205
15522	-178.783	-238.7421	59.95903	3.090645	3.580605
15528	-179.5651	-244.0558	64.49077	2.396537	1.046973
15534	-178.5959	-242.4024	63.80651	1.816385	2.003738
15540	-177.2704	-240.328	63.05764	2.019762	2.357851
15546	-181.0152	-242.8991	61.88385	2.380184	2.8613
15552	-178.4223	-242.3444	63.92219	3.316939	0.4617927
15558	-179.9845	-244.7234	64.73883	2.5003	0.4617927
15564	-180.7646	-243.3157	62.55109	4.009119	1.330261
15570	-178.2331	-242.7436	64.51053	1.960093	1.400936
15576	-179.4747	-243.0108	63.53616	3.700857	0.5527121
15582	-183.1351	-246.6332	63.49818	3.700857	0.367104
15588	-186.0455	-248.4604	62.41489	4.798285	0.3889973
15594	-177.5461	-241.702	64.15591	3.085976	0.5128221
15600	-183.8359	-245.1167	61.2808	4.697844	1.761411
15606	-178.1694	-241.3173	63.14785	2.687961	1.860084
15612	-174.4925	-238.0111	63.51853	3.051183	1.32263
15618	-170.7605	-234.8205	64.05997	2.744928	1.123416
15624	-173.6713	-238.0091	64.33779	2.605474	0.9920637
15630	-168.4704	-232.6277	64.15732	2.834456	0.941817
15636	-174.8786	-238.5565	63.67794	3.272831	0.9844593
15642	-170.0836	-234.0991	64.01554	3.061773	0.8445336
15648	-175.8023	-239.9134	64.1111	2.99145	0.8127108
15654	-175.9949	-239.329	63.33412	1.956753	2.221282
15660	-176.7992	-239.6808	62.88161	2.165876	2.376819
15666	-178.8109	-242.4153	63.60449	2.626562	1.581263
15672	-183.9942	-247.7785	63.78438	2.330957	1.664888
15678	-180.6617	-243.5015	62.83978	2.543204	2.161616
15684	-180.7618	-240.5825	59.82066	3.810101	3.240097
15690	-175.0146	-233.8107	58.79607	1.731948	5.009317
15696	-173.3916	-237.4425	64.05082	2.993721	0.2477621
15702	-175.4022	-239.7562	64.35394	1.754312	1.669947
15708	-177.2865	-237.8879	60.60135	1.840075	3.93147
15714	-177.4705	-241.5356	64.06515	2.19592	1.55924
15720	-176.5194	-240.8846	64.36523	2.730364	0.8216748
15726	-175.28	-239.6422	64.3622	1.960215	1.513769
15732	-183.7361	-246.6162	62.88007	3.164899	1.714855
15738	-184.3503	-247.4728	63.12248	2.596117	1.939626
15744	-176.916	-238.9177	62.00172	5.022935	0.2383584
15750	-179.3244	-241.2635	61.93905	5.022935	0.212665
15756	-179.9545	-241.5769	61.62244	5.472255	0.2751995
15762	-177.4597	-239.8593	62.39959	4.826518	0.4155591
15768	-176.835	-239.9911	63.15606	2.839464	1.749611
15774	-176.2799	-240.0176	63.73772	3.20681	0.9907798
15780	-179.5248	-244.0858	64.56101	2.488641	0.8775297
15786	-178.7293	-242.2445	63.51522	2.718505	1.579306
15792	-170.6311	-234.4723	63.84122	3.400492	0.5159876
15798	-173.4164	-237.1593	63.74294	3.498898	0.5137363
15804	-172.4896	-236.3332	63.84365	3.374881	0.6168457
15810	-188.1727	-252.6877	64.51508	2.709729	0.5991555
15816	-181.547	-246.3513	64.80428	2.380566	0.6889981
15822	-183.3965	-248.1101	64.71357	2.484398	0.6638339
15828	-179.4176	-241.8824	62.46483	3.783686	1.568471
15834	-183.4105	-245.6514	62.24094	3.104571	2.185945
15840	-181.0438	-245.4243	64.38051	2.379279	1.163497
15846	-183.7609	-246.4331	62.67222	4.294794	0.9678128
15852	-175.6133	-239.0559	63.44254	3.524473	0.9678128
15858	-175.1972	-238.2705	63.07324	2.513698	2.027646
15864	-181.4195	-245.3763	63.95678	2.04462	1.745496
15870	-172.7765	-235.4305	62.65405	3.184394	1.858279
15876	-171.114	-233.9846	62.87053	3.207383	1.691538
15882	-175.0703	-238.2013	63.13098	3.274348	1.451214
15888	-179.6472	-241.8443	62.19706	2.904433	2.342554
15894	-178.9674	-242.3917	63.42434	2.407972	1.862474
15900	-179.7115	-243.2817	63.5702	2.881676	1.415468
15906	-188.159	-249.9076	61.74862	2.379314	2.94351
15912	-191.3293	-251.4336	60.10426	6.903554	0.9245421
15918	-191.2827	-252.5581	61.2754	2.912511	2.907339
15924	-191.1783	-255.237	64.05867	2.895209	0.9812944
15930	-183.1355	-244.8733	61.73776	2.18184	3.068469
15936	-190.9348	-250.9156	59.9808	3.481642	3.339347
15942	-187.8804	-247.4212	59.54076	3.58756	3.534856
15948	-183.6937	-247.8217	64.12795	2.52452	1.255014
15954	-177.7507	-242.0742	64.32354	2.881729	0.6484805
15960	-180.5792	-244.865	64.28575	2.881729	0.7189757
15966	-183.3581	-246.9385	63.5804	2.945572	1.357525
15972	-183.2229	-246.5251	63.30226	2.727277	1.725733
15978	-186.4853	-249.7878	63.30258	3.43074	1.186534
15984	-181.4858	-244.8535	63.36769	3.50815	1.057904
15990	-189.7505	-250.7999	61.04944	5.390858	1.424407
15996	-186.5491	-249.8585	63.30935	2.701135	1.739126
16002	-187.3841	-251.6809	64.29683	2.832228	0.7769709
16008	-191.5619	-255.5254	63.96354	3.165524	0.7769709
16014	-182.9662	-247.3843	64.41804	2.698287	0.7944871
16020	-174.6031	-238.5087	63.9056	3.303601	0.3822856
16026	-176.6427	-240.6392	63.99652	3.218283	0.3918845
16032	-184.9004	-249.2919	64.39147	2.367735	1.16401
16038	-181.4394	-245.1405	63.7011	3.087447	0.1613662
16044	-181.6911	-242.7791	61.08799	5.651791	0.1503315
16050	-186.539	-249.3198	62.78077	4.249729	0.8994381
16056	-180.8765	-244.4152	63.53868	3.332615	1.062201
16062	-178.4161	-242.9156	64.49952	2.7243	0.4101355
16068	-173.8071	-238.7155	64.90837	2.33271	0.4765762
16074	-170.915	-234.6612	63.74621	1.794309	2.058376
16080	-182.3357	-245.4583	63.12254	3.996422	0.7909122
16086	-178.5194	-240.8361	62.31669	3.146136	2.109485
16092	-179.4582	-241.4675	62.0093	2.573295	2.666824
16098	-179.463	-242.7873	63.32434	3.605842	1.005156
16104	-182.7564	-246.0164	63.26005	3.299806	1.330547
16110	-172.3726	-236.3243	63.95163	2.373491	1.511752
16116	-185.4571	-249.3984	63.94134	2.887727	1.101464
16122	-174.0766	-238.6937	64.61716	2.520181	0.7651895
16128	-180.8331	-242.7329	61.89984	2.781691	2.605779
16134	-188.4383	-252.4741	64.03578	3.200032	0.4455436
16140	-192.916	-251.9838	59.06774	4.168215	3.472076
16146	-187.9094	-251.931	64.02157	3.121006	0.7575697
16152	-190.1643	-254.2824	64.11813	3.121006	0.5402344
16158	-179.9558	-243.2566	63.30082	2.94291	1.571978
16164	-187.2662	-249.8872	62.62096	2.283811	2.466741
16170	-190.1879	-253.6934	63.50554	3.707869	0.6297868
16176	-196.3217	-259.3676	63.04592	2.42377	2.104984
16182	-195.5426	-257.6932	62.15055	4.085766	1.57741
16188	-194.7915	-258.9826	64.19109	2.045229	1.57741
16194	-189.4014	-251.3144	61.91306	3.764835	1.966976
16200	-192.7259	-255.8604	63.13442	1.664276	2.533036
16206	-192.42	-254.8826	62.46263	2.336068	2.533036
16212	-196.8445	-261.3397	64.49516	2.239291	1.185557
16218	-196.668	-260.348	63.67992	3.481393	0.7289442
16224	-186.8927	-251.1137	64.22092	2.608359	1.101267
16230	-191.2513	-255.5308	64.27953	2.439219	1.199081
16236	-184.7737	-243.9067	59.13305	1.331283	5.044678
16242	-185.7888	-249.6407	63.85196	2.473265	1.511675
16248	-183.3386	-246.5748	63.23613	3.287117	1.35968
16254	-184.3967	-246.7639	62.36724	2.375408	2.567896
16260	-184.3305	-245.7814	61.4509	3.117719	2.675422
16266	-178.4329	-241.7624	63.32957	3.657676	0.9466272
16272	-177.8821	-241.0653	63.18317	3.339702	1.359976
16278	-176.6576	-241.2613	64.60372	2.06097	1.244832
16284	-175.4535	-238.1807	62.72723	2.706806	2.128326
16290	-173.4342	-237.5715	64.13731	2.405537	1.344128
16296	-175.673	-239.4848	63.81173	2.382561	1.60804
16302	-174.7001	-239.3679	64.66774	2.51386	0.6948386
16308	-181.4127	-243.4466	62.03384	4.169969	1.601125
16314	-178.4252	-242.8182	64.39302	2.563439	0.9786605
16320	-180.8912	-241.9651	61.07386	3.438052	2.710239
16326	-182.9292	-246.8334	63.90423	2.850389	1.168023
16332	-184.5439	-248.1314	63.58749	2.21541	1.882539
16338	-176.9832	-240.8655	63.88231	2.38028	1.558126
16344	-178.1592	-241.8571	63.69784	2.165797	1.841021
16350	-183.0828	-246.8013	63.71844	2.063697	1.896656
16356	-183.4535	-247.7822	64.32871	2.883189	0.6334088
16362	-173.8446	-237.7711	63.92649	1.899185	1.867007
16368	-172.6604	-237.1084	64.44803	2.209583	1.250736
16374	-167.8641	-232.0196	64.15549	2.788967	0.9908576
16380	-173.0449	-235.3336	62.28874	3.134739	2.135224
16386	-174.0405	-237.1618	63.12125	3.770604	1.042617
16392	-173.4734	-237.3708	63.89733	3.317409	0.6265211
16398	-173.405	-234.3477	60.94266	2.510183	3.344987
16404	-169.7188	-234.0698	64.35101	2.467654	1.110952
16410	-178.4193	-240.8414	62.42211	4.596146	0.9130832
16416	-178.8301	-241.5356	62.70548	4.131857	0.1736499
16422	-177.9877	-241.1294	63.14163	3.901093	0.2468722
16428	-176.8859	-240.227	63.3411	3.901093	0.4974418
16434	-177.8062	-241.177	63.3708	3.825649	0.3635977
16440	-179.605	-243.3902	63.78524	3.16907	0.9808635
16446	-182.553	-244.815	62.26195	2.171043	2.758532
16452	-183.5	-246.8136	63.31354	1.503719	2.521468
16458	-185.3191	-243.4631	58.14408	2.314802	5.047705
16464	-180.7859	-242.2694	61.48341	2.476999	3.044073
16470	-173.004	-236.5012	63.49723	3.740759	0.5473356
16476	-169.832	-234.2285	64.39644	2.841547	0.5473356
16482	-171.4602	-234.444	62.98387	1.751623	2.57234
16488	-172.0137	-234.9918	62.97808	1.757412	2.57234
16494	-174.0311	-236.8097	62.7786	2.263936	2.379947
16500	-182.289	-245.6983	63.40926	1.668432	2.357665
16506	-176.1125	-237.9836	61.87107	4.040216	1.808204
16512	-174.2675	-238.2089	63.94137	3.255557	0.3642297
16518	-170.4936	-233.8071	63.31347	3.883452	0.3642297
16524	-175.2651	-239.2114	63.94622	3.295694	0.5122176
16530	-171.2091	-235.5414	64.33231	2.6623	0.9387938
16536	-173.1986	-236.4678	63.26926	1.738442	2.401969
16542	-168.0996	-232.3198	64.22014	2.037324	1.561896
16548	-176.8263	-238.6537	61.8274	2.884416	2.587024
16554	-168.5158	-232.391	63.8752	2.490752	1.481095
16560	-171.4158	-235.1943	63.77858	3.385913	0.7238323
16566	-171.36	-232.4404	61.08045	1.701238	3.735815
16572	-168.8785	-230.0971	61.21865	1.563043	3.735815
16578	-169.5804	-229.85	60.26958	2.512116	3.735815
16584	-179.9199	-241.7117	61.79184	2.825392	2.645491
16590	-182.3194	-241.2132	58.89388	1.254059	5.219953
16596	-177.2184	-241.5193	64.30089	2.09913	1.455257
16602	-182.4899	-245.2935	62.80359	4.275437	0.8424338
16608	-172.664	-236.7217	64.05776	3.133204	0.6775892
16614	-180.598	-239.4684	58.87046	6.746742	2.007532
16620	-176.9194	-239.768	62.84862	3.593541	1.422973
16626	-178.6976	-241.9021	63.20446	2.904426	1.669494
16632	-175.4388	-240.1724	64.73362	1.989274	1.195525
16638	-178.211	-242.0508	63.83974	2.771121	1.289293
16644	-182.3732	-245.7184	63.34518	3.562737	1.02708
16650	-178.8246	-241.7088	62.88423	2.919497	1.881976
16656	-180.2535	-243.5777	63.32413	3.350394	1.236594
16662	-186.8763	-251.2419	64.36557	2.796469	0.3255721
16668	-185.3603	-249.2877	63.92739	2.646144	1.319561
16674	-187.7404	-250.2591	62.51874	2.192242	2.587544
16680	-192.5763	-254.7504	62.17406	3.731434	1.812203
16686	-192.9578	-256.249	63.29121	3.908954	0.6593267
16692	-190.5895	-254.5536	63.96413	2.874842	1.092363
16698	-182.5029	-246.1894	63.68642	2.826471	1.367852
16704	-178.8291	-243.1897	64.3606	2.83685	0.3649404
16710	-181.9916	-244.3506	62.35896	4.202613	1.329168
16716	-178.9344	-242.4849	63.55057	2.623937	1.622365
16722	-179.8075	-240.2335	60.42607	4.477327	2.467601
16728	-178.3914	-242.6683	64.27692	2.811862	0.8303114
16734	-174.3077	-238.286	63.97836	3.160937	0.7623586
16740	-169.3584	-233.0824	63.72397	2.488496	1.594827
16746	-176.1136	-237.6532	61.53956	5.392294	1.003498
16752	-177.105	-240.3287	63.22362	4.01071	0.4398535
16758	-171.5954	-235.5406	63.94519	2.351223	1.533123
16764	-171.7214	-236.1329	64.41148	2.725007	0.7664182
16770	-179.5474	-241.662	62.11455	3.636267	1.91788
16776	-174.8491	-238.282	63.43291	2.195093	2.000332
16782	-182.0212	-244.8793	62.85809	2.431469	2.222133
16788	-181.0145	-245.1235	64.10892	2.752009	1.071953
16794	-179.9556	-244.1952	64.23962	3.000144	0.4658236
16800	-178.9713	-239.9537	60.98237	3.041097	3.006301
16806	-177.095	-239.3981	62.30312	3.221163	2.069093
16812	-181.234	-245.7447	64.51068	2.719632	0.581136
16818	-179.6424	-240.646	61.00353	2.554279	3.283182
16824	-173.9305	-238.507	64.5765	2.389194	0.9691748
16830	-177.4153	-241.7983	64.383	2.014679	1.457039
16836	-181.4068	-243.7187	62.31193	4.381202	1.220914
16842	-183.852	-245.5899	61.73786	3.768076	2.081178
16848	-181.0705	-244.7226	63.65213	2.935162	1.308451
16854	-179.3258	-241.6316	62.30579	4.423635	1.189895
16860	-180.7504	-242.0184	61.26796	3.950359	2.267956
16866	-183.6532	-245.4927	61.83947	3.800562	1.992309
16872	-189.138	-252.7607	63.62276	2.743644	1.480751
16878	-188.7107	-251.8013	63.09062	3.917488	0.9242274
16884	-180.546	-244.3102	63.76414	3.300257	0.860161
16890	-179.2197	-242.7246	63.50489	3.649507	0.7397794
16896	-185.6223	-248.6374	63.01508	3.692662	1.208493
16902	-185.3743	-248.5817	63.20734	2.771314	1.761407
16908	-181.7108	-245.8531	64.14221	2.771314	1.021598
16914	-188.5522	-252.3837	63.83143	2.856814	1.225046
16920	-193.2525	-256.6838	63.43126	3.038323	1.401746
16926	-185.084	-248.0937	63.00975	1.795519	2.528943
16932	-186.6542	-247.3195	60.66529	1.998242	3.803931
16938	-180.6561	-244.0202	63.36408	1.429115	2.536465
16944	-180.376	-243.7484	63.37243	1.420769	2.536465
16950	-187.5405	-248.9927	61.45227	1.94982	3.374802
16956	-188.0936	-248.987	60.8934	1.835845	3.766071
16962	-180.443	-244.5501	64.10709	2.753523	1.072248
16968	-186.3846	-247.6283	61.2438	4.068628	2.207365
16974	-193.6761	-252.0517	58.37561	6.260758	2.633686
16980	-181.0648	-243.8695	62.80473	2.897847	1.950405
16986	-182.1399	-243.1394	60.99943	2.281837	3.44559
16992	-186.4849	-248.2788	61.79393	2.849478	2.629341
16998	-183.4076	-247.5191	64.11146	2.849478	0.9740728
17004	-180.8208	-244.9988	64.17798	2.71	1.046335
17010	-186.2605	-249.9105	63.64998	3.101173	1.171054
17016	-179.3827	-243.4274	64.04465	3.101173	0.7527614
17022	-179.606	-241.6806	62.07455	3.081526	2.307783
17028	-177.2746	-239.4619	62.18733	3.316109	2.082821
17034	-178.9496	-241.4596	62.51006	2.922076	2.129569
17040	-184.5495	-243.7862	59.23674	1.561337	4.859061
17046	-180.9215	-243.4785	62.55701	2.308293	2.491463
17052	-182.5032	-247.3341	64.83088	2.302672	0.7706196
17058	-182.6602	-246.4749	63.81464	2.249322	1.701429
17064	-175.4644	-238.4905	63.02615	2.292542	2.203315
17070	-174.8132	-238.6892	63.87599	2.527309	1.452762
17076	-175.0428	-237.4889	62.44611	2.80714	2.245523
17082	-172.0194	-235.8399	63.82049	3.420488	0.5252468
17088	-170.6351	-234.6513	64.01623	3.225806	0.4909067
17094	-173.428	-237.5696	64.14158	1.731964	1.834216
17100	-167.8607	-231.716	63.85531	1.518422	2.167627
17106	-172.8621	-236.7962	63.93403	3.169615	0.8112928
17112	-176.5783	-239.6318	63.05356	2.802925	1.845926
17118	-165.7754	-229.2227	63.44736	2.409124	1.845926
17124	-165.4997	-228.9437	63.44394	2.015007	2.112029
17130	-170.5096	-233.5115	63.00189	1.809105	2.525374
17136	-172.0006	-235.8927	63.89211	2.532433	1.436514
17142	-173.8016	-238.2578	64.4562	2.04524	1.376861
17148	-179.6376	-244.0386	64.40099	2.824816	0.5961177
17154	-175.2209	-237.5727	62.35185	2.988123	2.189533
17160	-172.4492	-234.7977	62.34854	2.223723	2.673178
17166	-172.5758	-236.0212	63.44534	2.223723	1.972899
17172	-172.6626	-236.5715	63.90895	2.493366	1.453511
17178	-185.9887	-248.844	62.85534	3.546976	1.453511
17184	-180.9291	-244.7736	63.84459	3.060245	1.030074
17190	-179.739	-243.9852	64.24619	2.555569	1.126238
17196	-175.5489	-239.7971	64.24821	2.509263	1.16553
17202	-181.0808	-242.7408	61.66002	3.228142	2.477149
17208	-180.9355	-244.1245	63.18902	1.826712	2.396897
17214	-184.0207	-244.9475	60.92677	3.413695	2.814913
17220	-186.2631	-248.6062	62.3431	2.968511	2.207893
17226	-179.5784	-243.2869	63.70857	3.531695	0.4694429
17232	-171.2562	-235.2869	64.03061	3.209648	0.4694429
17238	-175.5212	-239.4011	63.87999	3.232949	0.7990334
17244	-173.2056	-237.1884	63.98282	3.253461	0.556421
17250	-175.2334	-238.5113	63.27789	3.958488	0.4479282
17256	-179.6185	-240.5291	60.91058	5.800537	1.20561
17262	-188.1162	-250.155	62.03885	2.490028	2.699834
17268	-195.2931	-259.0032	63.71006	3.254607	0.9702348
17274	-198.5319	-260.5895	62.05755	5.17973	0.4519733
17280	-196.087	-256.902	60.81504	4.454906	2.234772
17286	-193.1876	-254.3913	61.20366	4.919026	1.65963
17292	-186.3849	-248.1291	61.74421	4.378476	1.65963
17298	-191.0213	-252.9063	61.88498	4.713473	1.299405
17304	-192.7785	-254.1294	61.35086	5.501125	1.080312
17310	-192.948	-256.263	63.31507	3.05946	1.474606
17316	-190.5134	-250.6195	60.10608	6.220295	1.510812
17322	-186.0897	-250.0357	63.94599	3.291537	0.54996
17328	-189.1676	-252.489	63.32132	3.868441	0.355058
17334	-193.5263	-255.8991	62.37279	4.81698	0.355058
17340	-190.4124	-253.1155	62.7031	4.40079	0.2809607
17346	-189.4652	-252.5231	63.05791	3.1926	1.567007
17352	-189.2441	-251.4315	62.18741	4.989638	0.3405378
17358	-186.6679	-248.1033	61.43539	5.658575	0.2747513
17364	-185.3861	-247.7394	62.35331	4.797971	0.3159456
17370	-185.1065	-247.6559	62.54938	4.437805	0.9466928
17376	-188.6178	-247.5903	58.97252	4.079751	3.579098
17382	-186.464	-248.5857	62.12168	3.506964	1.999906
17388	-183.5007	-245.3457	61.84505	2.236797	2.971243
17394	-179.8615	-242.5326	62.67113	2.095709	2.552869
17400	-178.0953	-241.1813	63.08591	2.507622	2.023266
17406	-183.0711	-245.8787	62.80763	1.917782	2.578592
17412	-180.7893	-242.083	61.29367	1.320366	3.832404
17418	-179.3276	-242.3828	63.05518	1.780175	2.510177
17424	-177.1879	-241.7768	64.58886	2.363913	0.9824227
17430	-180.1002	-244.5802	64.47999	2.756111	0.5573011
17436	-185.4442	-249.3637	63.91947	3.039138	0.2114195
17442	-185.4091	-249.2634	63.85428	3.039138	0.1896303
17448	-184.5761	-245.3981	60.82202	5.931392	0.1533032
17454	-180.1306	-242.0186	61.88798	5.105416	0.2248743
17460	-187.9879	-251.4852	63.49731	3.734667	0.4318568
17466	-183.2088	-247.7287	64.51997	2.191455	1.205354
17472	-175.6642	-239.9094	64.24523	2.174656	1.440084
17478	-176.9008	-240.8983	63.9975	3.242706	0.4690461
17484	-180.0976	-243.213	63.11544	4.126765	0.5015486
17490	-177.3172	-240.2678	62.95067	4.269316	0.6129349
17496	-178.6201	-241.9966	63.37648	3.430118	1.121882
17502	-173.9374	-237.5795	63.64203	2.831301	1.398828
17508	-181.4313	-239.9634	58.53215	2.57324	4.687426
17514	-180.1167	-243.3621	63.2454	3.633331	1.055159
17520	-174.3482	-237.9586	63.61041	2.739254	1.493358
17526	-168.7146	-233.2181	64.50349	2.290281	1.133405
17532	-173.8218	-238.2806	64.4588	2.654753	0.7982049
17538	-173.4433	-237.3712	63.92792	3.159158	0.8324382
17544	-171.8086	-235.0681	63.25952	2.724146	1.757907
17550	-178.0559	-239.9446	61.88876	3.696597	2.028695
17556	-174.7717	-237.6457	62.874	2.223667	2.344986
17562	-169.3191	-233.2068	63.88774	1.600646	2.092719
17568	-176.6052	-240.7984	64.19319	1.295196	2.092719
17574	-173.3578	-237.1073	63.74958	1.320848	2.362279
17580	-169.9945	-233.1349	63.14035	1.930074	2.362279
17586	-172.9445	-236.8495	63.905	2.474659	1.470724
17592	-170.8694	-235.0256	64.15625	1.815547	1.766191
17598	-167.6163	-231.3849	63.76857	2.203233	1.766191
17604	-173.5462	-235.8698	62.32359	2.497979	2.518779
17610	-173.3337	-234.7766	61.44291	3.058837	2.716468
17616	-175.1185	-238.5946	63.47607	2.432928	1.809778
17622	-173.1146	-236.7042	63.58964	3.65184	0.5193137
17628	-172.5964	-235.7807	63.18424	2.5154	1.952383
17634	-179.3534	-240.4621	61.10873	1.276204	3.963812
17640	-175.4653	-239.467	64.00176	2.37591	1.472231
17646	-181.544	-245.9291	64.38506	2.166407	1.337252
17652	-182.3253	-246.2433	63.91804	2.52004	1.426114
17658	-186.2186	-248.0183	61.79977	1.791478	3.263447
17664	-188.6234	-251.424	62.80062	1.932345	2.573909
17670	-186.4844	-250.2262	63.74187	3.050361	1.134781
17676	-186.5384	-250.3868	63.84843	2.943806	1.134781
17682	-184.5308	-248.2845	63.75371	2.929851	1.228994
17688	-185.0807	-248.1646	63.08387	2.751504	1.860382
17694	-183.4668	-245.4276	61.96078	3.874591	1.860382
17700	-181.553	-243.9762	62.4232	4.194242	1.283914
17706	-184.916	-248.6837	63.76771	3.051033	1.110883
17712	-175.0636	-239.4589	64.39533	2.324194	1.198418
17718	-172.078	-236.2907	64.2127	3.007936	0.6111694
17724	-177.377	-240.2442	62.86728	2.909314	1.90042
17730	-175.2561	-238.7643	63.50828	3.231401	1.181035
17736	-180.0101	-244.3727	64.36259	2.270704	1.270891
17742	-175.5312	-240.3926	64.86139	2.378384	0.5356858
17748	-178.1258	-241.3535	63.22769	2.301148	2.066087
17754	-168.5647	-231.4103	62.84564	1.301946	2.931673
17760	-172.489	-236.5563	64.06731	1.593668	1.978308
17766	-174.6248	-239.2206	64.59582	1.753477	1.493633
17772	-177.6467	-242.2074	64.56075	2.15258	1.203721
17778	-178.3015	-241.9979	63.6964	2.096946	1.889041
17784	-182.7626	-246.5329	63.77026	2.849656	1.281887
17790	-179.256	-243.7315	64.47555	2.27683	1.169986
17796	-184.7642	-247.0972	62.33295	1.798543	2.941368
17802	-178.3102	-242.6655	64.35526	1.955721	1.522295
17808	-177.7552	-242.5972	64.84202	1.963967	1.122435
17814	-178.7783	-242.9609	64.18253	2.275748	1.410515
17820	-171.4097	-236.2709	64.86123	2.343706	0.6492142
17826	-170.2597	-235.2743	65.01465	2.188001	0.6541252
17832	-175.13	-240.0038	64.8738	1.870411	1.177102
17838	-173.3763	-238.0323	64.65602	2.088184	1.177102
17844	-184.9621	-247.583	62.62086	2.849572	2.104498
17850	-177.777	-240.9496	63.17262	2.485482	1.980233
17856	-174.6695	-238.514	63.84443	1.957521	1.883182
17862	-175.249	-238.6501	63.40115	2.784119	1.614583
17868	-178.0349	-241.9861	63.95128	3.236621	0.3527979
17874	-170.4309	-233.3382	62.90734	2.925473	1.862133
17880	-169.7749	-232.9231	63.14819	1.864149	2.399046
17886	-175.5578	-238.1638	62.606	0.9758866	3.268975
17892	-183.8072	-242.2136	58.40646	1.537854	5.332423
17898	-179.3092	-243.2251	63.9159	3.24608	0.7278734
17904	-174.3855	-237.206	62.82049	2.062922	2.480124
17910	-172.0388	-235.8817	63.84286	2.797406	1.265137
17916	-183.1765	-247.3552	64.17871	2.868711	0.880116
17922	-177.523	-241.5144	63.99145	3.093358	0.8352788
17928	-181.198	-245.4193	64.22121	2.757007	0.9561457
17934	-186.6413	-249.5322	62.89087	4.272	0.7264558
17940	-193.3414	-255.4964	62.15496	3.712206	1.838596
17946	-187.2965	-252.2271	64.93059	2.218131	0.748425
17952	-186.1771	-249.678	63.50089	3.647826	0.748425
17958	-186.5092	-250.0101	63.50089	3.647826	0.748425
17964	-188.0409	-251.5495	63.50863	3.141444	1.257004
17970	-178.9706	-242.4099	63.43932	3.343463	1.143203
17976	-180.7154	-243.7592	63.04378	3.102363	1.64281
17982	-186.5375	-249.3912	62.85372	3.292421	1.64281
17988	-191.3153	-254.8451	63.52983	2.279437	1.8782
17994	-191.3773	-254.8768	63.49948	2.796629	1.53335
18000	-188.65	-252.0171	63.36709	2.929022	1.53335
18006	-182.6536	-245.8392	63.18561	2.346945	2.063637
18012	-188.2883	-250.5314	62.24316	2.092539	2.817807
18018	-193.754	-255.0535	61.29946	2.888365	2.907391
18024	-186.8734	-248.6711	61.79774	3.031422	2.514041
18030	-180.5453	-244.8593	64.31395	2.475687	1.137096
18036	-184.7082	-247.4775	62.76924	2.992878	1.910227
18042	-186.0486	-247.3427	61.29412	2.579585	3.095859
18048	-186.9322	-250.0777	63.14554	2.081011	2.262673
18054	-186.813	-250.7607	63.94768	1.873644	1.869977
18060	-185.9764	-250.4443	64.46785	2.370479	1.092954
18066	-184.8631	-246.4486	61.58555	1.924352	3.311416
18072	-186.7634	-249.7653	63.00192	2.378054	2.163568
18078	-188.9314	-250.52	61.58858	3.495999	2.353296
18084	-187.2611	-249.3751	62.11403	2.014443	2.943189
18090	-183.2522	-245.6716	62.41933	1.709141	2.943189
18096	-186.758	-248.7578	61.99978	2.622965	2.642092
18102	-182.8507	-246.6003	63.74959	3.344274	0.8238796
18108	-186.4544	-250.9577	64.50324	2.536537	0.8889091
18114	-178.5199	-242.3238	63.80385	2.180271	1.75759
18120	-178.7545	-241.2185	62.464	1.447568	3.073265
18126	-179.0127	-241.9461	62.93348	3.128336	1.702949
18132	-185.3725	-249.2792	63.90662	2.581397	1.387374
18138	-182.4371	-244.194	61.75685	2.847027	2.653723
18144	-183.1706	-248.3185	65.14788	1.866467	0.9173997
18150	-172.2852	-235.7199	63.43466	3.777834	0.6319812
18156	-171.2701	-234.1191	62.84904	2.467817	2.204499
18162	-175.7831	-238.0839	62.30077	2.489347	2.53838
18168	-179.7477	-242.3671	62.61936	2.801602	2.136864
18174	-188.5502	-249.7599	61.20964	2.801602	3.013631
18180	-183.7051	-246.8533	63.14825	2.202875	2.182308
18186	-182.8627	-246.6087	63.74606	1.562504	2.209859
18192	-189.2632	-252.9795	63.7163	1.753226	2.105095
18198	-189.5944	-250.3619	60.76745	3.342058	2.954609
18204	-193.0104	-254.6423	61.63186	2.477641	2.954609
18210	-187.3758	-251.7515	64.3757	2.85901	0.4412616
18216	-177.4276	-241.8285	64.40089	2.83382	0.4412616
18222	-183.5717	-247.7362	64.16453	1.961786	1.657032
18228	-185.0102	-249.1953	64.1851	2.789976	0.95943
18234	-178.8523	-243.5157	64.66348	2.495197	0.733105
18240	-181.4579	-243.8766	62.41871	3.731725	1.639724
18246	-180.8202	-245.0185	64.19828	1.952156	1.639724
18252	-186.9206	-247.5587	60.63815	1.863998	3.896665
18258	-185.7157	-247.9023	62.18664	2.750633	2.446335
18264	-188.6794	-251.5378	62.85847	1.805055	2.616914
18270	-188.6415	-247.5033	58.86179	2.00044	4.823293
18276	-183.011	-247.3586	64.34758	1.857903	1.599912
18282	-181.8418	-244.6419	62.80009	3.405386	1.599912
18288	-175.1138	-239.5622	64.44833	2.751735	0.6595248
18294	-176.1241	-240.8177	64.69358	2.422898	0.7942766
18300	-189.5508	-254.309	64.75817	2.399223	0.7351278
18306	-182.3469	-247.1617	64.81479	2.264994	0.8414978
18312	-190.5712	-253.9815	63.41027	3.446048	1.07627
18318	-194.6707	-258.2746	63.60398	3.637157	0.4772629
18324	-196.3385	-261.0458	64.7073	2.356829	0.8604848
18330	-190.7628	-254.7593	63.99646	2.69827	1.219557
18336	-190.8447	-252.7392	61.89457	3.324044	2.267771
18342	-189.8228	-252.0988	62.27605	2.061886	2.816449
18348	-194.1361	-254.3853	60.24922	4.466752	2.584446
18354	-186.4056	-249.4273	63.02172	4.096037	0.7925541
18360	-189.208	-253.5551	64.34715	2.894914	0.5086226
18366	-183.5571	-247.5326	63.97553	2.536661	1.368409
18372	-178.2405	-241.9036	63.66308	2.655673	1.516502
18378	-178.7594	-243.1702	64.41084	2.778196	0.6812342
18384	-173.7917	-237.7719	63.98012	3.167282	0.7504018
18390	-183.322	-246.432	63.10993	2.609658	1.938957
18396	-176.354	-240.0819	63.72791	1.991682	1.938957
18402	-181.0033	-244.1971	63.19382	2.52577	1.938957
18408	-181.9454	-243.3309	61.38552	2.493284	3.092819
18414	-176.3798	-240.1742	63.79439	2.908683	1.21247
18420	-179.3405	-240.7498	61.40933	1.999613	3.370777
18426	-178.2299	-238.6446	60.41475	2.54097	3.635143
18432	-177.3895	-239.7012	62.31176	2.085179	2.780528
18438	-180.8369	-243.944	63.10711	1.631261	2.57055
18444	-181.281	-244.8112	63.53024	2.690869	1.588528
18450	-180.9957	-244.9572	63.96155	2.108998	1.696769
18456	-179.5901	-240.1093	60.51925	2.577865	3.553019
18462	-186.1941	-250.6877	64.49353	2.748556	0.4920992
18468	-179.113	-243.9412	64.82815	2.409402	0.4532983
18474	-179.3006	-244.0944	64.79381	2.448293	0.4927341
18480	-180.9782	-243.6513	62.67308	1.76054	2.758149
18486	-179.4126	-244.0256	64.61299	2.220258	1.097627
18492	-184.4555	-243.454	58.9985	2.263477	4.599683
18498	-178.2347	-241.6846	63.44997	2.132082	2.030891
18504	-178.8172	-241.8757	63.05846	2.379484	2.125773
18510	-180.292	-244.7301	64.43813	2.798779	0.5532604
18516	-178.9427	-242.8008	63.85818	3.378733	0.5532604
18522	-184.4777	-247.0769	62.59922	2.784829	2.16092
18528	-184.9708	-248.5135	63.54277	2.994935	1.348213
18534	-181.4323	-244.3341	62.90181	3.635902	1.348213
18540	-185.1201	-249.4652	64.34507	2.573808	1.01634
18546	-183.0815	-247.3515	64.26998	2.390149	1.248644
18552	-187.1718	-249.7771	62.60524	2.989629	2.022381
18558	-177.7999	-242.1193	64.31938	2.90849	0.5895135
18564	-183.3636	-247.2172	63.85362	2.721768	1.318064
18570	-188.2705	-252.5679	64.29737	2.884812	0.6938044
18576	-190.3934	-253.3504	62.95702	3.499818	1.411629
18582	-191.973	-250.8785	58.90558	2.01936	4.788297
18588	-185.2314	-248.9395	63.70805	3.525307	0.5695159
18594	-187.1748	-249.9064	62.73157	3.883003	1.286262
18600	-183.7304	-246.7795	63.04909	3.037113	1.685651
18606	-185.3873	-247.6248	62.23751	1.946347	2.909792
18612	-185.4499	-249.767	64.31711	2.530824	1.084075
18618	-180.4717	-244.6006	64.12899	2.431973	1.329659
18624	-180.4948	-244.682	64.18728	2.202053	1.463389
18630	-174.5667	-239.0599	64.49319	2.096637	1.3064
18636	-178.9033	-242.8155	63.91226	2.451803	1.482517
18642	-177.4669	-241.0857	63.61873	2.312716	1.794246
18648	-178.6367	-242.6699	64.03316	2.422677	1.412409
18654	-188.0647	-251.9004	63.8357	3.388431	0.6011849
18660	-184.4659	-249.0191	64.55323	2.521765	0.8473733
18666	-187.4233	-251.3801	63.95674	3.277817	0.5644446
18672	-189.2685	-250.4056	61.13705	4.461827	2.019717
18678	-186.5769	-247.3069	60.73	2.950055	3.210929
18684	-178.6391	-242.9927	64.35357	2.282735	1.268402
18690	-175.3352	-239.6029	64.26774	2.368566	1.268402
18696	-181.6068	-245.6742	64.06742	3.168005	0.5605416
18702	-178.0672	-241.5744	63.50723	3.703638	0.6358336
18708	-180.6005	-244.9082	64.30771	2.907837	0.6245213
18714	-181.3309	-245.8825	64.5516	2.555591	0.8066494
18720	-185.5986	-249.5301	63.93146	2.98503	1.018689
18726	-185.0419	-249.3105	64.2686	2.118196	1.465313
18732	-183.4972	-244.3601	60.86287	1.411407	4.027054
18738	-182.2458	-242.4837	60.23786	2.036418	4.027054
18744	-177.6229	-242.1121	64.48921	2.43038	1.015643
18750	-179.4105	-243.4292	64.01875	3.110513	0.7766887
18756	-185.3693	-247.3503	61.98103	2.554394	2.695816
18762	-178.2083	-242.4433	64.235	2.661098	1.038531
18768	-182.263	-245.0076	62.74459	4.470834	0.3930352
18774	-182.0043	-246.0083	64.00396	2.68723	1.222555
18780	-195.7673	-257.3176	61.55031	4.700456	1.566822
18786	-190.3049	-253.1488	62.84385	4.042257	1.048126
18792	-192.0753	-253.6718	61.59651	5.124552	1.197094
18798	-190.7775	-252.8503	62.07279	3.997451	1.696983
18804	-190.4898	-251.9319	61.44208	4.628165	1.696983
18810	-192.6925	-255.4522	62.75965	2.919502	1.966138
18816	-189.4186	-253.1761	63.75745	3.373928	0.7737148
18822	-188.1252	-252.1721	64.04686	3.176012	0.6048791
18828	-186.7556	-250.8619	64.1063	3.056627	0.7263591
18834	-190.7878	-253.9706	63.18282	3.413878	1.300829
18840	-193.4674	-256.5766	63.10919	4.060145	0.7159155
18846	-188.5738	-252.3661	63.79229	3.377037	0.7159155
18852	-198.0322	-259.3834	61.35117	4.783469	1.651072
18858	-195.4626	-255.7188	60.25625	6.33347	1.306489
18864	-188.0294	-251.2666	63.23719	3.996982	0.4392613
18870	-186.3107	-250.0545	63.74382	3.364377	0.8053269
18876	-186.3957	-250.2557	63.85995	2.343607	1.601309
18882	-189.5772	-250.8367	61.2595	3.836682	2.345925
18888	-188.2178	-252.0621	63.84427	3.394709	0.4608999
18894	-190.4803	-254.1244	63.64408	3.596417	0.4713516
18900	-182.7634	-245.8108	63.04745	4.193051	0.4713516
18906	-184.0838	-247.5085	63.42466	3.792256	0.3958148
18912	-184.7197	-248.1452	63.42549	3.792256	0.3973985
18918	-182.2878	-246.0651	63.77736	3.462809	0.4687447
18924	-181.6062	-245.377	63.77081	3.462809	0.437309
18930	-184.9538	-247.4668	62.51298	4.152522	1.244157
18936	-179.5222	-242.9661	63.44386	3.797305	0.4774638
18942	-178.6661	-242.1108	63.44472	3.797305	0.5096702
18948	-180.2775	-243.7222	63.44472	3.797305	0.5096702
18954	-183.6099	-247.0193	63.40944	3.797588	0.3788355
18960	-185.7476	-249.6968	63.94922	2.328398	1.54704
18966	-184.9279	-247.7859	62.85798	3.429008	1.540107
18972	-186.4788	-249.6709	63.19209	2.204149	2.152983
18978	-184.8777	-249.1715	64.29386	2.759317	0.8734234
18984	-184.0659	-248.2713	64.20536	2.567312	1.152162
18990	-182.2764	-245.7794	63.50291	3.738704	0.5174863
18996	-186.4685	-246.6995	60.23096	5.52845	1.912063
19002	-183.5366	-244.9709	61.43427	5.067267	1.376782
19008	-182.944	-244.5497	61.60572	2.921985	2.700552
19014	-176.4799	-240.4211	63.94127	2.158348	1.676108
19020	-189.2734	-253.1269	63.85357	2.246044	1.676108
19026	-184.0763	-245.7321	61.65584	3.78403	2.124517
19032	-187.1718	-250.0463	62.87449	3.37817	1.565424
19038	-187.1882	-247.2866	60.0984	4.888572	2.41505
19044	-184.6317	-247.4239	62.7922	2.194772	2.41505
19050	-181.5268	-246.4065	64.87966	2.355866	0.4443984
19056	-180.7965	-245.2831	64.48653	2.63384	0.7889993
19062	-177.7288	-240.8864	63.15759	4.07948	0.5523993
19068	-179.0786	-243.6626	64.58406	2.65322	0.5513006
19074	-183.049	-246.9993	63.95025	3.287028	0.5513006
19080	-184.9433	-246.1511	61.20784	5.779451	0.9465829
19086	-184.6279	-248.0146	63.38671	3.544507	0.2017809
19092	-180.499	-244.7347	64.23573	2.965316	0.3699136
19098	-184.2889	-247.0687	62.77988	4.263606	0.8846623
19104	-180.3619	-243.3638	63.00184	3.730211	1.187637
19110	-179.15	-242.6021	63.45209	3.650818	0.8122443
19116	-183.4017	-246.7008	63.29914	1.713749	2.398699
19122	-176.3815	-240.8586	64.4771	2.75862	0.4451989
19128	-178.3731	-242.9855	64.61244	2.519973	0.772242
19134	-181.8232	-245.7709	63.94773	3.287157	0.562953
19140	-180.8765	-244.1416	63.26503	3.958229	0.4088646
19146	-182.5471	-246.7148	64.16768	3.058658	0.5944366
19152	-185.3292	-245.7407	60.4115	4.363755	2.547635
19158	-178.7236	-242.6072	63.88358	2.466566	1.492996
19164	-176.8066	-240.7532	63.94663	2.403521	1.492996
19170	-183.6944	-245.3663	61.67188	1.641779	3.42664
19176	-179.2706	-239.5429	60.27234	5.204421	2.100347
19182	-176.0784	-239.5224	63.44403	3.3969	1.090556
19188	-173.4436	-237.3744	63.9308	3.25383	0.6893757
19194	-174.7204	-238.6891	63.96875	3.25383	0.605705
19200	-175.9562	-239.2415	63.28526	3.901831	0.3518325
19206	-179.1182	-241.8567	62.73851	4.474893	0.3893883
19212	-183.3368	-245.3953	62.05846	1.916649	3.035274
19218	-184.0128	-246.0954	62.08259	4.21582	1.531646
19224	-188.7456	-253.1282	64.38259	2.795065	0.7017852
19230	-183.7057	-246.0171	62.31142	3.116953	2.13203
19236	-180.5669	-244.0346	63.46773	1.656499	2.328086
19242	-185.657	-248.1756	62.51856	3.403509	1.80074
19248	-184.2381	-246.6552	62.41712	3.544233	1.77347
19254	-181.7927	-246.1259	64.33312	2.780543	0.7980653
19260	-176.0461	-240.5361	64.49006	2.623604	0.7980653
19266	-181.2847	-245.8745	64.58986	2.42643	0.9152557
19272	-184.2702	-247.9721	63.70197	2.298161	1.746385
19278	-181.0606	-245.2378	64.1772	2.595365	1.152257
19284	-180.5097	-243.948	63.43832	3.720415	0.7330111
19290	-181.0315	-243.9174	62.88588	3.287755	1.622997
19296	-178.4039	-242.2831	63.87915	2.69949	1.315445
19302	-181.2466	-244.5013	63.25475	2.085181	2.189565
19308	-182.1077	-243.5699	61.46215	3.877774	2.189565
19314	-183.8896	-247.7881	63.89854	3.091571	0.9435853
19320	-180.6776	-244.2329	63.55534	3.600881	0.3202714
19326	-180.8615	-244.7464	63.88486	2.951305	1.094952
19332	-179.3884	-241.8008	62.41242	4.170144	1.312276
19338	-177.8994	-241.5462	63.64674	2.280352	1.797262
19344	-180.5888	-243.9928	63.40398	2.694841	1.67667
19350	-180.2263	-244.3393	64.11295	3.068764	0.6946298
19356	-175.8169	-240.4385	64.62166	2.560058	0.6946298
19362	-176.0233	-240.3281	64.30477	2.926672	0.576994
19368	-175.0144	-237.7515	62.73706	1.952512	2.600804
19374	-176.7187	-239.0087	62.28998	1.917142	2.895735
19380	-178.9747	-243.2572	64.28244	2.811136	0.8242413
19386	-175.7468	-238.4328	62.68601	3.664615	1.492639
19392	-177.6231	-239.7032	62.08007	2.856463	2.446801
19398	-178.5869	-241.7979	63.21104	2.42572	1.994489
19404	-176.725	-240.0353	63.31022	3.054742	1.481842
19410	-173.3504	-237.0653	63.7149	2.513728	1.583034
19416	-172.6238	-236.625	64.00122	2.522445	1.35935
19422	-182.3618	-243.7916	61.4298	2.49423	3.065822
19428	-180.6372	-243.4656	62.82838	2.077281	2.466181
19434	-175.6829	-237.7912	62.10834	2.484169	2.660723
19440	-179.9291	-242.2006	62.27148	3.836302	1.670281
19446	-179.1182	-243.3678	64.24954	2.772658	0.9087167
19452	-178.7814	-241.9583	63.17692	2.563006	1.92524
19458	-180.1116	-242.9813	62.86967	1.873995	2.567265
19464	-178.8887	-243.3223	64.43362	2.600308	0.8955645
19470	-178.7183	-243.345	64.62674	2.600308	0.5921948
19476	-180.8705	-242.6132	61.74279	2.414132	2.926044
19482	-181.6631	-244.4247	62.76156	1.959324	2.5814
19488	-182.7453	-246.9399	64.1946	1.968827	1.630364
19494	-180.0056	-243.7774	63.77181	3.164056	0.9994929
19500	-182.1262	-246.44	64.31377	2.636665	0.9848023
19506	-183.818	-248.4006	64.58258	2.481997	0.8599501
19512	-189.2336	-251.1789	61.94528	2.498787	2.751768
19518	-186.7002	-251.1294	64.42918	2.458806	1.04633
19524	-190.4561	-254.6254	64.16933	2.3224	1.384473
19530	-187.8367	-251.5658	63.72909	2.796713	1.357655
19536	-194.5883	-258.0336	63.4453	3.136851	1.312611
19542	-188.6811	-253.1777	64.49669	2.010393	1.372427
19548	-187.3876	-251.0435	63.65596	2.69626	1.491437
19554	-182.829	-246.8875	64.0585	2.167681	1.584821
19560	-175.8887	-239.6651	63.77637	3.370321	0.7514705
19566	-181.3261	-244.4672	63.14115	3.170221	1.522008
19572	-184.9936	-245.8076	60.81396	3.515794	2.821418
19578	-186.1047	-247.0441	60.93934	3.968392	2.464886
19584	-186.4729	-250.5409	64.06807	2.680291	1.173489
19590	-190.3144	-254.8192	64.50477	2.698853	0.6520435
19596	-185.0165	-249.5119	64.49549	2.721066	0.6219594
19602	-177.1688	-241.5777	64.40883	2.807725	0.6219594
19608	-178.8219	-242.7917	63.96983	3.174051	0.7556507
19614	-182.4985	-246.7404	64.24185	2.997276	0.5402565
19620	-185.625	-249.7016	64.07657	3.164391	0.5253571
19626	-185.4775	-249.4756	63.99808	2.969804	0.9669121
19632	-187.5266	-250.7467	63.22007	3.445927	1.243743
19638	-186.1852	-250.3946	64.20935	2.456645	1.243743
19644	-185.5926	-247.7821	62.18948	4.089267	1.546209
19650	-180.3744	-243.8072	63.43286	3.448472	1.052685
19656	-190.4272	-251.3397	60.91244	3.003311	3.070763
19662	-190.3272	-253.179	62.85174	2.589339	2.123724
19668	-192.3482	-255.9494	63.60119	3.208488	1.119105
19674	-185.6857	-248.1627	62.47703	3.637977	1.665127
19680	-184.8693	-249.5233	64.65404	1.860331	1.366684
19686	-185.0605	-248.3336	63.27302	3.241351	1.366684
19692	-193.8385	-255.8567	62.01827	3.434267	2.116225
19698	-183.8181	-247.7937	63.97564	3.150256	0.7813943
19704	-179.8829	-243.8343	63.9514	3.069519	0.9101355
19710	-181.1351	-244.9471	63.81196	3.259359	0.8518414
19716	-181.6622	-245.6167	63.95454	2.127236	1.688797
19722	-187.6644	-252.0904	64.42602	2.28313	1.207295
19728	-192.6002	-253.9034	61.30317	2.790977	2.963847
19734	-179.8256	-244.5124	64.68676	2.494346	0.6957217
19740	-181.322	-245.3833	64.06133	3.180863	0.5025346
19746	-183.5841	-247.2963	63.71217	2.156532	1.837538
19752	-181.2497	-245.5131	64.2634	2.949065	0.6320692
19758	-183.0632	-247.3226	64.25937	2.502645	1.161543
19764	-185.9544	-248.5433	62.5889	2.20599	2.535412
19770	-178.9438	-243.3514	64.40758	2.801278	0.6404843
19776	-178.9854	-242.2956	63.31015	2.358951	1.972874
19782	-179.1342	-240.1956	61.06147	4.710401	1.903622
19788	-179.8631	-242.6764	62.81337	3.321743	1.65073
19794	-177.7361	-238.2665	60.53031	3.163213	3.202952
19800	-177.1557	-240.3673	63.21161	3.631098	1.088918
19806	-182.2156	-244.8156	62.60002	4.242686	1.088918
19812	-182.1797	-242.6957	60.51597	5.698235	1.593558
19818	-180.0187	-244.0535	64.0348	2.865267	1.034702
19824	-173.7851	-237.7087	63.92361	3.070719	0.9390968
19830	-173.5929	-237.3801	63.78728	3.372528	0.3235043
19836	-178.9023	-243.1364	64.23415	2.982923	0.3961035
19842	-176.1421	-240.3444	64.20228	2.982923	0.3496204
19848	-180.1593	-244.9317	64.77239	2.469777	0.5045949
19854	-179.573	-242.6117	63.03867	2.410229	2.118609
19860	-173.9757	-238.2883	64.31266	1.742464	1.707687
19866	-176.4829	-238.2909	61.80805	1.606504	3.367485
19872	-178.206	-239.5119	61.30593	2.108618	3.367485
19878	-177.8425	-241.1389	63.29642	2.593639	1.822845
19884	-179.3359	-243.4751	64.13918	2.029731	1.626406
19890	-180.9707	-241.7833	60.81259	2.50378	3.42505
19896	-181.1621	-245.3712	64.20911	2.671689	1.053194
19902	-177.3429	-240.7589	63.416	3.6996	0.288708
19908	-181.0814	-243.6049	62.52352	4.37281	0.1905245
19914	-175.6279	-239.4938	63.86583	3.040928	1.028204
19920	-176.423	-240.4475	64.02453	3.012127	0.8924677
19926	-174.1205	-237.7918	63.67124	3.365417	0.8924677
19932	-174.3935	-238.0269	63.6334	3.482403	0.7951822
19938	-172.0533	-236.5959	64.54261	2.377651	1.014985
19944	-172.0497	-235.2159	63.1662	2.35306	2.072403
19950	-175.8515	-240.0863	64.23483	2.980751	0.6244157
19956	-181.6993	-243.7489	62.04956	2.970738	2.394011
19962	-186.9997	-249.0942	62.09452	3.357232	2.11674
19968	-180.6152	-243.8122	63.19703	2.51331	1.945186
19974	-187.035	-250.9755	63.94049	2.407146	1.494886
19980	-180.2716	-244.3348	64.06322	2.284416	1.494886
19986	-182.8785	-246.0485	63.16998	3.419292	1.306853
19992	-180.4739	-244.0533	63.57941	3.58645	0.3291983
19998	-185.3455	-248.8044	63.45891	3.578268	0.2441961
20004	-181.2899	-244.339	63.04911	3.941073	0.2235694
20010	-179.6375	-243.7953	64.15784	3.044594	0.6545694
20016	-184.5441	-244.2581	59.71399	4.06291	3.153481
20022	-179.9125	-244.0545	64.14199	2.986652	0.7775565
20028	-181.5912	-245.6387	64.04748	2.986652	0.895335
20034	-184.8613	-247.8481	62.98679	2.771406	1.912889
20040	-172.2975	-236.593	64.29555	2.631255	1.008514
20046	-174.0881	-238.3651	64.27699	2.64982	1.008514
20052	-169.1553	-233.6112	64.45589	2.526429	0.9518419
20058	-180.3212	-243.5141	63.1929	3.451617	1.261612
20064	-186.9247	-247.8688	60.94405	5.013903	1.775834
20070	-183.0968	-246.2301	63.13325	3.687751	1.108825
20076	-186.7371	-249.1759	62.43884	4.547714	0.9473699
20082	-187.1926	-251.9087	64.71607	2.478694	0.670231
20088	-190.827	-252.7017	61.87468	1.340856	3.484003
20094	-186.942	-250.8325	63.89041	1.942768	1.861881
20100	-181.0896	-243.3004	62.2108	2.885381	2.345927
20106	-179.669	-241.465	61.79596	3.849576	1.988632
20112	-185.5208	-248.7582	63.23744	3.4503	1.225471
20118	-177.1211	-240.3399	63.2188	3.335234	1.335206
20124	-176.1871	-238.8373	62.65019	2.87349	2.069487
20130	-179.8082	-242.3937	62.58545	2.753926	2.189922
20136	-180.3864	-244.405	64.01868	3.157317	0.7046483
20142	-187.9561	-250.7069	62.75073	2.629492	2.163411
20148	-180.723	-245.3472	64.62425	1.719638	1.497696
20154	-183.2324	-246.1051	62.87269	2.949572	1.869336
20160	-176.6131	-238.7036	62.09045	2.833884	2.454468
20166	-180.6435	-242.202	61.55849	4.188337	1.920575
20172	-179.9277	-241.3091	61.38144	3.705691	2.351675
20178	-177.3898	-240.5101	63.12036	4.054569	0.3382927
20184	-178.5087	-240.988	62.47938	4.640751	0.2918409
20190	-172.0292	-234.2173	62.18812	4.615577	0.1650381
20196	-174.741	-236.3403	61.59928	5.233926	0.1725557
20202	-174.5474	-238.0715	63.52414	3.717985	0.4936368
20208	-170.6988	-233.2298	62.53099	4.659709	0.3562065
20214	-178.6364	-238.5056	59.86921	4.497696	2.798824
20220	-172.5403	-235.0387	62.49838	2.757296	2.24396
20226	-173.5191	-238.3864	64.86725	2.119616	0.9470401
20232	-174.104	-238.361	64.25698	2.797848	0.8714807
20238	-177.2662	-241.8857	64.61951	2.055397	1.23628
20244	-177.7544	-242.7271	64.9727	2.219684	0.6748607
20250	-178.8672	-242.4068	63.53965	3.657442	0.6655936
20256	-179.0156	-242.603	63.58741	3.649222	0.554676
20262	-176.5436	-240.8203	64.27663	2.718122	0.9386419
20268	-180.5135	-244.6048	64.09127	2.788235	1.054417
20274	-170.2188	-233.8115	63.59268	2.823583	1.442862
20280	-169.1786	-232.9985	63.81996	2.181132	1.74571
20286	-173.2087	-235.4801	62.27145	2.166773	2.755336
20292	-178.3419	-242.3418	63.99999	1.818898	1.87164
20298	-173.4043	-237.3891	63.98478	2.578267	1.327989
20304	-172.4547	-236.4122	63.95747	2.73532	1.221197
20310	-172.5657	-236.5668	64.00115	3.19334	0.3610171
20316	-173.9389	-236.0367	62.09784	2.106922	2.897161
20322	-177.3657	-241.93	64.56437	1.581719	1.642849
20328	-177.938	-242.4627	64.52468	2.396922	1.013661
20334	-171.0861	-235.0336	63.94751	2.515259	1.407037
20340	-171.1581	-235.1136	63.95551	2.805061	1.162815
20346	-170.7258	-235.0016	64.27583	2.93986	0.6241445
20352	-169.2074	-233.1503	63.94296	3.258371	0.6569036
20358	-161.7145	-225.6927	63.97825	3.262689	0.4751879
20364	-168.2811	-232.2605	63.97939	3.262689	0.4921677
20370	-166.7938	-230.7248	63.93099	3.311091	0.4921677
20376	-157.9255	-221.8547	63.92928	3.311091	0.5309458
20382	-159.4531	-223.5218	64.06862	3.152357	0.6102326
20388	-159.1538	-223.013	63.85917	2.677469	1.349064
20394	-160.4475	-224.5774	64.12992	2.678579	1.120163
20400	-164.1229	-228.3128	64.1899	2.429076	1.282659
20406	-164.3968	-228.9202	64.52346	2.507609	0.8987956
20412	-166.2922	-229.5043	63.21215	2.61862	1.863525
20418	-171.974	-236.2739	64.29986	2.012137	1.521544
20424	-181.4471	-242.7037	61.25662	2.333028	3.264392
20430	-181.1733	-245.5576	64.38426	2.480314	1.068539
20436	-173.3912	-237.3333	63.94214	2.420295	1.483747
20442	-179.7273	-242.9875	63.26024	3.01716	1.547203
20448	-182.7826	-247.1398	64.35717	2.508671	1.067348
20454	-191.5307	-252.873	61.34231	3.697678	2.381565
20460	-185.79	-249.6481	63.85809	3.383716	0.5143446
20466	-185.2814	-248.6964	63.41504	3.720584	0.7676628
20472	-182.6798	-246.161	63.48122	2.940851	1.43841
20478	-184.321	-247.7838	63.46277	2.940851	1.452517
20484	-185.95	-250.1835	64.23344	2.853178	0.8330199
20490	-178.1033	-241.7677	63.66439	3.3327	0.9361322
20496	-180.1682	-243.8446	63.67648	3.340389	0.9146205
20502	-181.3678	-245.1164	63.74867	2.730305	1.394433
20508	-180.8752	-244.4775	63.60227	3.377882	0.9541187
20514	-177.7901	-241.4419	63.65178	3.341336	0.9403899
20520	-182.8156	-245.9693	63.15365	4.021987	0.7052777
20526	-181.9841	-245.74	63.75589	3.394211	0.746333
20532	-179.2713	-242.2306	62.95935	4.246178	0.3765194
20538	-181.9988	-244.5202	62.5214	4.628473	0.3147497
20544	-188.6221	-251.5884	62.96632	4.273712	0.4677606
20550	-187.759	-251.4424	63.6834	2.72852	1.446179
20556	-191.226	-253.7577	62.53164	3.07204	2.016523
20562	-187.24	-250.996	63.75597	3.341836	0.8188448
20568	-189.5675	-252.379	62.8115	2.691458	2.083135
20574	-193.1538	-256.1254	62.97158	3.555928	1.356302
20580	-187.8527	-249.8686	62.01583	1.687952	3.196874
20586	-185.8627	-247.4531	61.59043	2.113349	3.196874
20592	-181.906	-244.5676	62.66158	1.439768	2.959518
20598	-183.2295	-247.4605	64.23102	1.908027	1.647905
20604	-181.4171	-244.3299	62.91284	2.295395	2.274425
20610	-172.6923	-236.6361	63.94379	3.232338	0.704427
20616	-179.7872	-243.022	63.23478	3.966135	0.6577638
20622	-175.7405	-238.1791	62.43859	4.664898	0.2807002
20628	-178.391	-240.8753	62.4843	4.419651	0.1928944
20634	-176.2528	-238.4755	62.22279	4.756285	0.2191586
20640	-171.1716	-233.3623	62.19069	4.756285	0.2072315
20646	-170.6187	-233.3104	62.69163	4.185271	0.1846911
20652	-174.8835	-237.4952	62.61166	4.320224	0.202005
20658	-184.6167	-245.433	60.8163	3.591587	2.773853
20664	-182.6699	-245.0288	62.35887	2.075765	2.757529
20670	-182.3765	-246.3192	63.94277	2.791527	1.185695
20676	-184.9977	-248.5033	63.50566	3.709012	0.6266806
20682	-182.7796	-246.1719	63.39234	3.812382	0.6496789
20688	-185.8807	-248.6753	62.79462	4.425203	0.4015358
20694	-181.9576	-245.8028	63.84514	3.388167	0.4362263
20700	-187.4478	-248.3538	60.90597	3.899839	2.528609
20706	-180.6848	-241.6649	60.98006	1.852256	3.706573
20712	-183.2939	-245.6205	62.32662	2.405817	2.574235
20718	-184.6896	-246.3288	61.63917	3.093267	2.574235
20724	-175.3651	-237.3026	61.93756	3.178621	2.333211
20730	-178.2715	-238.9183	60.64677	6.586535	0.5697375
20736	-181.4292	-241.5621	60.1329	6.764012	1.037747
20742	-175.1302	-239.2726	64.14238	2.681454	1.10625
20748	-178.9071	-239.8183	60.91123	3.18489	2.962661
20754	-176.3599	-239.9182	63.55835	3.243878	1.125823
20760	-179.6998	-241.0029	61.30304	4.835989	1.647921
20766	-182.9287	-243.5002	60.57155	4.918393	2.09169
20772	-177.2375	-240.9893	63.75186	3.459938	0.3866168
20778	-178.6978	-242.4766	63.7788	3.459938	0.5428168
20784	-174.6464	-238.3421	63.69565	3.54507	0.4732276
20790	-178.6668	-242.5317	63.86492	2.506904	1.476658
20796	-181.2906	-244.2174	62.92676	2.344807	2.233731
20802	-180.1719	-244.5077	64.33576	2.344807	1.231514
20808	-177.7508	-242.4442	64.69344	1.987135	1.231514
20814	-177.2257	-241.1754	63.9497	2.694083	1.26222
20820	-180.5715	-244.6763	64.10478	2.653814	1.164546
20826	-182.1823	-246.498	64.31562	2.653814	0.965306
20832	-181.0708	-244.1325	63.06165	2.090868	2.310057
20838	-183.3569	-245.5895	62.23258	2.919935	2.310057
20844	-179.5734	-243.6302	64.05682	3.065369	0.7865069
20850	-185.8346	-247.3481	61.5135	2.375951	3.086467
20856	-191.0197	-254.1876	63.16783	3.272285	1.424547
20862	-184.2368	-246.2195	61.98267	3.796473	1.898686
20868	-180.6634	-245.0206	64.35721	2.782377	0.7619369
20874	-182.6393	-246.6545	64.0152	3.02947	0.8832957
20880	-180.8967	-244.674	63.7773	3.087423	1.068397
20886	-176.6765	-240.7903	64.11384	2.95914	0.84983
20892	-173.6616	-236.7408	63.07919	2.760812	1.857215
20898	-175.4655	-239.2841	63.81859	3.012758	1.099373
20904	-172.8412	-236.2972	63.456	3.683303	0.3060899
20910	-172.8289	-236.7296	63.90063	2.92004	1.109131
20916	-179.9709	-243.0743	63.10338	3.71729	1.109131
20922	-178.5311	-242.5739	64.04286	2.840587	1.050667
20928	-177.4655	-241.3614	63.8959	3.192486	0.8308024
20934	-181.8847	-246.1334	64.2487	2.977452	0.5950313
20940	-177.7463	-241.8341	64.08786	3.081464	0.7159236
20946	-177.2564	-241.2052	63.9488	2.883876	1.098153
20952	-179.4649	-243.1668	63.70193	3.486039	0.6832343
20958	-178.4923	-242.1334	63.64109	3.486039	0.2968537
20964	-174.1871	-237.7594	63.57227	3.571736	0.3098687
20970	-176.2389	-239.8005	63.56164	3.476577	0.2446901
20976	-177.1629	-240.4421	63.2792	3.868314	0.3127612
20982	-182.9358	-246.0741	63.13826	3.868314	0.925889
20988	-182.5069	-243.468	60.96108	6.235499	0.6666253
20994	-179.1615	-241.3501	62.18865	3.526358	1.942047
21000	-178.983	-242.4715	63.4885	2.344583	1.861948
21006	-178.6632	-241.4034	62.74017	2.0152	2.559997
21012	-185.6874	-249.8771	64.18961	2.213086	1.453223
21018	-182.3201	-243.3687	61.04869	2.580417	3.241078
21024	-179.6809	-242.4746	62.79367	1.442259	2.878314
21030	-182.2842	-244.4473	62.16309	1.833457	3.022432
21036	-179.1648	-243.7537	64.58891	2.632814	0.6081377
21042	-177.9319	-241.5299	63.598	1.87756	2.101136
21048	-180.777	-241.8531	61.0761	2.318354	3.379281
21054	-183.4806	-245.6058	62.12518	1.269274	3.379281
21060	-186.3853	-248.5826	62.19732	1.420457	3.247774
21066	-175.7202	-240.486	64.7658	2.246471	0.9196703
21072	-179.7723	-244.5381	64.7658	2.246471	0.9196703
21078	-177.3706	-241.6572	64.28662	2.548992	1.095459
21084	-179.8374	-244.1844	64.347	2.843732	0.6780188
21090	-180.6901	-244.8812	64.19115	2.962322	0.7411974
21096	-178.23	-242.4788	64.2488	2.420212	1.241222
21102	-184.7799	-248.36	63.58014	3.088869	1.241222
21108	-190.3533	-253.408	63.05472	3.614291	1.241222
21114	-191.0377	-253.9764	62.93869	4.229432	0.3313977
21120	-191.0818	-254.9736	63.89173	3.303518	0.6692766
21126	-190.0534	-254.0208	63.96741	3.220892	0.6826182
21132	-182.7553	-247.3157	64.56041	2.440534	0.9319835
21138	-175.9838	-239.9723	63.98844	1.758448	1.920532
21144	-181.1796	-243.9286	62.749	2.366375	2.333721
21150	-182.1204	-246.148	64.02757	2.099261	1.656664
21156	-177.8684	-242.1961	64.32768	2.101035	1.433316
21162	-185.3515	-244.1272	58.77564	2.101035	4.81523
21168	-176.9334	-240.7807	63.84732	2.113905	1.773557
21174	-186.1337	-248.0203	61.88664	4.074588	1.773557
21180	-189.4202	-251.759	62.33879	4.784797	0.2942915
21186	-188.9046	-252.4664	63.5618	2.863391	1.436023
21192	-196.3609	-260.5704	64.20949	2.594562	1.124176
21198	-190.7162	-254.2416	63.52545	3.684398	0.6382127
21204	-187.6874	-251.6521	63.96462	3.265207	0.5828625
21210	-188.6584	-252.4183	63.75987	3.339511	0.8168205
21216	-190.2464	-253.5743	63.32789	3.895424	0.408991
21222	-186.8365	-250.7153	63.87887	3.225251	0.8106724
21228	-182.4531	-246.6906	64.23752	2.966104	0.3736512
21234	-181.8596	-245.777	63.91735	3.286274	0.3736512
21240	-183.6015	-248.0375	64.43605	2.801336	0.5507179
21246	-178.9348	-240.6548	61.71995	5.522016	0.4891352
21252	-176.5776	-239.4223	62.84467	2.275873	2.330436
21258	-174.9446	-239.0299	64.08526	3.096966	0.6937175
21264	-177.5402	-241.8196	64.27939	2.920132	0.6606525
21270	-177.0788	-239.9138	62.83498	3.678981	1.367014
21276	-176.2225	-239.0377	62.81516	2.725508	2.058281
21282	-180.1926	-243.4833	63.2907	2.249968	2.058281
21288	-175.8732	-239.5704	63.69727	3.090326	1.13892
21294	-174.9055	-237.172	62.26644	3.390571	1.980966
21300	-176.7211	-237.8592	61.13812	2.846346	3.029671
21306	-175.5121	-238.0262	62.51402	2.903864	2.138875
21312	-179.1392	-243.8121	64.67289	1.955139	1.275225
21318	-186.6033	-249.4495	62.84623	3.790898	0.1303506
21324	-178.0225	-241.0491	63.02666	3.610465	0.1303506
21330	-173.8787	-237.164	63.28535	3.610465	0.190365
21336	-178.3766	-242.2662	63.88962	3.006189	0.190365
21342	-176.889	-240.0828	63.19386	3.371926	1.325785
21348	-173.4625	-237.7459	64.28337	2.17413	1.411122
21354	-177.7214	-240.3643	62.64291	2.633427	2.230658
21360	-174.8821	-239.1203	64.23817	2.869933	0.8054416
21366	-176.6977	-240.2986	63.60093	3.388552	0.9442617
21372	-177.7376	-240.3049	62.56732	2.303892	2.487763
21378	-178.2548	-242.7824	64.52768	2.649257	0.7030377
21384	-177.5006	-241.4916	63.99101	3.006921	0.9352329
21390	-183.8317	-248.3717	64.53999	2.457941	0.9352329
21396	-188.5087	-252.7665	64.25781	2.98204	0.5351268
21402	-187.1741	-249.9307	62.7566	3.614251	1.477391
21408	-189.3609	-253.3577	63.99687	2.603927	1.297502
21414	-192.9933	-257.5592	64.56597	2.62695	0.673828
21420	-189.8873	-254.5992	64.71188	2.481043	0.673828
21426	-182.5552	-246.8349	64.27977	2.961609	0.5207002
21432	-186.4959	-250.3939	63.89796	3.343418	0.5207002
21438	-182.3455	-245.2685	62.92297	4.251928	0.3382678
21444	-188.5613	-251.1608	62.59948	4.56497	0.3278416
21450	-183.1292	-247.2641	64.13492	3.045484	0.3441824
21456	-188.8343	-251.025	62.19063	4.040513	1.581199
21462	-186.7423	-248.7862	62.04388	3.960943	1.743097
21468	-191.3999	-254.6529	63.25297	2.751852	1.743097
21474	-185.016	-249.21	64.19399	2.890085	0.8361871
21480	-183.3797	-248.0512	64.67153	2.429851	0.8142307
21486	-184.8207	-247.9103	63.08955	3.042144	1.653184
21492	-181.6731	-244.3383	62.66513	2.506029	2.298147
21498	-180.2482	-243.7025	63.45437	1.813785	2.23593
21504	-181.4417	-245.0432	63.60147	1.969929	2.037948
21510	-181.0995	-242.9542	61.8547	2.096765	3.049423
21516	-176.4294	-240.5671	64.13765	2.326781	1.405746
21522	-179.2647	-242.7387	63.47396	3.696948	0.3341686
21528	-181.5325	-245.683	64.15046	3.08738	0.4547037
21534	-184.3393	-247.8637	63.52442	3.632815	0.7353669
21540	-176.0899	-240.673	64.58306	2.574177	0.7353669
21546	-171.1284	-235.4703	64.34191	2.574177	1.01909
21552	-174.2458	-238.8704	64.62458	2.574177	0.6622238
21558	-176.0302	-239.8981	63.86792	3.180649	0.8787847
21564	-176.1849	-238.2735	62.08859	4.125547	1.593606
21570	-174.1415	-236.5027	62.3612	2.058237	2.766805
21576	-180.7594	-240.9191	60.15966	3.706781	3.100185
21582	-164.6839	-227.4586	62.77472	2.670533	2.120995
21588	-165.7406	-229.2635	63.52289	2.894889	1.441701
21594	-177.9166	-238.3851	60.46856	5.958902	1.434277
21600	-179.3512	-243.2861	63.93488	3.204258	0.7625963
21606	-174.3967	-237.674	63.27732	2.380624	1.980342
21612	-176.021	-238.8844	62.8634	1.831336	2.597606
21618	-176.1823	-239.4445	63.26227	1.420131	2.605238
21624	-168.1378	-232.3665	64.22879	2.366636	1.301865
21630	-174.509	-238.0367	63.52771	2.305007	1.862199
21636	-172.3013	-235.5233	63.22196	2.043567	2.237622
21642	-164.9609	-228.7384	63.77754	3.332659	0.8026808
21648	-166.4875	-229.7127	63.22526	4.015289	0.5293845
21654	-174.4045	-236.1734	61.76885	3.283456	2.373761
21660	-178.7278	-241.9963	63.26854	2.458784	1.933745
21666	-178.6765	-238.9375	60.261	3.004369	3.454889
21672	-170.1701	-234.2717	64.10153	2.896592	0.9350263
21678	-171.7691	-234.5925	62.82343	2.705621	2.065947
21684	-175.1148	-238.9421	63.8273	2.892691	1.198013
21690	-168.7701	-232.2164	63.44628	2.850917	1.532545
21696	-174.5802	-235.3172	60.73702	5.560174	1.532545
21702	-172.6051	-235.1308	62.52576	3.771435	1.532545
21708	-175.7174	-239.1068	63.38937	3.716588	0.2822935
21714	-173.7057	-236.1008	62.3951	2.875164	2.234569
21720	-168.7711	-231.9421	63.17104	4.019493	0.6784147
21726	-169.892	-234.3052	64.41322	2.77731	0.6784147
21732	-174.2754	-238.6368	64.36147	2.784303	0.7528437
21738	-173.6353	-237.6866	64.05132	3.177319	0.5869355
21744	-171.982	-235.8673	63.8853	2.630014	1.365942
21750	-175.5958	-238.7476	63.15182	2.785466	1.790198
21756	-169.6176	-233.1617	63.54405	3.335378	1.054499
21762	-175.1952	-239.0716	63.87637	3.360526	0.5533195
21768	-179.3816	-242.7608	63.37919	3.717971	0.2767191
21774	-180.7122	-244.2907	63.57845	3.633868	0.3875116
21780	-180.7882	-244.4765	63.68837	3.451966	0.7608569
21786	-186.6611	-248.5883	61.92712	3.099134	2.390249
21792	-180.6316	-244.0075	63.37594	3.302702	1.23314
21798	-183.3445	-246.3764	63.03188	3.478447	1.369872
21804	-181.2957	-244.9468	63.65113	3.188617	1.091645
21810	-182.6587	-244.9358	62.27711	2.854746	2.323231
21816	-183.6966	-246.2184	62.52186	1.857206	2.791417
21822	-183.8488	-244.8275	60.9787	3.400369	2.791417
21828	-182.385	-242.6961	60.31114	2.294037	3.837498
21834	-176.9719	-239.5471	62.5752	2.704239	2.228658
21840	-183.3381	-246.5488	63.21077	3.975909	0.685631
21846	-177.936	-240.7946	62.85861	3.900432	1.164156
21852	-176.8849	-238.6097	61.72487	1.648529	3.391636
21858	-177.6591	-241.6248	63.96579	2.184007	1.640186
21864	-175.7933	-239.8135	64.02019	3.017791	0.8909602
21870	-174.9719	-238.4757	63.5038	3.706308	0.6376168
21876	-177.5073	-240.7233	63.21602	4.004672	0.6110209
21882	-182.9305	-247.6833	64.75285	2.467835	0.6110209
21888	-181.629	-245.6638	64.0348	3.18088	0.6241884
21894	-181.1122	-244.7171	63.60485	3.4443	0.878111
21900	-180.6435	-244.6046	63.96111	3.08923	0.8767276
21906	-188.7728	-252.0885	63.31574	3.908568	0.6006563
21912	-184.9697	-247.6081	62.63832	3.632272	1.552225
21918	-181.2538	-244.9457	63.69184	3.383575	0.8468604
21924	-175.3397	-239.3487	64.00908	2.757954	1.157134
21930	-172.9976	-237.2105	64.21288	2.757954	0.9638477
21936	-173.1616	-237.429	64.26744	2.394134	1.247436
21942	-174.0475	-237.2985	63.25106	2.657326	1.810208
21948	-177.4201	-241.8283	64.40823	1.776147	1.615224
21954	-183.6248	-247.0857	63.46087	3.541616	0.9303281
21960	-183.1029	-246.477	63.37405	3.722702	0.8202007
21966	-187.5169	-251.1088	63.59188	3.162029	1.168647
21972	-179.4962	-241.9504	62.45411	2.24674	2.593816
21978	-185.8882	-249.2372	63.34898	3.108314	1.411276
21984	-188.898	-252.8098	63.91175	3.330358	0.5071066
21990	-188.4324	-252.6776	64.24512	2.996518	0.4833041
21996	-186.2435	-250.1181	63.87468	3.366958	0.4832814
22002	-184.8065	-248.094	63.28748	3.791888	0.2661544
22008	-190.3869	-254.1371	63.75023	3.471322	0.4051402
22014	-190.1637	-254.0404	63.87672	3.171156	0.8795889
22020	-189.6432	-252.19	62.54687	4.464401	0.2324038
22026	-189.1082	-252.4473	63.3391	3.902916	0.4904067
22032	-182.39	-245.9804	63.59033	3.313643	1.030917
22038	-180.9178	-244.8448	63.927	3.313643	0.5285201
22044	-184.9436	-249.0518	64.10819	3.076755	0.6888152
22050	-190.9527	-250.5983	59.64553	2.544812	4.074933
22056	-194.9891	-255.059	60.06992	2.119115	4.075681
22062	-198.6076	-262.224	63.61645	2.703249	1.515801
22068	-204.0672	-263.3469	59.27968	2.139711	4.511271
22074	-198.2385	-261.5482	63.30967	2.401352	1.944731
22080	-198.7494	-262.8781	64.12865	2.77008	1.035991
22086	-189.6677	-250.1385	60.47074	4.220755	2.599614
22092	-192.725	-255.3076	62.5826	2.10889	2.599614
22098	-194.0812	-254.9868	60.90558	3.785907	2.599614
22104	-195.5698	-256.6853	61.1155	3.512289	2.638978
22110	-190.9838	-255.1649	64.18106	2.944415	0.7819754
22116	-194.9883	-255.5391	60.55077	5.373457	1.799252
22122	-184.6082	-248.8523	64.24414	2.993271	0.5505838
22128	-182.4508	-246.4205	63.96968	3.267205	0.5533959
22134	-178.9741	-241.2667	62.29257	1.636919	3.06256
22140	-180.0343	-241.541	61.5067	3.110089	2.645761
22146	-190.3926	-252.5821	62.18951	2.953724	2.315975
22152	-196.6309	-258.7139	62.08294	2.495155	2.66959
22158	-187.1783	-251.0314	63.85303	2.483576	1.50316
22164	-183.8566	-247.188	63.33143	3.141596	1.399066
22170	-178.3908	-241.6076	63.21685	3.643612	1.07239
22176	-180.7351	-244.3434	63.60836	3.252103	1.07239
22182	-181.3668	-244.5979	63.23112	3.996739	0.5895381
22188	-177.789	-239.7699	61.98084	2.504391	2.72659
22194	-174.9705	-239.8899	64.91945	1.880551	1.127818
22200	-177.9629	-240.5568	62.59386	3.348878	1.786414
22206	-173.1731	-236.4707	63.29754	3.801258	0.8175707
22212	-172.9267	-236.7144	63.78769	3.297532	0.8347656
22218	-173.5492	-236.7178	63.16857	3.968524	0.3043589
22224	-173.9886	-237.5292	63.54059	3.596496	0.3043589
22230	-182.5969	-244.4996	61.90275	5.177769	0.2668092
22236	-175.6412	-238.4431	62.80193	4.258198	0.2556574
22242	-172.0582	-235.9547	63.89651	3.33251	0.5856726
22248	-176.4339	-240.409	63.97507	3.258736	0.5676303
22254	-175.9621	-240.1226	64.1605	3.078245	0.5427944
22260	-180.6746	-245.2419	64.56731	2.526094	0.8244595
22266	-173.6486	-238.5682	64.91962	1.575458	1.381852
22272	-176.2983	-238.7722	62.47387	1.858841	2.819626
22278	-170.9445	-234.8922	63.94766	2.256133	1.601136
22284	-173.4328	-235.7923	62.3595	1.882227	2.874808
22290	-169.5117	-232.2401	62.72844	1.513288	2.874808
22296	-172.533	-237.2094	64.67633	2.277915	0.9809231
22302	-174.7873	-239.1258	64.33851	2.270079	1.291149
22308	-182.0778	-246.2417	64.16387	2.444721	1.291149
22314	-181.7882	-244.9644	63.17623	3.353371	1.354646
22320	-176.5722	-240.8052	64.23304	2.754666	0.9461458
22326	-176.6028	-241.0476	64.44474	2.642218	0.8325898
22332	-188.2722	-252.922	64.6498	2.038764	1.224777
22338	-185.8501	-249.0971	63.24692	2.586711	1.86157
22344	-186.731	-251.0631	64.33203	2.873251	0.6484657
22350	-183.6236	-247.385	63.76142	3.478774	0.5323929
22356	-184.6334	-248.1707	63.53723	3.41277	0.2083089
22362	-192.4962	-255.2485	62.75229	4.416688	0.3322423
22368	-193.9857	-252.8312	58.84548	4.506686	3.404084
22374	-192.947	-257.6206	64.67361	2.404677	0.8433481
22380	-194.0613	-257.2852	63.22388	2.491585	1.941738
22386	-187.7765	-251.5092	63.73268	3.494162	0.5928595
22392	-189.9031	-252.7518	62.84868	2.376807	2.263362
22398	-190.9723	-254.8527	63.88042	2.032728	1.806913
22404	-183.8776	-246.2381	62.36052	4.355455	1.201461
22410	-177.5955	-241.448	63.85252	3.339829	0.3582757
22416	-173.8252	-238.7832	64.95794	2.137898	0.8213697
22422	-173.1171	-235.6691	62.55205	2.96252	2.075495
22428	-180.8204	-244.9279	64.1075	2.754086	1.071341
22434	-184.9556	-246.3273	61.3717	1.97891	3.404992
22440	-186.5654	-248.2183	61.65284	5.277941	1.004566
22446	-187.7089	-248.622	60.91308	6.265414	0.7003287
22452	-183.0652	-246.0866	63.02143	4.134646	0.3201366
22458	-185.6432	-249.3158	63.67259	3.548171	0.4034587
22464	-191.178	-253.2496	62.07159	4.861654	0.202467
22470	-185.4707	-248.8632	63.3925	3.732416	0.7827481
22476	-186.4094	-251.2017	64.79233	2.384628	0.7029912
22482	-180.9999	-245.533	64.53309	2.66991	0.6533853
22488	-179.2041	-243.1315	63.92748	3.025063	0.9826636
22494	-186.3904	-248.5787	62.18823	4.718389	1.028338
22500	-181.856	-246.3926	64.53654	2.558888	0.8218939
22506	-181.4553	-244.9602	63.50495	3.723167	0.5887127
22512	-178.1954	-242.5199	64.32452	2.493349	1.11168
22518	-180.6981	-244.2143	63.51621	1.412743	2.451563
22524	-179.4684	-243.4436	63.97525	1.767505	1.923328
22530	-184.5208	-246.356	61.83519	1.182933	3.598935
22536	-185.1047	-247.1923	62.08763	1.627293	3.190272
22542	-179.4445	-243.6776	64.2331	2.390131	1.279168
22548	-173.95	-237.9493	63.99931	2.901046	1.034419
22554	-171.7759	-235.8825	64.10666	2.66183	1.155852
22560	-178.158	-240.0816	61.92361	4.660173	1.311295
22566	-170.4137	-235.0191	64.6054	2.635388	0.4737869
22572	-174.0346	-238.5925	64.55787	2.682912	0.4737869
22578	-174.0469	-237.3329	63.28596	3.582569	0.1822649
22584	-169.1394	-233.5865	64.44711	2.482823	1.005412
22590	-172.2658	-236.0336	63.76789	2.149682	1.803854
22596	-176.9277	-237.0018	60.07407	3.946467	3.008053
22602	-176.2022	-236.0076	59.80536	4.069842	3.094966
22608	-179.1447	-240.352	61.20723	3.615757	2.517895
22614	-181.9751	-244.8799	62.90481	2.160493	2.365524
22620	-185.0506	-247.9922	62.94159	2.123713	2.365524
22626	-177.1666	-241.54	64.37337	2.868192	0.5181474
22632	-181.7005	-244.2841	62.58359	4.549753	0.3014797
22638	-176.4627	-240.0057	63.543	3.652772	0.3626973
22644	-179.8499	-244.3288	64.47894	2.760586	0.5374861
22650	-189.6016	-253.9978	64.39623	2.82779	0.601516
22656	-187.5457	-251.3309	63.78524	3.411089	0.6671298
22662	-183.3067	-246.6805	63.37383	3.823806	0.6644999
22668	-191.8922	-254.1522	62.26004	4.189358	1.417384
22674	-199.0226	-260.7315	61.70894	3.271672	2.419061
22680	-193.4089	-255.4874	62.07849	4.79705	1.058184
22686	-188.4016	-251.6098	63.20815	3.576967	1.141126
22692	-184.398	-247.2809	62.88288	3.89401	1.148435
22698	-186.2057	-250.4079	64.20224	2.974132	0.7040118
22704	-199.7637	-262.8575	63.09377	3.819081	1.022265
22710	-199.0856	-258.4	59.31434	6.889079	1.601411
22716	-193.7461	-257.4124	63.66632	3.571415	0.5487899
22722	-194.4061	-257.9397	63.53363	3.182159	1.201619
22728	-195.6007	-258.493	62.89235	2.510505	2.148675
22734	-197.7064	-261.7222	64.01575	1.901178	1.804299
22740	-191.1039	-254.9026	63.79869	2.362701	1.631833
22746	-197.6449	-259.3678	61.72286	2.198426	3.067458
22752	-184.2289	-246.8357	62.60685	2.009076	2.646295
22758	-183.2933	-247.0125	63.71921	2.995234	1.20277
22764	-181.6384	-245.6579	64.01943	2.938925	0.9767238
22770	-186.3721	-249.0934	62.72138	3.598792	1.515447
22776	-186.048	-249.62	63.57196	3.187806	1.163519
22782	-187.6949	-250.9572	63.26224	3.479956	1.178847
22788	-182.2369	-246.1262	63.88939	2.852808	1.178847
22794	-186.0969	-249.5988	63.5019	2.953476	1.412762
22800	-190.6302	-253.097	62.46675	2.948889	2.140341
22806	-189.4765	-252.1563	62.67975	2.921297	2.018278
22812	-184.1263	-248.7614	64.6351	2.27232	1.027565
22818	-188.0481	-249.3154	61.26729	1.826393	3.555016
22824	-192.2442	-255.5516	63.30739	3.477376	1.141436
22830	-191.8276	-252.8998	61.07216	5.509367	1.313118
22836	-191.1106	-254.9535	63.84285	2.542062	1.466742
22842	-197.262	-257.4328	60.17079	6.708694	1.054443
22848	-202.2004	-262.3247	60.12426	6.692487	1.112701
22854	-193.4795	-254.5707	61.0912	4.689791	1.897436
22860	-190.2803	-251.5469	61.26663	4.190647	2.113122
22866	-192.8255	-253.1852	60.35973	3.740873	2.959965
22872	-193.6789	-258.0278	64.34891	2.83811	0.6849918
22878	-189.5082	-253.1773	63.66914	3.034793	1.211739
22884	-195.5081	-251.9357	56.42755	3.306124	5.448512
22890	-188.4683	-250.7685	62.30024	4.19714	1.380046
22896	-188.479	-250.7529	62.27393	4.173096	1.41922
22902	-192.1357	-252.2424	60.10671	5.195852	2.21374
22908	-191.3352	-252.7034	61.36822	4.518714	1.824998
22914	-191.8256	-255.678	63.85243	2.907079	1.163746
22920	-192.9263	-256.7957	63.86941	2.658483	1.356001
22926	-198.9489	-261.1987	62.24987	4.727565	0.9569614
22932	-197.0462	-260.9127	63.86656	3.099911	0.9683752
22938	-193.9727	-258.0614	64.08877	2.994797	0.2685678
22944	-207.3948	-271.8219	64.42708	2.753828	0.69608
22950	-199.4451	-262.9501	63.50494	3.65253	0.321383
22956	-197.4913	-257.7005	60.20928	6.941434	0.7454148
22962	-188.2404	-252.9852	64.74487	2.4135	0.7335955
22968	-190.0483	-254.6092	64.56093	2.621162	0.6939557
22974	-188.474	-252.8174	64.3434	2.845882	0.354462
22980	-193.3742	-256.6876	63.31348	3.917221	0.42794
22986	-195.5025	-257.7268	62.22435	4.894221	0.2907546
22992	-196.053	-258.1142	62.06118	4.894221	0.2102505
22998	-192.6437	-256.3267	63.68306	3.03022	1.203764
23004	-187.8438	-251.4408	63.59698	3.586995	0.3482021
23010	-187.5278	-247.8951	60.36732	6.176439	1.343402
23016	-191.2895	-251.84	60.55051	5.733952	1.541984
23022	-191.1024	-252.401	61.29858	4.985875	1.541984
23028	-192.0449	-254.0054	61.96055	5.157345	0.2902867
23034	-183.4799	-247.2985	63.81854	2.653914	1.399516
23040	-189.1568	-248.1624	59.0056	6.916885	1.800456
23046	-185.3742	-246.2201	60.8458	3.661314	2.713179
23052	-182.2066	-243.2715	61.06487	4.044573	2.337496
23058	-185.9129	-248.4864	62.57349	3.163458	1.927251
23064	-180.9085	-242.9759	62.06735	4.630816	1.21664
23070	-179.2547	-241.3632	62.1085	3.949185	1.705876
23076	-177.8535	-238.2699	60.41636	6.422676	1.092306
23082	-176.9521	-238.1876	61.23556	5.692517	1.007253
23088	-182.2085	-242.7187	60.5102	6.488165	0.9347636
23094	-175.1615	-237.3423	62.18076	4.170589	1.492089
23100	-181.2667	-242.4162	61.14955	4.496748	1.988121
23106	-182.1511	-245.2103	63.05915	3.707542	1.157437
23112	-176.2533	-240.3587	64.10536	3.091007	0.6670548
23118	-181.5553	-245.9852	64.4299	2.566506	0.9368689
23124	-187.0595	-250.4048	63.34529	3.895868	0.4774203
23130	-184.7006	-248.1884	63.48778	2.90419	1.461388
23136	-189.1478	-251.2515	62.10371	4.821601	1.009993
23142	-186.4739	-249.5223	63.0484	3.172482	1.588692
23148	-177.9791	-242.7024	64.72329	2.442172	0.722261
23154	-194.2272	-254.9486	60.72135	1.893616	3.831871
23160	-192.5024	-256.3277	63.82536	1.682401	2.079975
23166	-186.112	-250.6388	64.52678	2.493974	0.9103247
23172	-193.4234	-258.3145	64.89112	2.129632	0.9103247
23178	-186.8477	-251.3719	64.52417	2.69551	0.6137559
23184	-189.8451	-254.6035	64.75842	2.339315	0.818934
23190	-187.9523	-252.0181	64.06579	2.263877	1.508351
23196	-189.1579	-250.8214	61.66355	2.20915	3.096457
23202	-183.687	-247.0623	63.37531	3.589672	0.9699141
23208	-183.7658	-245.6052	61.83941	2.355838	2.902907
23214	-180.0336	-244.2985	64.26488	2.459214	1.19449
23220	-178.9451	-242.6685	63.72341	2.415818	1.647778
23226	-176.1797	-240.5011	64.32147	2.601443	1.012369
23232	-181.4257	-245.1053	63.67959	2.130969	1.877318
23238	-180.5646	-244.283	63.71843	2.649709	1.479439
23244	-178.8491	-242.4763	63.62718	2.561802	1.611893
23250	-179.8501	-243.444	63.59388	1.730941	2.199349
23256	-180.0315	-242.0955	62.06397	2.152931	2.889824
23262	-176.9189	-239.4393	62.52036	2.268353	2.539256
23268	-184.7874	-248.5252	63.7378	2.403105	1.646575
23274	-184.0404	-246.7683	62.72784	4.456949	0.3491329
23280	-186.2832	-249.5861	63.30293	3.935216	0.5464118
23286	-181.5044	-245.0669	63.56247	3.223491	1.14038
23292	-184.5576	-247.9798	63.42215	3.363803	1.14038
23298	-182.8814	-247.2955	64.41407	2.717333	0.7736672
23304	-184.3305	-247.3207	62.99026	3.155736	1.642916
23310	-179.6472	-242.9716	63.32441	3.166659	1.384987
23316	-181.0951	-245.1775	64.08239	2.880126	0.972456
23322	-183.8454	-245.9226	62.07719	4.662835	1.180732
23328	-180.7427	-244.2298	63.48711	2.072287	2.045897
23334	-178.9892	-243.6529	64.66372	2.210742	1.05921
23340	-184.2384	-248.2068	63.9684	2.556437	1.358422
23346	-189.4698	-254.0501	64.58022	1.944619	1.358422
23352	-189.0156	-252.9237	63.90807	2.347655	1.563177
23358	-178.47	-242.271	63.80103	3.124344	1.009936
23364	-176.8414	-240.247	63.40558	3.387274	1.134226
23370	-176.8474	-240.7349	63.88755	3.039891	1.00788
23376	-175.199	-239.364	64.16499	3.039891	0.6493307
23382	-180.0642	-243.4126	63.34846	3.81999	0.7173797
23388	-170.8243	-235.413	64.58873	2.579718	0.7173797
23394	-169.5705	-233.4181	63.84762	2.150676	1.747674
23400	-177.8846	-242.3818	64.4972	2.336614	1.097111
23406	-180.7448	-245.2143	64.46952	1.604703	1.694157
23412	-173.6263	-237.6859	64.05956	2.570632	1.273444
23418	-178.0666	-236.2502	58.18362	2.710292	4.805612
23424	-174.2468	-237.911	63.66413	2.478035	1.645668
23430	-173.5134	-237.5451	64.0317	1.827282	1.844215
23436	-167.1557	-230.8816	63.72589	1.811391	2.060513
23442	-170.1347	-235.0875	64.95281	2.205047	0.7343893
23448	-171.2738	-235.2145	63.94074	2.241853	1.616518
23454	-167.4224	-231.6382	64.21577	3.005876	0.4053392
23460	-168.084	-231.0805	62.99647	3.998858	0.9380195
23466	-168.8205	-231.9988	63.17831	3.428629	1.292492
23472	-170.7602	-234.3269	63.56671	2.520455	1.684971
23478	-173.0677	-236.8565	63.78883	3.140678	1.005834
23484	-170.6607	-233.934	63.2733	3.837019	0.8025213
23490	-168.8471	-233.0919	64.24477	2.865545	0.8025213
23496	-169.561	-234.2417	64.68075	2.448772	0.776323
23502	-174.2526	-238.4695	64.21684	3.015843	0.4341273
23508	-166.4461	-231.3258	64.87967	2.110647	0.9433687
23514	-173.0983	-237.1091	64.01085	1.697169	1.94675
23520	-170.1602	-234.4956	64.33535	1.993302	1.50911
23526	-171.7192	-233.9368	62.21768	1.784826	3.018867
23532	-174.453	-235.7616	61.30866	2.189955	3.318062
23538	-169.5226	-233.4733	63.95062	2.604416	1.334404
23544	-175.4491	-239.0213	63.57211	3.153679	1.193031
23550	-173.3732	-237.2908	63.91756	3.134949	0.874199
23556	-167.431	-231.5984	64.16737	3.045415	0.6312831
23562	-172.3556	-233.552	61.19641	2.428168	3.243755
23568	-168.1346	-231.8876	63.75295	2.522813	1.548412
23574	-172.0736	-236.5063	64.43272	2.804051	0.5539601
23580	-175.8771	-239.4674	63.59027	2.030326	2.00527
23586	-174.0452	-238.6173	64.57214	2.426628	0.934332
23592	-175.5119	-239.054	63.54202	2.847515	1.463232
23598	-173.4902	-237.2335	63.74325	2.55425	1.532319
23604	-169.9875	-232.7015	62.71398	4.190727	0.1931298
23610	-166.9741	-231.1177	64.1436	2.952725	0.8207418
23616	-176.9494	-238.2908	61.34132	4.291709	1.996982
23622	-172.8948	-237.2648	64.37	2.831332	0.6569036
23628	-175.6015	-239.1731	63.57157	2.811215	1.468354
23634	-181.8202	-245.9913	64.17109	2.926869	0.818641
23640	-189.5261	-253.1675	63.64141	3.181218	1.107348
23646	-186.5991	-250.1952	63.59618	3.607453	0.6520175
23652	-191.9661	-254.6782	62.71211	2.669192	2.162709
23658	-190.7894	-252.591	61.80158	3.546257	2.184439
23664	-191.2967	-255.5054	64.20868	2.792	0.9322754
23670	-191.4373	-253.6294	62.19208	4.808599	0.9322754
23676	-191.8198	-255.3711	63.55126	3.094686	1.260432
23682	-195.3548	-258.1357	62.78089	3.847613	1.274835
23688	-190.9495	-253.6802	62.73071	2.606428	2.191375
23694	-196.7057	-260.1836	63.47791	3.731478	0.6392751
23700	-199.6966	-263.6614	63.96486	2.044474	1.739937
23706	-197.5805	-259.9446	62.36411	2.387327	2.562436
23712	-194.1875	-257.838	63.65044	3.045611	1.21844
23718	-192.5002	-255.6225	63.1223	2.067422	2.286278
23724	-199.086	-256.3156	57.22951	2.139167	5.649087
23730	-196.5111	-256.857	60.34589	2.278236	3.826606
23736	-198.4841	-259.5957	61.11164	3.485026	2.65816
23742	-199.4563	-257.0697	57.61334	2.296003	5.351712
23748	-194.942	-255.0866	60.14461	1.326832	4.481988
23754	-196.3126	-256.9804	60.66779	2.088876	3.750255
23760	-188.7994	-253.0539	64.25457	2.620308	1.058813
23766	-186.4497	-250.5122	64.06248	2.095378	1.63438
23772	-187.1694	-249.8411	62.67172	3.431516	1.673525
23778	-183.455	-248.0299	64.57489	2.667241	0.493963
23784	-178.5974	-243.4291	64.83173	2.134692	0.9684258
23790	-180.5137	-243.5367	63.023	3.718521	1.179433
23796	-177.7322	-240.1667	62.43451	2.347497	2.543432
23802	-176.1543	-237.5672	61.41295	5.553177	0.9687293
23808	-177.2655	-237.7543	60.48883	6.152646	1.264137
23814	-171.1866	-232.9856	61.79903	1.752947	3.28662
23820	-172.4666	-233.795	61.32831	3.12362	2.746962
23826	-170.7257	-232.0444	61.31873	1.362763	3.793587
23832	-173.9087	-234.9829	61.07425	1.607238	3.793587
23838	-172.1918	-232.5074	60.31558	2.365915	3.793587
23844	-183.4574	-247.5145	64.05709	2.243309	1.530166
23850	-180.2806	-244.6199	64.3393	2.860226	0.6606511
23856	-179.6778	-243.0983	63.42055	3.279198	1.215301
23862	-179.2411	-242.8705	63.62938	3.228385	0.1792188
23868	-177.4969	-241.2471	63.75024	3.290164	0.245744
23874	-180.8375	-244.8094	63.97188	3.109345	0.2672136
23880	-178.6516	-242.7891	64.13752	2.966933	0.2813191
23886	-185.1502	-246.8024	61.65223	3.634943	2.223671
23892	-188.1966	-250.4151	62.21845	3.467832	1.961356
23898	-180.3357	-243.0108	62.67507	3.77022	1.42056
23904	-178.1068	-242.5446	64.4378	2.653917	0.8265982
23910	-181.9312	-246.0886	64.15744	2.934282	0.8265982
23916	-180.5077	-244.1486	63.64085	3.41519	0.8700674
23922	-180.4798	-243.8688	63.38905	3.133099	1.360547
23928	-176.8725	-240.8545	63.982	2.849032	1.099659
23934	-183.09	-247.4321	64.34208	2.849032	0.3567201
23940	-181.6793	-246.4379	64.75856	2.481728	0.5316229
23946	-179.7607	-243.7897	64.02893	3.121172	0.7463322
23952	-177.1471	-240.5633	63.41625	1.790011	2.275691
23958	-173.3541	-235.763	62.40892	1.952081	2.802416
23964	-173.0059	-233.8546	60.84866	1.475255	3.998704
23970	-167.6526	-231.1486	63.496	3.744514	0.4714354
23976	-160.1185	-224.2141	64.0956	2.888806	0.9496408
23982	-160.7479	-225.3332	64.58525	2.481749	0.8570484
23988	-164.8312	-228.753	63.92187	3.268791	0.6781568
23994	-175.1735	-239.0082	63.83478	3.376484	0.3857099
24000	-173.2785	-236.2632	62.98468	4.078988	0.2575273
24006	-178.1854	-240.8985	62.71311	4.517934	0.4289708
24012	-173.2533	-235.6494	62.39612	4.241066	0.1303615
24018	-178.9267	-240.0873	61.16054	5.480377	0.1310207
24024	-175.7239	-239.2412	63.51722	3.582972	0.278611
24030	-174.133	-237.7598	63.62682	3.53453	0.3249276
24036	-172.7779	-236.3826	63.60469	3.53453	0.3060302
24042	-180.3709	-242.8505	62.47963	4.762568	0.5018008
24048	-175.0253	-239.0376	64.01229	2.437148	1.417357
24054	-178.4591	-239.4907	61.03168	2.565893	3.259712
24060	-174.2641	-238.5694	64.30531	2.22662	1.352798
24066	-176.9578	-238.9961	62.03838	3.597868	1.994837
24072	-174.1937	-237.6714	63.47774	3.438489	1.018953
24078	-174.4951	-238.7686	64.27349	2.689772	0.9716811
24084	-184.8978	-246.2639	61.36614	3.764562	2.323963
24090	-183.3921	-246.9377	63.54559	3.362921	1.026501
24096	-184.5888	-246.0332	61.44437	4.566155	1.739095
24102	-180.5071	-242.5416	62.03449	3.008368	2.379748
24108	-186.4384	-243.583	57.14463	10.06333	0.6425132
24114	-188.9669	-251.6049	62.63791	4.554648	0.3585414
24120	-183.9158	-247.1916	63.27573	3.94483	0.6113754
24126	-177.6283	-240.8722	63.24392	3.948034	0.6756869
24132	-173.1976	-237.4131	64.21551	2.831991	0.8800286
24138	-177.2642	-240.4778	63.21359	3.181752	1.458821
24144	-171.8691	-235.5013	63.63222	2.995003	1.275885
24150	-173.0115	-235.9505	62.93907	2.626128	2.042057
24156	-179.6716	-242.7691	63.09746	2.556961	1.982697
24162	-171.8329	-236.0804	64.2475	2.992993	0.4713158
24168	-180.3518	-242.8254	62.47362	2.790109	2.238776
24174	-176.6106	-241.1137	64.50314	2.606261	0.8037395
24180	-177.7132	-240.9835	63.27029	2.991447	1.558754
24186	-178.1041	-239.7984	61.69428	3.627434	2.201361
24192	-173.829	-237.333	63.50409	3.00245	1.37285
24198	-177.2361	-241.3387	64.10252	2.858533	0.9739567
24204	-180.4331	-244.4084	63.97533	2.985719	0.9739567
24210	-176.9914	-240.7396	63.74825	3.461498	0.3831785
24216	-179.434	-243.4564	64.02235	3.11453	0.3041989
24222	-171.007	-235.2489	64.2419	2.844362	0.8334633
24228	-172.1896	-236.3451	64.15555	2.123758	1.545791
24234	-172.4764	-235.258	62.78158	1.864042	2.627973
24240	-175.7851	-238.377	62.59185	2.053774	2.627973
24246	-180.7284	-241.8445	61.11606	2.478931	3.261232
24252	-178.4644	-242.2109	63.74645	3.386719	0.7711705
24258	-186.7109	-248.4519	61.74099	2.265724	3.016344
24264	-182.2922	-245.6652	63.37296	2.902709	1.548478
24270	-179.75	-243.6504	63.90038	2.375287	1.548478
24276	-186.2193	-250.865	64.64571	2.235123	1.053154
24282	-175.8223	-240.0584	64.23618	2.64466	1.053154
24288	-178.1605	-242.8675	64.707	2.529787	0.5539032
24294	-182.8346	-246.0931	63.25849	2.492087	1.918039
24300	-186.408	-250.5206	64.11269	1.964133	1.692311
24306	-191.1861	-251.4534	60.26721	2.426639	3.786473
24312	-185.3532	-249.4562	64.10299	2.150188	1.565048
24318	-180.11	-244.0741	63.96413	2.74741	1.205254
24324	-178.9866	-242.5974	63.61077	3.62451	0.561186
24330	-180.3311	-244.6678	64.33672	2.901737	0.5445875
24336	-179.4935	-242.5571	63.0636	3.509096	1.320235
24342	-179.9756	-242.9048	62.92916	3.863729	1.134195
24348	-178.8027	-243.0101	64.20747	2.871861	0.8420655
24354	-176.5486	-240.4061	63.85744	2.154696	1.737971
24360	-175.8351	-238.2534	62.41826	1.737171	2.926939
24366	-181.137	-245.3046	64.16755	1.426795	2.022731
24372	-180.8519	-242.0595	61.20763	1.82011	3.593348
24378	-179.0653	-242.624	63.55865	1.830242	2.157766
24384	-178.6959	-243.4419	64.74595	1.540721	1.540349
24390	-182.9116	-244.3882	61.47662	1.943736	3.364073
24396	-181.3491	-243.7966	62.44751	2.16444	2.648744
24402	-185.4774	-246.1562	60.67882	5.523574	1.602157
24408	-179.8607	-243.517	63.65631	3.490495	0.7512986
24414	-184.7511	-248.5114	63.7603	3.109047	1.064044
24420	-205.8044	-262.2895	56.48506	6.857034	3.409983
24426	-196.0724	-258.4964	62.42394	4.799398	0.603519
24432	-189.4291	-252.8933	63.46428	3.299334	1.160141
24438	-186.2963	-250.7094	64.4131	2.81881	0.5752116
24444	-187.1177	-250.9983	63.8806	2.728421	1.290796
24450	-185.0453	-248.1467	63.1014	3.811124	1.022581
24456	-187.3553	-250.0004	62.64517	4.068486	1.203443
24462	-183.0648	-245.994	62.92924	2.456543	2.159795
24468	-185.692	-247.8901	62.1981	3.293239	2.090777
24474	-186.7111	-249.4407	62.72964	3.115302	1.853836
24480	-195.1857	-255.2716	60.08591	1.949134	4.163309
24486	-187.0412	-249.7419	62.70069	3.25919	1.774494
24492	-186.1108	-249.2685	63.1577	3.26278	1.439631
24498	-185.4762	-248.2511	62.77487	4.04994	1.105359
24504	-183.922	-247.7855	63.8635	3.345587	0.6399464
24510	-177.137	-241.5676	64.43061	2.720408	0.7449539
24516	-180.8275	-241.5147	60.68719	2.340087	3.593619
24522	-176.3921	-240.2879	63.89576	3.278241	0.3373299
24528	-171.8252	-235.2727	63.44745	3.726556	0.3373299
24534	-173.8321	-234.8856	61.05344	2.846354	3.08029
24540	-166.571	-231.2424	64.67144	2.531966	0.6525187
24546	-171.1271	-234.9327	63.80558	3.245547	0.8758071
24552	-169.3914	-234.0333	64.64181	2.423551	0.859013
24558	-169.8236	-233.5134	63.68983	3.451	0.7601301
24564	-165.5353	-229.4184	63.88307	3.358256	0.4793462
24570	-169.5065	-233.4457	63.93923	3.255907	0.6694874
24576	-177.7542	-239.3254	61.57116	5.309457	1.05336
24582	-172.835	-236.4734	63.6384	2.920354	1.331427
24588	-172.4596	-236.4204	63.96085	2.991255	0.9831091
24594	-175.4094	-239.5602	64.15085	3.090102	0.4753594
24600	-172.8518	-237.0828	64.23094	2.635286	1.06698
24606	-176.6747	-240.5749	63.90019	3.027708	1.007434
24612	-182.2996	-245.9943	63.69466	2.345704	1.718106
24618	-178.6704	-243.6815	65.01119	2.110434	0.7872839
24624	-177.3112	-239.9181	62.60688	2.169075	2.547199
24630	-175.0792	-238.434	63.35478	1.138361	2.721742
24636	-171.7434	-234.0827	62.33931	1.294131	3.238512
24642	-174.2051	-239.5552	65.35015	1.87741	0.5905422
24648	-175.403	-239.1336	63.73064	2.539675	1.552433
24654	-177.315	-240.9865	63.67154	1.73425	2.146765
24660	-177.3332	-241.8059	64.47262	2.653167	0.7815359
24666	-174.2284	-237.3595	63.13105	2.01583	2.31365
24672	-175.1017	-238.8729	63.77121	2.210475	1.759293
24678	-178.1131	-241.1051	62.99197	2.327594	2.202748
24684	-184.415	-247.5428	63.12777	3.896388	0.9065401
24690	-184.2971	-248.6759	64.37879	2.751826	0.7747806
24696	-178.2267	-241.4984	63.27173	2.82164	1.680551
24702	-178.2205	-241.2626	63.04206	3.432595	1.397798
24708	-172.1608	-236.5684	64.40759	2.391969	1.128219
24714	-167.0966	-231.2521	64.15553	2.805191	0.9742985
24720	-168.1585	-232.3778	64.21934	2.688439	1.027215
24726	-170.3615	-234.3105	63.94899	2.601801	1.337791
24732	-175.9063	-239.5542	63.64793	2.767072	1.443824
24738	-174.2929	-238.5038	64.21092	2.685252	1.038461
24744	-171.7182	-236.3644	64.64618	2.472361	0.7914844
24750	-166.5106	-230.1387	63.62804	3.561098	0.6810419
24756	-172.9156	-234.8014	61.88584	2.606847	2.722023
24762	-167.3849	-230.3251	62.94027	2.827522	1.906384
24768	-170.8412	-235.3219	64.48067	2.720801	0.6566065
24774	-167.4406	-231.1831	63.74254	3.396414	0.7628628
24780	-168.7156	-232.5614	63.84579	3.396414	0.5006576
24786	-172.8943	-236.0898	63.19552	3.159773	1.489124
24792	-170.9257	-234.9912	64.06547	2.980294	0.882033
24798	-172.4678	-236.2362	63.76841	3.457472	0.5958741
24804	-174.4491	-238.185	63.7359	3.415628	0.7441731
24810	-176.1806	-240.4816	64.30102	2.633952	1.000379
24816	-178.4032	-241.8425	63.43931	2.835223	1.549315
24822	-179.3956	-243.1819	63.7863	3.4554	0.4842312
24828	-179.0876	-242.8579	63.77035	3.4554	0.4146835
24834	-175.9093	-239.9029	63.99361	3.248362	0.4892492
24840	-185.9428	-248.6691	62.72629	2.93998	1.974765
24846	-180.809	-245.218	64.409	2.485004	1.04055
24852	-182.602	-245.987	63.38495	3.083595	1.40255
24858	-178.5844	-242.2377	63.65332	3.187911	1.090277
24864	-176.2057	-240.3386	64.13284	3.101094	0.4384173
24870	-178.6281	-242.6495	64.02148	3.218442	0.5345534
24876	-187.1468	-251.1614	64.01467	3.218442	0.4355719
24882	-184.6543	-248.5949	63.94061	3.124872	0.2584939
24888	-179.8888	-242.154	62.26519	4.915803	0.3448368
24894	-173.6339	-236.5592	62.92525	2.159374	2.353271
24900	-177.3616	-241.0854	63.72383	1.974075	1.953547
24906	-179.8821	-243.9491	64.067	3.168486	0.4442574
24912	-174.1814	-238.413	64.23165	2.92934	0.3245955
24918	-175.6823	-239.6337	63.95143	3.233672	0.349497
24924	-174.9451	-239.0708	64.12568	3.103051	0.4223416
24930	-183.2307	-247.169	63.93837	3.300637	0.4610805
24936	-180.8975	-243.2442	62.34669	3.757388	1.672924
24942	-184.8151	-245.7115	60.8964	5.193999	1.682665
24948	-186.9333	-249.7044	62.77108	4.438115	0.3822868
24954	-187.7958	-250.8542	63.05841	4.013188	0.8515062
24960	-184.7185	-247.3521	62.63361	2.603341	2.255996
24966	-183.3923	-247.4296	64.03726	2.766217	1.124699
24972	-180.1453	-244.0953	63.94994	3.067517	0.9139664
24978	-183.0004	-246.9504	63.94994	3.067517	0.9139664
24984	-173.7522	-235.4852	61.73306	3.138885	2.487305
24990	-171.2103	-234.1752	62.96492	1.780938	2.565906
24996	-174.2953	-238.3518	64.0565	2.99356	0.8770534
25002	-179.2637	-241.8899	62.62614	1.521165	2.931842
25008	-179.9434	-242.8978	62.95437	1.926854	2.481497
25014	-178.1473	-241.5837	63.43635	2.708625	1.643653
25020	-177.8197	-240.4514	62.63173	4.40248	0.2427876
25026	-182.9724	-245.4977	62.52528	4.36459	0.1885525
25032	-174.4777	-239.3225	64.84471	2.068544	1.021863
25038	-185.7198	-247.9869	62.26708	4.089786	1.487945
25044	-181.4534	-245.7896	64.33613	2.889801	0.5957099
25050	-183.368	-247.9189	64.55096	2.2381	1.137617
25056	-180.812	-241.6523	60.84037	1.696711	3.876619
25062	-174.1063	-237.1809	63.07456	1.991828	2.364842
25068	-169.0655	-232.8312	63.76569	1.918183	1.962969
25074	-167.3637	-230.2451	62.88145	3.43107	1.52115
25080	-165.8899	-230.4744	64.58451	1.552483	1.649382
25086	-169.1764	-233.2225	64.04603	2.537236	1.311714
25092	-173.8158	-238.6452	64.82938	2.259909	0.8296643
25098	-175.6961	-239.1159	63.41984	1.920386	2.189373
25104	-182.182	-245.374	63.19199	3.010899	1.601796
25110	-195.14	-258.907	63.76702	3.446536	0.3896543
25116	-194.1357	-258.5356	64.39989	2.839117	0.4610276
25122	-192.6877	-255.8	63.11234	2.174912	2.223617
25128	-190.6896	-253.9374	63.24788	2.269825	2.073428
25134	-197.9959	-262.0369	64.04092	2.286103	1.510334
25140	-194.8226	-254.2658	59.4432	1.775204	4.624117
25146	-185.7614	-245.653	59.89152	3.134665	3.594253
25152	-183.4626	-245.5626	62.10007	2.831226	2.450092
25158	-179.9796	-244.5743	64.59469	2.607894	0.6542596
25164	-179.1742	-243.8956	64.72139	2.185572	1.028004
25170	-175.7555	-240.1662	64.41067	2.496294	1.028004
25176	-185.4803	-247.3331	61.85278	4.554917	1.449403
25182	-186.9649	-248.745	61.78008	5.260932	0.8874934
25188	-191.4655	-254.1761	62.71057	4.308701	0.9119639
25194	-179.9701	-243.8126	63.84251	3.337618	0.6974479
25200	-186.5847	-250.8108	64.22603	3.016145	0.4959289
25206	-185.6723	-250.2584	64.58606	2.521531	0.8061236
25212	-184.5351	-249.2212	64.68611	2.348565	0.8947143
25218	-187.5078	-251.0201	63.51228	2.169089	1.964652
25224	-187.8627	-249.9834	62.12064	4.938076	0.8669091
25230	-180.0133	-244.2205	64.20721	2.789842	0.9361702
25236	-183.2216	-247.9132	64.69161	2.507417	0.6616613
25242	-189.5962	-252.5205	62.9243	3.351208	1.548599
25248	-190.9083	-254.1657	63.2574	3.95096	0.6416034
25254	-192.4619	-256.5593	64.09743	2.934229	0.8981249
25260	-188.0808	-251.8958	63.81501	3.216648	0.8981249
25266	-187.2485	-250.308	63.05946	4.167019	0.5939855
25272	-194.1695	-256.4058	62.23633	5.003416	0.4657248
25278	-191.3527	-253.5771	62.22446	4.931678	0.3201971
25284	-193.1516	-254.8644	61.71278	5.497027	0.383289
25290	-185.2304	-248.6726	63.44226	3.033791	1.396714
25296	-186.0218	-249.844	63.82219	3.294179	0.7944252
25302	-186.7728	-249.5004	62.72766	4.436869	0.7237815
25308	-187.6616	-250.4448	62.78319	4.418716	0.655687
25314	-186.0496	-250.2343	64.18461	2.879144	0.8609327
25320	-187.8308	-251.6224	63.7916	3.27215	0.8609327
25326	-184.2683	-248.2612	63.99289	2.724133	1.200561
25332	-191.2159	-253.5281	62.31216	4.905683	0.6186403
25338	-190.3334	-250.3505	60.01718	4.385557	2.776996
25344	-191.8441	-253.1953	61.35118	2.329576	3.210513
25350	-187.6263	-252.0106	64.3843	2.258385	1.263137
25356	-193.3052	-257.0325	63.72733	2.37104	1.676994
25362	-195.6907	-258.3311	62.64042	2.080403	2.581441
25368	-195.1664	-257.0928	61.92639	4.78736	1.203365
25374	-189.9611	-251.3372	61.37607	4.845034	1.588529
25380	-188.5181	-252.2729	63.75482	3.480246	0.562141
25386	-186.7548	-250.1467	63.39189	3.85031	0.5015964
25392	-182.7098	-246.7591	64.04926	2.290334	1.500922
25398	-189.0972	-251.384	62.2868	2.885704	2.297293
25404	-189.9551	-252.662	62.70695	4.3655	0.2622801
25410	-198.168	-254.5058	56.3378	10.57839	1.018983
25416	-194.1	-256.9188	62.8188	4.141385	0.9748521
25422	-190.0216	-253.3703	63.34868	3.387969	1.183655
25428	-188.7572	-249.4004	60.64317	6.026791	1.24042
25434	-186.5257	-250.6648	64.13907	2.82163	0.9743217
25440	-191.5562	-255.3336	63.77739	3.292366	0.8537249
25446	-182.5834	-246.9876	64.40424	2.660401	0.8598756
25452	-190.0886	-253.905	63.81638	3.351236	0.7187409
25458	-194.317	-257.9938	63.67681	3.013189	1.223558
25464	-190.9248	-255.1207	64.19595	2.987582	0.6913682
25470	-187.3348	-250.5697	63.23489	3.106046	1.499911
25476	-185.731	-248.7467	63.01567	3.16561	1.617472
25482	-194.2916	-257.8782	63.58661	2.633714	1.589103
25488	-190.4936	-253.2814	62.78776	1.941363	2.576294
25494	-190.2286	-254.2477	64.01913	3.099004	0.7920422
25500	-191.6604	-255.0614	63.401	2.018174	2.138034
25506	-185.2562	-247.5883	62.33204	3.084899	2.139491
25512	-185.5268	-248.0952	62.5684	4.023761	0.1227359
25518	-180.8863	-244.1544	63.26819	3.585505	0.1780849
25524	-178.38	-241.1796	62.79955	3.854753	0.1334273
25530	-181.6663	-244.3751	62.70884	3.818628	0.1127791
25536	-179.6063	-241.7687	62.16235	4.235219	0.09571769
25542	-181.2674	-243.7982	62.53079	3.866775	0.09571769
25548	-186.7437	-248.5296	61.78587	5.4442	0.5819862
25554	-186.658	-250.0065	63.34845	3.846016	0.670803
25560	-184.5857	-247.521	62.93535	4.090818	0.9042946
25566	-180.7391	-244.5609	63.82184	3.284939	0.8071857
25572	-181.8773	-244.2434	62.36605	4.43544	1.126485
25578	-187.693	-250.4329	62.73992	1.996946	2.571487
25584	-187.2177	-251.4156	64.19789	2.607866	1.122637
25590	-189.7975	-251.4841	61.68664	5.375271	0.8631189
25596	-182.86	-247.2509	64.39087	2.671044	0.8631189
25602	-177.7224	-241.0643	63.34185	2.973018	1.519401
25608	-182.6903	-245.179	62.4887	4.638572	0.7794754
25614	-180.4503	-244.4115	63.96117	2.323921	1.541515
25620	-182.9431	-246.5639	63.62087	2.468404	1.68347
25626	-190.3396	-254.025	63.68545	2.753148	1.425714
25632	-194.4669	-256.7513	62.28434	3.82499	1.669176
25638	-192.2571	-252.2853	60.02822	3.455796	3.326651
25644	-187.6254	-251.8874	64.26205	2.650428	1.022624
25650	-187.4283	-251.067	63.63871	2.465031	1.673167
25656	-186.1497	-249.9798	63.83013	3.339477	0.7154538
25662	-186.9733	-247.7516	60.77835	2.986267	3.16078
25668	-193.3574	-251.3742	58.01682	4.224343	4.045955
25674	-185.7705	-249.2063	63.43585	3.768355	0.6507874
25680	-187.3143	-249.9161	62.60185	4.630655	0.4335568
25686	-187.1408	-248.5507	61.40991	5.449922	1.072982
25692	-185.2079	-249.2693	64.06134	3.17429	0.5595632
25698	-184.5966	-248.8421	64.24551	2.405977	1.255835
25704	-181.3003	-245.5691	64.26875	2.533751	1.125574
25710	-181.1204	-245.9091	64.78871	1.941418	1.189295
25716	-185.247	-249.2008	63.95376	1.687844	1.991258
25722	-189.3519	-253.0783	63.72635	3.515483	0.4864063
25728	-179.9634	-242.9837	63.02029	3.878043	0.1911417
25734	-185.6339	-248.6475	63.01367	4.226339	0.4675372
25740	-183.6814	-246.4735	62.79211	2.609181	2.149695
25746	-180.4004	-244.5596	64.15923	2.256976	1.442901
25752	-178.11	-240.0736	61.96359	3.674578	1.993555
25758	-185.4589	-246.92	61.46112	4.080135	2.057891
25764	-186.6263	-250.7606	64.13429	2.010043	1.644113
25770	-182.863	-246.7245	63.86148	3.33122	0.6742528
25776	-185.1935	-249.4407	64.24718	2.461743	1.207484
25782	-184.1241	-246.7729	62.64879	3.064271	1.943355
25788	-177.7791	-241.8976	64.11852	1.901247	1.73261
25794	-180.8887	-245.7163	64.8276	2.034134	1.071197
25800	-189.4056	-253.9708	64.56519	2.572657	0.7644575
25806	-181.5014	-245.8735	64.37205	2.288151	1.248579
25812	-179.26	-244.1835	64.92351	1.862675	1.14018
25818	-180.8714	-245.5691	64.69776	2.500349	0.6635448
25824	-178.2625	-240.9811	62.71867	2.04024	2.557793
25830	-182.5677	-247.3103	64.74266	2.018827	1.162006
25836	-174.3362	-238.9912	64.655	2.403948	0.866629
25842	-176.8953	-239.9283	63.03297	1.352969	2.787234
25848	-184.7465	-248.7731	64.02654	2.025206	1.710071
25854	-182.8097	-246.8472	64.03743	2.546702	1.311009
25860	-186.1656	-250.5124	64.34686	2.803198	0.3149001
25866	-187.3633	-251.7383	64.37501	2.841571	0.3951713
25872	-193.3722	-257.32	63.94777	2.937914	1.048529
25878	-188.0766	-250.9514	62.87477	2.994644	1.837048
25884	-191.3348	-255.0981	63.76325	3.162832	1.009233
25890	-193.3309	-256.3507	63.01981	2.062711	2.354602
25896	-189.1587	-251.4669	62.30813	4.79053	0.817739
25902	-185.9109	-250.4771	64.56624	1.894505	1.408608
25908	-185.8289	-247.6188	61.78983	4.395075	1.614842
25914	-185.9561	-248.4927	62.53665	3.648256	1.614842
25920	-187.1897	-249.3379	62.14818	3.118294	2.237013
25926	-192.358	-255.0782	62.72016	2.987069	1.947281
25932	-192.6524	-256.1793	63.52693	3.052696	1.314653
25938	-194.0481	-258.0047	63.95661	3.28096	0.5497341
25944	-197.5071	-260.1073	62.60016	2.916625	2.074032
25950	-194.8712	-255.1424	60.27117	3.79124	2.982922
25956	-203.9137	-266.6329	62.71918	2.816597	2.061507
25962	-195.5133	-257.521	62.00774	4.205773	1.594061
25968	-193.1534	-250.2355	57.08208	3.946189	4.730565
25974	-191.2495	-254.3873	63.1378	2.621817	1.911921
25980	-189.7028	-253.3977	63.6949	2.493311	1.612448
25986	-188.2172	-251.2601	63.04288	3.145334	1.612448
25992	-184.7317	-248.7247	63.99306	2.926401	1.015774
25998	-182.9007	-245.7019	62.8012	3.308767	1.668721
26004	-183.2379	-246.9916	63.75377	1.957762	1.944385
26010	-182.688	-247.3449	64.65694	2.268235	1.010131
26016	-176.9083	-242.0683	65.15996	1.649373	1.11941
26022	-176.7057	-236.7842	60.07851	1.442152	4.454277
26028	-175.0911	-237.1196	62.02857	1.828579	3.10573
26034	-180.8727	-245.0515	64.17881	3.063305	0.4933126
26040	-175.5078	-240.9711	65.46339	1.624697	0.8311798
26046	-174.2445	-239.2912	65.04672	1.732919	1.145991
26052	-179.8455	-243.7694	63.92389	2.583808	1.37194
26058	-176.4219	-241.5308	65.10886	2.089824	0.66237
26064	-184.9917	-249.5768	64.58504	1.726434	1.521933
26070	-172.273	-235.5594	63.28637	2.263447	2.052231
26076	-166.8731	-231.9826	65.1095	2.08554	0.6696744
26082	-166.0339	-229.0511	63.01725	1.822556	2.507397
26088	-167.4289	-231.5748	64.14594	2.762024	1.02703
26094	-174.4918	-238.784	64.29219	2.615774	1.02703
26100	-168.4088	-233.0017	64.59292	2.615774	0.6408581
26106	-168.4635	-231.1952	62.73172	2.230622	2.430568
26112	-179.1812	-239.2264	60.04527	1.22902	4.592777
26118	-182.8089	-239.9615	57.15255	1.060881	6.279615
26124	-185.9527	-246.4678	60.51507	3.288593	3.137569
26130	-178.426	-241.5206	63.09464	3.068988	1.630221
26136	-172.6839	-236.8205	64.13664	3.004253	0.7600315
26142	-176.7051	-240.0669	63.36176	3.461582	1.106694
26148	-180.3101	-242.496	62.18587	1.820609	3.016486
26154	-175.2987	-238.6482	63.34946	1.71922	2.363386
26160	-179.3312	-242.7508	63.41965	1.649025	2.363386
26166	-171.3823	-235.0156	63.63327	1.57168	2.276526
26172	-174.386	-235.1788	60.79287	1.832428	3.825932
26178	-176.0254	-239.2979	63.27249	1.235098	2.712889
26184	-177.1264	-239.2082	62.08185	1.634262	3.189566
26190	-172.9472	-237.8572	64.91004	2.318726	0.5865196
26196	-176.3757	-241.0388	64.6631	2.32205	0.9488484
26202	-175.6445	-240.4522	64.80774	2.274747	0.8381604
26208	-185.8326	-249.9307	64.09812	2.627685	1.19302
26214	-174.1067	-238.4101	64.30346	2.698003	0.9314249
26220	-183.3073	-246.5951	63.28786	3.952909	0.5273262
26226	-179.6464	-240.6181	60.97165	2.259126	3.475103
26232	-177.8862	-239.021	61.13481	4.543511	1.966695
26238	-172.9363	-235.9881	63.05179	3.152055	1.601099
26244	-178.2797	-241.7468	63.46705	2.948677	1.443273
26250	-179.3449	-239.5617	60.21674	1.252146	4.483429
26256	-173.1307	-236.7748	63.64409	2.125541	1.90514
26262	-181.9592	-242.8421	60.88293	1.981649	3.687917
26268	-178.9753	-243.7603	64.78501	2.257962	0.8852475
26274	-174.9982	-238.9622	63.96392	2.766863	1.188726
26280	-179.7283	-243.4762	63.74798	2.436199	1.615372
26286	-177.3868	-240.9158	63.52893	2.989242	1.363686
26292	-179.1608	-243.199	64.03813	3.104645	0.7572773
26298	-173.8408	-238.2234	64.38262	2.760156	0.7572773
26304	-177.8227	-242.0329	64.21019	3.014032	0.6009235
26310	-176.5955	-239.7939	63.19844	4.033731	0.574236
26316	-170.0889	-233.7552	63.66628	3.575069	0.4796033
26322	-176.1115	-239.7765	63.66497	3.575069	0.467805
26328	-181.2228	-244.0628	62.83993	4.136039	0.217953
26334	-172.8644	-236.4615	63.59711	3.643946	0.4764123
26340	-177.6268	-240.8174	63.19063	4.051445	0.5083186
26346	-178.9993	-242.5424	63.54309	3.698982	0.5083186
26352	-177.9308	-242.0845	64.15367	3.087428	0.5239458
26358	-172.3829	-236.5365	64.15367	3.087428	0.5239458
26364	-171.617	-235.7603	64.14323	3.087428	0.5798979
26370	-180.9016	-244.516	63.61446	2.176575	1.89061
26376	-185.0595	-248.4895	63.43001	1.813036	2.252085
26382	-176.8385	-240.6121	63.77363	3.155186	1.006515
26388	-181.9741	-244.9994	63.02526	3.127355	1.638154
26394	-185.6503	-249.7089	64.05855	2.696123	1.167979
26400	-174.7648	-238.5553	63.79048	2.728963	1.362688
26406	-172.1423	-235.8716	63.72927	2.790169	1.362688
26412	-170.5054	-234.558	64.05268	2.466757	1.362688
26418	-175.062	-238.5007	63.43874	2.60582	1.715146
26424	-178.0643	-241.2712	63.20697	2.191919	2.151259
26430	-173.9974	-237.7839	63.78651	2.771628	1.33192
26436	-175.4067	-239.5582	64.1515	2.918115	0.8539005
26442	-178.4633	-242.6995	64.23619	2.725289	0.973516
26448	-182.2121	-245.4278	63.21571	2.861411	1.692103
26454	-180.61	-243.8726	63.26261	2.814514	1.692103
26460	-183.7122	-246.9786	63.26641	2.441305	1.94695
26466	-185.9405	-248.8733	62.93281	4.167707	0.8153463
26472	-180.4408	-243.9572	63.51642	3.626495	0.7570669
26478	-179.4392	-242.9556	63.51642	3.626495	0.7570669
26484	-183.0721	-246.1115	63.0394	4.154913	0.6711132
26490	-182.3604	-246.2971	63.93673	3.010609	0.9879455
26496	-177.9478	-241.5761	63.62828	3.586917	0.6253847
26502	-188.2425	-251.6599	63.41731	3.720883	0.7639603
26508	-178.6094	-241.9307	63.32133	2.221023	2.057165
26514	-182.5723	-244.8939	62.32154	2.634877	2.434301
26520	-182.9849	-243.1097	60.12479	4.82845	2.436295
26526	-175.1545	-239.5349	64.38035	2.786654	0.7197467
26532	-176.7999	-241.2987	64.49876	2.573123	0.8511544
26538	-171.9209	-236.1012	64.18028	2.573123	1.169088
26544	-172.2347	-236.4999	64.26518	2.573123	1.092976
26550	-177.1486	-241.4979	64.34933	2.528571	1.055947
26556	-181.7752	-246.4551	64.67998	2.404481	0.8357118
26562	-174.5475	-238.6304	64.08288	2.624985	1.208389
26568	-182.8544	-245.2521	62.39771	3.361858	1.911958
26574	-183.319	-245.7613	62.44237	2.22267	2.615974
26580	-187.8221	-249.3033	61.48124	3.183804	2.615974
26586	-180.0954	-243.7945	63.69906	2.976566	1.235669
26592	-186.0257	-250.1515	64.1258	2.21042	1.503451
26598	-181.6274	-245.344	63.71659	2.619631	1.503451
26604	-174.4278	-237.8481	63.42034	2.810137	1.581684
26610	-173.2122	-237.2281	64.01592	2.473782	1.386061
26616	-177.7294	-241.9296	64.20019	3.026523	0.593266
26622	-186.315	-249.9501	63.63509	2.887022	1.360574
26628	-178.555	-240.4509	61.89592	1.648525	3.291058
26634	-178.0384	-242.2407	64.20236	2.536426	1.181811
26640	-177.3926	-241.5098	64.11723	2.296337	1.444924
26646	-184.1216	-248.0125	63.89082	3.279044	0.7150269
26652	-183.414	-247.4897	64.07568	3.095001	0.7136676
26658	-179.4131	-242.7911	63.37794	3.527105	1.02987
26664	-182.0403	-245.6344	63.59417	3.230048	1.105894
26670	-175.5853	-238.832	63.24675	1.519599	2.55317
26676	-175.1194	-239.2379	64.11846	2.150373	1.553524
26682	-176.2183	-240.9406	64.72233	2.150373	1.060873
26688	-177.9919	-241.2801	63.28812	3.913397	0.370584
26694	-172.0143	-235.7279	63.71361	3.45225	0.7216168
26700	-175.9185	-235.6568	59.73828	3.582443	3.422502
26706	-167.5134	-230.7281	63.21471	2.271284	2.094285
26712	-169.4894	-233.6012	64.11181	2.271485	1.467969
26718	-174.7788	-236.8553	62.07649	2.472516	2.687477
26724	-182.5125	-247.1619	64.6494	2.592624	0.5095651
26730	-184.7404	-247.4887	62.74827	3.676878	0.09905331
26736	-187.8612	-251.3558	63.49461	3.676878	0.3347549
26742	-190.7211	-254.0115	63.29046	2.956359	1.569716
26748	-181.9778	-246.2145	64.23668	2.628885	1.067607
26754	-186.5466	-249.0178	62.47118	3.962631	1.429395
26760	-183.2275	-246.1658	62.9383	2.387554	2.19868
26766	-181.2882	-244.4499	63.16168	3.723574	1.048939
26772	-182.4665	-246.7266	64.26008	2.625178	1.048939
26778	-184.2604	-248.8517	64.59131	2.632991	0.6006871
26784	-189.2317	-252.6391	63.40744	2.937218	1.497118
26790	-191.8566	-254.1342	62.27756	3.321979	2.019277
26796	-191.6855	-253.8978	62.21234	3.200262	2.142322
26802	-189.5429	-253.5666	64.02365	3.200262	0.6018235
26808	-192.6969	-256.6625	63.96563	3.178692	0.3101203
26814	-195.6393	-259.6976	64.05831	3.178692	0.5527447
26820	-191.7401	-255.8909	64.15082	3.055805	0.3782114
26826	-193.0823	-256.0962	63.01393	3.881349	1.039324
26832	-193.8971	-257.3059	63.40881	3.517674	1.00883
26838	-195.0517	-258.8519	63.80019	3.300725	0.8148386
26844	-200.9092	-263.5817	62.67248	3.300725	1.765207
26850	-199.4316	-258.4043	58.97268	4.131738	3.548767
26856	-188.1852	-252.536	64.35087	2.62492	0.958689
26862	-193.546	-256.8831	63.33706	3.859164	0.3632951
26868	-191.8352	-254.9313	63.09604	1.864017	2.432007
26874	-180.4968	-244.344	63.84718	3.293429	0.7604583
26880	-184.5574	-248.0584	63.50103	3.73957	0.4722012
26886	-185.8973	-249.6762	63.77896	3.461638	0.4722012
26892	-188.166	-251.8792	63.71312	2.587371	1.530096
26898	-195.0993	-257.1014	62.00211	3.165273	2.300562
26904	-186.5703	-250.6147	64.04442	2.30284	1.495165
26910	-180.5693	-244.1432	63.57384	3.663413	0.4518475
26916	-175.7761	-240.079	64.30295	2.93755	0.5298033
26922	-187.4091	-248.0221	60.61305	2.944567	3.28329
26928	-191.044	-251.8825	60.83853	2.71909	3.28329
26934	-188.3456	-249.9072	61.56159	2.465422	3.004175
26940	-180.7323	-244.416	63.68369	2.906535	1.306083
26946	-173.9145	-238.273	64.35853	2.685438	0.8840972
26952	-174.3355	-239.1916	64.85612	1.912432	1.155797
26958	-173.6263	-236.9191	63.29282	1.945231	2.255289
26964	-170.3504	-235.1371	64.78667	2.384437	0.7129559
26970	-180.4091	-243.5474	63.13835	3.980933	0.29125
26976	-186.4031	-249.8505	63.44739	2.549449	1.74869
26982	-182.9623	-245.2526	62.29029	1.494305	3.148906
26988	-179.1695	-241.1964	62.02698	1.821016	3.111182
26994	-173.2498	-236.3111	63.06131	2.621867	1.963437
27000	-174.2214	-237.4137	63.19228	3.016361	1.597612
27006	-170.3691	-234.593	64.22395	2.343304	1.32461
27012	-173.5445	-236.6755	63.13101	4.099951	0.5787753
27018	-173.9933	-238.4199	64.42664	2.730513	0.3211026
27024	-170.1898	-233.3292	63.13948	3.965232	0.2814858
27030	-175.2803	-238.7227	63.44246	3.792851	0.5610534
27036	-174.6084	-237.6024	62.99397	4.124261	0.2905157
27042	-169.8719	-233.322	63.4501	3.791348	0.5196946
27048	-175.7465	-239.8894	64.14289	3.098972	0.5132884
27054	-175.3395	-238.3829	63.04345	4.19424	0.5490301
27060	-172.5101	-236.3927	63.88268	3.239853	0.7860363
27066	-177.273	-240.5857	63.31268	2.793092	1.671716
27072	-178.9157	-242.7449	63.82914	2.766137	1.301981
27078	-175.891	-239.7788	63.88783	2.260377	1.641328
27084	-174.7543	-237.6544	62.90006	3.172404	1.695408
27090	-168.9179	-232.9369	64.01894	2.053528	1.695408
27096	-176.4799	-239.7836	63.30374	2.908302	1.59514
27102	-177.0226	-239.8231	62.80047	4.1654	0.2141101
27108	-172.195	-235.0994	62.90443	4.061438	0.2141101
27114	-172.6314	-235.0028	62.37137	3.046275	2.13903
27120	-173.8066	-237.4124	63.60577	3.636283	0.5087378
27126	-179.7143	-243.5238	63.80942	3.319192	0.7776042
27132	-170.4319	-234.0905	63.65858	1.969831	2.000063
27138	-176.5518	-239.1456	62.59382	3.12505	1.939443
27144	-174.1832	-236.7657	62.58257	2.339096	2.456137
27150	-175.7166	-239.2386	63.52198	2.891269	1.445166
27156	-179.6318	-242.8154	63.18356	3.955535	0.7626594
27162	-175.3131	-238.8667	63.55366	2.641856	1.607151
27168	-174.4446	-237.892	63.44747	3.701763	0.7476593
27174	-172.6448	-237.0106	64.36581	2.724647	0.8281987
27180	-178.8537	-241.1387	62.28507	1.769775	2.987468
27186	-180.6715	-244.8788	64.20728	2.669056	1.057429
27192	-182.4462	-243.7767	61.3305	2.799684	2.942155
27198	-184.5185	-248.3603	63.84175	3.388469	0.5814651
27204	-181.758	-245.8096	64.05155	2.71156	1.16058
27210	-176.3241	-240.4115	64.0874	2.675719	1.16058
27216	-177.8085	-241.7727	63.96424	2.864236	1.102008
27222	-170.0037	-233.103	63.09923	3.977394	0.2646029
27228	-171.9865	-236.0093	64.02283	3.211352	0.5660311
27234	-180.1093	-244.1321	64.02283	3.211352	0.5660311
27240	-175.5391	-239.5569	64.01787	3.186648	0.3749913
27246	-176.7235	-240.5209	63.79742	3.407096	0.3749913
27252	-183.1727	-244.5051	61.33234	5.497011	1.101203
27258	-176.3036	-237.1102	60.80657	6.022783	1.101203
27264	-173.9175	-238.7794	64.86197	2.291083	0.7418423
27270	-172.5707	-235.9584	63.38763	1.714484	2.342158
27276	-173.144	-237.1361	63.99215	3.225258	0.6197706
27282	-173.871	-237.9039	64.0329	3.18344	0.622502
27288	-174.5707	-238.6091	64.03841	3.163128	0.3706234
27294	-176.5802	-238.4642	61.88401	3.200992	2.353026
27300	-175.8764	-239.9264	64.04999	3.152559	0.6543292
27306	-177.0588	-240.6303	63.57151	3.3575	1.006325
27312	-187.0913	-250.4759	63.38453	3.436676	1.108647
27318	-187.3339	-250.242	62.90811	2.019489	2.452415
27324	-184.6426	-246.8027	62.1601	3.462982	2.003611
27330	-185.9497	-248.146	62.19624	1.976106	2.916735
27336	-182.9863	-244.5005	61.51414	1.976106	3.322989
27342	-184.1026	-248.1631	64.0605	2.996194	0.869288
27348	-179.3829	-242.6686	63.2857	1.79965	2.352805
27354	-182.6292	-245.0702	62.44106	3.903283	1.49736
27360	-174.7312	-239.3621	64.63091	2.417574	0.878887
27366	-184.7599	-245.8845	61.12457	2.646391	3.157008
27372	-180.676	-241.9226	61.24656	3.210975	2.743536
27378	-179.0666	-241.8081	62.74152	1.716011	2.743536
27384	-178.9617	-240.7871	61.82536	1.770204	3.260899
27390	-170.8599	-234.8846	64.02463	3.216189	0.526854
27396	-170.2694	-234.477	64.20763	2.566284	1.151068
27402	-172.7735	-235.7896	63.01612	2.420414	2.126697
27408	-173.9748	-236.1822	62.20737	1.29514	3.315769
27414	-174.1758	-238.2925	64.11667	1.870811	1.755237
27420	-181.6752	-244.8552	63.18	1.995915	2.295111
27426	-179.7591	-242.9089	63.14976	2.845539	1.749773
27432	-181.3937	-244.4884	63.09467	3.54269	1.267533
27438	-180.3226	-244.3661	64.0435	3.130191	0.3370137
27444	-175.8987	-239.7533	63.85456	3.096594	0.9840729
27450	-173.1907	-237.3253	64.13461	2.284573	1.440628
27456	-170.3299	-234.8494	64.51944	1.933257	1.414837
27462	-178.7964	-243.0883	64.29197	2.338586	1.273143
27468	-175.369	-240.2061	64.83705	2.070673	1.027268
27474	-186.659	-250.7786	64.11957	2.796766	1.018839
27480	-181.9993	-245.0499	63.05059	2.834132	1.826525
27486	-181.8474	-244.2249	62.37751	2.238253	2.646396
27492	-176.7121	-240.3562	63.64409	3.125335	1.155024
27498	-176.3898	-240.0744	63.68455	3.294139	0.9556479
27504	-182.0114	-245.7723	63.76085	2.545046	1.52608
27510	-187.0735	-250.0459	62.97244	3.385992	1.486761
27516	-185.5481	-246.3316	60.78345	3.810593	2.65978
27522	-178.6501	-241.5296	62.87947	1.839863	2.582366
27528	-174.7206	-238.707	63.98645	2.699066	1.227347
27534	-178.8013	-240.3822	61.58093	2.152511	3.179285
27540	-176.9048	-237.929	61.02418	2.709263	3.179285
27546	-182.438	-246.761	64.323	2.626098	0.98616
27552	-181.1755	-244.46	63.2845	3.872258	0.7361123
27558	-176.8147	-240.9572	64.14247	2.615715	1.164909
27564	-174.1693	-237.1729	63.00355	3.588409	1.304676
27570	-172.5233	-236.2858	63.76244	2.502865	1.556126
27576	-177.4494	-239.2469	61.79751	1.814185	3.25137
27582	-172.9885	-237.8074	64.81891	1.870145	1.224359
27588	-174.0058	-239.0425	65.03668	1.890352	1.008286
27594	-172.454	-234.9186	62.46453	2.176993	2.630502
27600	-171.6791	-236.884	65.20487	1.933412	0.7638409
27606	-165.0272	-229.18	64.15283	2.337119	1.385866
27612	-167.7855	-231.7018	63.91627	2.194648	1.668047
27618	-167.7429	-231.1309	63.38797	2.67878	1.699458
27624	-175.891	-239.7486	63.8576	2.04858	1.811726
27630	-175.2258	-236.8609	61.63507	2.141064	3.153938
27636	-171.5164	-235.759	64.24262	2.130865	1.475397
27642	-173.9616	-237.4115	63.44992	2.026976	2.10026
27648	-173.9881	-238.1857	64.19761	2.368412	1.325599
27654	-175.4574	-240.013	64.55562	2.588158	0.7557953
27660	-173.7163	-237.6092	63.89292	1.487524	2.163265
27666	-174.081	-238.4684	64.38738	1.987561	1.474301
27672	-189.0487	-249.5299	60.48126	2.037067	3.887381
27678	-185.9891	-247.0657	61.07663	2.181957	3.458851
27684	-187.9318	-249.8185	61.88677	4.972155	1.073835
27690	-184.2447	-245.3171	61.07235	4.071196	2.315778
27696	-184.9497	-246.7534	61.80367	4.492756	1.533119
27702	-188.7711	-252.1771	63.40596	2.426866	1.862125
27708	-184.3709	-245.7576	61.38668	2.417754	3.137113
27714	-186.9605	-249.2753	62.31479	2.220678	2.69579
27720	-182.5587	-246.7487	64.18992	3.051927	0.51357
27726	-178.1905	-241.9419	63.75139	3.079455	1.099836
27732	-183.3914	-246.8994	63.50797	1.677275	2.289146
27738	-185.683	-248.458	62.77505	2.410197	2.289146
27744	-184.2335	-246.3233	62.08973	4.032328	1.660082
27750	-189.2176	-252.4658	63.24819	3.016373	1.556674
27756	-203.1722	-263.4465	60.27432	4.624715	2.470339
27762	-181.2115	-245.7833	64.57182	2.058386	1.273435
27768	-182.0973	-246.4091	64.31176	2.227049	1.347335
27774	-185.7391	-246.9756	61.23652	4.726172	1.77254
27780	-183.2676	-245.3333	62.06571	1.973463	2.996877
27786	-184.4042	-248.6958	64.2916	2.913682	0.6484558
27792	-179.3854	-242.2642	62.87875	2.628198	2.080512
27798	-178.7137	-239.4437	60.72999	3.855142	2.665261
27804	-173.4065	-237.2879	63.88144	3.308703	0.3555203
27810	-171.1691	-235.0662	63.89715	3.308703	0.3770056
27816	-170.58	-234.4468	63.86681	3.339038	0.3770056
27822	-176.6279	-240.49	63.86216	3.336785	0.3669828
27828	-173.8537	-237.748	63.89424	3.336785	0.5785339
27834	-173.5448	-237.0244	63.47957	2.774934	1.564076
27840	-169.329	-232.8594	63.53031	3.711641	0.4887216
27846	-176.1866	-237.5256	61.33901	4.005819	2.18639
27852	-179.8833	-241.7593	61.876	2.843426	2.582308
27858	-179.5045	-243.8212	64.31675	2.35195	1.241481
27864	-175.4759	-239.939	64.46312	2.533927	0.9361769
27870	-179.3387	-242.4487	63.10994	3.330603	1.424217
27876	-175.7279	-240.1662	64.43835	2.637134	0.8467799
27882	-171.2939	-235.223	63.92911	2.236941	1.628472
27888	-174.9858	-237.5087	62.52293	3.19351	1.94108
27894	-175.1718	-237.2182	62.0464	2.806162	2.499429
27900	-173.6379	-238.4945	64.85661	2.203834	0.8648682
27906	-176.6423	-240.7063	64.064	2.785732	1.082408
27912	-178.7385	-241.0865	62.34792	2.103844	2.747063
27918	-179.6477	-243.3586	63.71093	1.908559	2.006004
27924	-177.8624	-240.0472	62.18482	3.434669	2.006004
27930	-177.5311	-241.1149	63.58386	2.811305	1.458954
27936	-183.0257	-245.5837	62.55804	3.837127	1.458954
27942	-177.8984	-241.627	63.72865	3.454488	0.6920936
27948	-182.9277	-246.1586	63.23085	3.974689	0.3765283
27954	-180.9297	-243.5633	62.63356	4.306741	0.2048932
27960	-170.8473	-234.8305	63.98322	3.248345	0.4305409
27966	-174.0933	-238.0854	63.99212	3.248345	0.4710876
27972	-180.4667	-241.3971	60.93042	5.964389	1.039774
27978	-179.2322	-243.6184	64.38618	2.308629	1.219493
27984	-179.8905	-242.4103	62.51979	2.22233	2.568223
27990	-177.8413	-241.3912	63.54985	2.509386	1.704778
27996	-176.4047	-239.3965	62.9918	4.233868	0.4145011
28002	-173.5144	-237.0608	63.54634	3.67933	0.4145011
28008	-180.1609	-242.9421	62.7812	4.444472	0.4145011
28014	-180.0897	-243.2765	63.18676	4.048478	0.5613625
28020	-177.634	-239.9541	62.32015	4.518475	0.1739914
28026	-182.1985	-244.7053	62.50679	4.518475	0.2386326
28032	-180.7855	-244.1328	63.34723	3.872684	0.61313
28038	-184.0563	-247.9012	63.84483	3.388566	0.5693333
28044	-184.598	-247.5198	62.92182	4.189967	0.8005654
28050	-179.703	-243.8204	64.11739	3.071522	0.6814657
28056	-180.6107	-242.28	61.66931	4.368662	1.719793
28062	-184.6498	-248.925	64.27518	2.650485	1.009642
28068	-181.9226	-243.8768	61.95418	4.398855	1.490826
28074	-182.7041	-245.484	62.77992	3.434387	1.593488
28080	-192.3684	-249.7829	57.41449	9.751436	0.3292608
28086	-185.6422	-248.966	63.32372	3.911067	0.5634042
28092	-187.2291	-251.014	63.78494	3.237438	0.9085244
28098	-187.8657	-251.8421	63.97647	3.143173	0.7899804
28104	-184.2445	-246.0294	61.78495	2.211646	3.022409
28110	-187.5924	-248.3279	60.73551	3.442613	2.913253
28116	-190.8437	-253.1854	62.34169	2.978743	2.202186
28122	-180.8813	-245.9848	65.10356	2.090061	0.672454
28128	-181.3784	-245.9978	64.6194	1.833041	1.415034
28134	-188.4759	-252.3438	63.86794	2.467494	1.504039
28140	-183.6257	-248.2516	64.62595	2.21135	1.093902
28146	-189.582	-252.6596	63.07764	4.164062	0.5160717
28152	-182.1385	-245.1842	63.04576	4.195939	0.5160717
28158	-186.5514	-249.5959	63.04451	4.195939	0.5302844
28164	-184.0985	-247.2115	63.11298	2.519509	1.997342
28170	-176.076	-239.5134	63.43736	2.126494	2.042944
28176	-183.9045	-245.5828	61.67839	2.617024	2.842273
28182	-184.1137	-244.3306	60.21691	5.112848	2.19615
28188	-178.613	-241.999	63.38599	3.54571	1.003651
28194	-183.9902	-247.8512	63.86106	3.070638	1.003651
28200	-185.6254	-245.0231	59.39761	2.545568	4.215467
28206	-178.0068	-241.7189	63.71217	2.185429	1.817653
28212	-175.3993	-235.2929	59.89366	1.864117	4.32047
28218	-172.7121	-237.1513	64.43924	2.485531	1.01053
28224	-174.7114	-238.1106	63.39929	3.525477	1.01053
28230	-183.337	-247.4736	64.13666	2.970775	0.8063273
28236	-183.577	-247.7203	64.14328	2.980873	0.2946983
28242	-187.2998	-251.0759	63.77617	3.20073	0.9575218
28248	-187.303	-250.5913	63.28831	3.83855	0.7800415
28254	-187.7709	-251.7848	64.01396	2.809682	1.106421
28260	-189.0248	-252.6379	63.61307	2.9211	1.351025
28266	-187.9104	-251.7645	63.85414	2.855128	1.207189
28272	-184.2143	-246.5108	62.29658	1.956747	2.867786
28278	-185.4228	-246.5182	61.09543	2.994983	2.966096
28284	-182.0791	-246.0937	64.01455	3.114311	0.7772532
28290	-184.3905	-246.9035	62.51304	1.939186	2.746777
28296	-184.0267	-246.6881	62.66144	1.790793	2.746777
28302	-191.7581	-252.9819	61.22377	4.150805	2.167081
28308	-197.7032	-262.3152	64.61205	1.887701	1.378183
28314	-191.5605	-253.4191	61.85856	5.38039	0.4607066
28320	-190.4566	-253.4925	63.03587	4.180406	0.6226784
28326	-189.6327	-253.5456	63.91294	3.328558	0.5190661
28332	-185.9361	-247.3934	61.45736	3.186003	2.62937
28338	-189.2802	-253.1507	63.87051	2.195154	1.700225
28344	-185.5547	-249.0688	63.51405	3.593845	0.2835551
28350	-191.2664	-256.144	64.87762	2.270236	0.7497322
28356	-193.4918	-258.5186	65.0268	2.174353	0.6572709
28362	-193.1328	-256.0016	62.8688	2.860568	1.932364
28368	-187.149	-251.009	63.86008	3.283155	0.7566009
28374	-187.0268	-250.5075	63.48075	2.857781	1.501714
28380	-185.8129	-249.8227	64.00985	3.023461	0.8962589
28386	-183.8568	-247.6578	63.80104	3.364606	0.7219688
28392	-187.9437	-251.5479	63.60422	3.362545	0.9680642
28398	-183.6728	-248.216	64.54313	2.45257	0.9376212
28404	-187.4119	-251.2344	63.82252	3.371839	0.3608438
28410	-186.4734	-250.641	64.16752	2.949333	0.793769
28416	-189.1463	-253.0993	63.95294	3.081501	0.8949775
28422	-192.7654	-256.0188	63.25347	3.760623	0.9176758
28428	-185.5809	-248.6125	63.03164	4.025476	0.8687996
28434	-185.1544	-249.4143	64.25987	2.948853	0.6407793
28440	-183.4759	-246.6881	63.21218	3.717169	0.201149
28446	-182.0128	-245.3561	63.34324	3.591202	0.2028746
28452	-184.1693	-246.255	62.08576	2.588643	2.610189
28458	-182.7607	-246.2706	63.50998	1.82683	2.191587
28464	-179.8321	-241.9388	62.10668	2.057966	2.921383
28470	-180.8626	-245.1734	64.31085	2.037471	1.494368
28476	-176.7771	-240.4281	63.65095	2.175796	1.866279
28482	-184.4412	-248.4105	63.96932	3.16839	0.7646676
28488	-174.5442	-236.8817	62.33758	1.941455	2.852206
28494	-178.617	-241.3276	62.71062	2.336983	2.376741
28500	-171.8061	-236.0565	64.25045	2.635025	1.048729
28506	-177.6309	-241.9158	64.28494	2.956415	0.4796239
28512	-181.9668	-245.9962	64.02941	2.956415	0.9481409
28518	-180.5518	-244.4382	63.88642	3.227439	0.7977936
28524	-183.3708	-247.8778	64.50704	2.50134	0.9239291
28530	-183.204	-247.0631	63.85915	3.274783	0.7700884
28536	-182.9567	-246.8587	63.90192	2.186234	1.684263
28542	-188.4558	-251.8417	63.38581	1.980522	2.172436
28548	-183.9453	-245.9271	61.98184	2.479872	2.740977
28554	-180.1276	-241.49	61.36234	3.099377	2.740977
28560	-178.3723	-238.777	60.40473	2.394746	3.725547
28566	-178.2228	-241.0206	62.79777	1.51068	2.834361
28572	-175.1776	-239.373	64.19538	1.79267	1.75484
28578	-182.2879	-242.9777	60.6898	1.509287	4.06995
28584	-183.6339	-242.9754	59.34149	1.088567	5.063699
28590	-177.9461	-242.0777	64.13158	3.071482	0.372825
28596	-178.1535	-242.4053	64.25188	2.736047	0.9459121
28602	-181.2741	-242.6108	61.33676	2.293003	3.240689
28608	-182.6943	-244.7036	62.00928	1.405669	3.36725
28614	-176.867	-241.3995	64.53252	2.007071	1.346721
28620	-179.2823	-243.1093	63.82699	2.428023	1.5637
28626	-180.0328	-243.6784	63.64565	2.609354	1.5637
28632	-181.6387	-243.8514	62.21273	3.063271	2.230873
28638	-183.576	-246.951	63.37499	3.640166	0.9165091
28644	-186.4698	-249.8201	63.35021	3.640166	0.9433046
28650	-179.0896	-243.2656	64.176	2.763137	0.9962111
28656	-171.2134	-235.0793	63.86591	3.301755	0.7186596
28662	-176.1134	-239.5288	63.41535	3.756478	0.7117442
28668	-173.8387	-237.5034	63.66475	3.283912	0.9866027
28674	-172.6229	-235.5515	62.92859	3.719482	1.258666
28680	-169.8845	-233.422	63.53746	2.542378	1.690177
28686	-167.9693	-232.7841	64.81473	2.178711	0.9400433
28692	-174.6515	-238.7385	64.087	2.183916	1.551984
28698	-169.0002	-233.0951	64.09481	2.754399	1.082888
28704	-168.423	-232.4223	63.99935	3.203065	0.6546175
28710	-175.2232	-239.1918	63.96858	3.264209	0.5718097
28716	-183.1971	-244.7319	61.53487	4.762557	1.532371
28722	-182.1622	-241.2423	59.08013	7.58547	1.244069
28728	-178.3647	-240.3913	62.02658	2.546437	2.672718
28734	-174.4726	-237.9911	63.51853	2.49076	1.739968
28740	-177.264	-241.5873	64.32327	2.586237	1.025531
28746	-182.6501	-244.8155	62.16533	2.309928	2.732692
28752	-180.3412	-241.74	61.39888	1.573911	3.625245
28758	-179.8499	-243.7034	63.85352	1.928627	1.896646
28764	-170.3027	-234.4101	64.10737	2.378253	1.389247
28770	-176.8615	-238.796	61.93451	2.384372	2.828023
28776	-175.0772	-237.9493	62.87211	4.007439	1.05438
28782	-180.1897	-243.1299	62.94015	4.248136	0.3532623
28788	-178.9397	-242.422	63.48227	3.747237	0.5839657
28794	-176.1482	-240.4661	64.31792	2.872703	0.6782396
28800	-180.8419	-245.3366	64.4947	2.065178	1.330521
28806	-178.5021	-240.1379	61.63581	1.461149	3.553108
28812	-183.1733	-247.5677	64.39433	2.427643	1.107945
28818	-180.5322	-243.5141	62.98182	2.404476	2.159456
28824	-189.1793	-253.5503	64.37094	2.871193	0.5059742
28830	-184.5714	-248.9203	64.34892	2.871193	0.4021319
28836	-181.827	-246.1332	64.30624	2.871193	0.3409486
28842	-181.2779	-245.5841	64.30624	2.871193	0.3409486
28848	-183.9557	-248.3264	64.37067	2.871193	0.5132031
28854	-183.7576	-247.0498	63.29216	3.656615	0.9864901
28860	-180.8506	-243.9344	63.08379	2.742849	1.86635
28866	-182.284	-244.5136	62.22964	3.179775	2.144401
28872	-177.246	-241.5067	64.26068	2.917985	0.7000268
28878	-181.9062	-241.7259	59.81969	3.538132	3.400766
28884	-177.0128	-240.473	63.46028	2.776729	1.576909
28890	-184.824	-246.7219	61.89791	2.435095	2.819447
28896	-179.2844	-242.406	63.12154	2.228746	2.182847
28902	-181.1155	-243.2942	62.17875	2.051253	2.881903
28908	-179.6511	-243.4431	63.79202	2.691964	1.390526
28914	-177.5196	-241.7818	64.26224	2.423207	1.227408
28920	-178.9158	-242.3098	63.39401	3.721599	0.7954537
28926	-183.2432	-247.6944	64.45126	2.777855	0.5853162
28932	-187.7968	-250.8337	63.03689	4.20044	0.4522437
28938	-177.1457	-241.7014	64.55567	2.661006	0.6216652
28944	-175.0965	-239.1446	64.04807	3.168601	0.6216652
28950	-175.8804	-239.8645	63.98411	3.01614	0.9327382
28956	-178.5105	-240.3957	61.88521	1.591884	3.330724
28962	-173.852	-238.5097	64.65771	2.581601	0.539041
28968	-175.0574	-239.1962	64.13886	2.994835	0.7704238
28974	-178.7647	-242.4921	63.7274	3.42051	0.31309
28980	-178.273	-242.6675	64.39454	2.831038	0.4142727
28986	-173.8486	-238.3934	64.54481	2.327259	1.061471
28992	-178.5253	-242.7077	64.18234	2.272749	1.412981
28998	-172.9457	-235.8229	62.87723	2.149102	2.390197
29004	-182.8189	-246.3324	63.51351	1.832646	2.185528
29010	-184.0051	-244.471	60.46594	2.518491	3.618491
29016	-180.9644	-244.3062	63.34181	2.540887	1.827918
29022	-177.5774	-241.4553	63.87786	2.332965	1.59602
29028	-176.5251	-240.2072	63.68204	2.21122	1.82064
29034	-177.6163	-239.439	61.82264	5.077302	0.1916424
29040	-172.472	-234.0042	61.53224	5.216058	0.1521786
29046	-174.8865	-237.5333	62.6468	4.433266	0.2665544
29052	-175.941	-237.4412	61.50022	5.3333	0.172637
29058	-182.7729	-243.9945	61.22154	5.623093	0.1756061
29064	-188.2414	-250.642	62.40061	4.753598	0.3184837
29070	-181.3153	-242.3385	61.02325	5.825953	0.1768499
29076	-179.1748	-241.1614	61.98654	5.063863	0.250674
29082	-177.8027	-239.9843	62.1816	5.005897	0.3523183
29088	-184.0968	-245.4769	61.38006	4.012921	2.155108
29094	-182.215	-245.2459	63.03088	4.11315	0.7554288
29100	-179.8713	-244.3392	64.46786	2.554864	0.9081291
29106	-181.1537	-242.839	61.68526	2.127899	3.131923
29112	-181.2403	-243.3885	62.14823	2.404068	2.685451
29118	-177.8161	-238.8471	61.03103	2.419784	3.34618
29124	-181.9678	-245.462	63.49413	2.165191	1.979421
29130	-182.3303	-245.7697	63.43941	2.219904	1.979421
29136	-186.4187	-248.8809	62.46218	3.609668	1.695846
29142	-176.2914	-240.5319	64.24051	2.452635	1.220902
29148	-179.5315	-242.1506	62.61913	2.194555	2.523697
29154	-176.7648	-238.7878	62.02299	1.637086	3.222756
29160	-175.7824	-238.7888	63.00641	1.822025	2.514496
29166	-178.095	-240.2712	62.17624	2.652198	2.514496
29172	-175.5782	-238.5103	62.93207	2.247811	2.292573
29178	-174.2354	-238.8889	64.65352	2.247811	1.033475
29184	-176.3426	-240.2136	63.87095	3.323549	0.6707372
29190	-175.2176	-239.4291	64.21149	2.509146	1.197464
29196	-173.0415	-236.0909	63.04947	2.38763	2.126327
29202	-176.7853	-237.9263	61.14096	3.922192	2.366893
29208	-184.274	-247.9316	63.65767	2.768911	1.434952
29214	-179.3666	-242.8673	63.50071	2.925875	1.434952
29220	-179.5581	-243.8085	64.25036	2.925875	0.704241
29226	-180.8321	-244.2907	63.45862	2.694781	1.637592
29232	-181.5661	-245.9579	64.39172	2.837594	0.5846363
29238	-184.0651	-247.9795	63.91444	2.875653	1.136695
29244	-180.1946	-244.384	64.18941	2.79163	0.9531863
29250	-179.2183	-242.8107	63.59248	3.204509	1.130522
29256	-180.7779	-241.0719	60.29407	3.884172	2.913176
29262	-176.5183	-240.1508	63.63245	2.122494	1.915085
29268	-179.6392	-244.0852	64.44601	2.362592	1.120073
29274	-178.7118	-243.0927	64.38094	2.427661	1.120073
29280	-183.4654	-247.7255	64.2601	2.752761	0.9190223
29286	-187.9171	-252.1772	64.2601	2.752761	0.9190223
29292	-190.6749	-254.1768	63.50196	3.59723	0.817062
29298	-192.3936	-253.6147	61.22103	2.824991	2.992764
29304	-192.7252	-255.436	62.71079	4.389322	0.8158676
29310	-189.7743	-252.9534	63.17913	4.062515	0.483401
29316	-189.521	-252.5532	63.03213	2.841038	1.834469
29322	-186.5378	-250.0826	63.54479	2.943055	1.387512
29328	-188.5177	-251.3675	62.84986	4.242995	0.8251668
29334	-188.9718	-252.2712	63.29945	3.793405	0.8251668
29340	-187.8913	-251.6941	63.80276	2.229113	1.724089
29346	-185.9128	-250.013	64.10018	1.931692	1.724089
29352	-190.2645	-253.316	63.05153	4.185364	0.5533315
29358	-189.8749	-249.5201	59.64522	4.037369	3.209429
29364	-184.6079	-246.9653	62.35737	2.672374	2.38804
29370	-180.0439	-243.9997	63.95582	3.036712	0.9410128
29376	-187.7625	-250.8323	63.06976	3.390822	1.408729
29382	-196.84	-259.3287	62.48877	4.710095	0.3668634
29388	-191.6285	-254.4339	62.80548	4.428106	0.5685562
29394	-188.1906	-250.5193	62.32876	4.799966	0.2980247
29400	-185.8579	-249.0531	63.19524	4.020349	0.624392
29406	-189.2572	-252.2973	63.04011	4.175482	0.624392
29412	-191.8813	-255.0439	63.1626	4.079375	0.4893833
29418	-190.7115	-252.5834	61.87193	5.368238	0.4687074
29424	-188.8188	-250.7779	61.95916	5.080252	0.2452654
29430	-190.6876	-252.3606	61.67298	5.36643	0.2452654
29436	-200.5723	-262.4472	61.87484	5.36643	0.478678
29442	-190.6339	-252.3164	61.68245	5.36643	0.2499084
29448	-198.6791	-260.6159	61.93675	5.28202	0.6161998
29454	-191.5581	-255.0181	63.46006	3.289256	1.172659
29460	-183.3332	-246.4248	63.09156	2.690615	1.896629
29466	-181.4411	-245.3724	63.93129	3.023468	0.9804067
29472	-181.2879	-245.5034	64.21551	2.739246	0.9804067
29478	-185.233	-248.65	63.41695	2.734956	1.638667
29484	-183.9334	-247.7447	63.81129	2.340617	1.638667
29490	-185.5081	-248.4816	62.97351	3.089025	1.702439
29496	-187.546	-250.9129	63.36691	3.692374	0.8662342
29502	-190.4632	-253.3421	62.87898	4.303112	0.6939634
29508	-189.7665	-253.9615	64.19498	2.784115	0.9552321
29514	-186.6801	-248.6283	61.94824	4.027371	1.763528
29520	-194.4611	-257.019	62.55788	3.93108	1.386641
29526	-191.398	-256.2441	64.84607	2.286636	0.7718294
29532	-194.6877	-255.5556	60.86792	3.776287	2.628845
29538	-195.122	-257.0016	61.87958	2.351654	2.881154
29544	-190.7599	-254.6087	63.84887	2.777772	1.276362
29550	-189.6989	-253.8377	64.13879	3.025372	0.7243672
29556	-176.0168	-239.9292	63.91238	3.284105	0.3636433
29562	-171.455	-235.7624	64.30749	2.854721	0.7275115
29568	-173.0492	-237.1601	64.11089	2.702869	1.115404
29574	-172.318	-236.5231	64.20507	2.99979	0.6493808
29580	-168.7923	-232.9945	64.20228	3.002573	0.6493808
29586	-176.2054	-240.8801	64.6747	2.43648	0.8013735
29592	-172.5974	-236.9304	64.33295	2.766607	0.8165914
29598	-171.8742	-236.1513	64.27711	2.877398	0.7396101
29604	-172.9018	-236.7036	63.80181	3.09681	1.036103
29610	-171.9804	-236.0973	64.11684	3.113906	0.57957
29616	-182.7341	-246.7342	64.00007	3.232396	0.5730717
29622	-179.3313	-243.4019	64.07061	3.15281	0.60327
29628	-182.2212	-246.3737	64.15249	3.024766	0.7024789
29634	-190.3295	-252.8801	62.55061	4.507051	0.8681598
29640	-190.1725	-253.5659	63.39342	3.827517	0.6103464
29646	-190.0615	-253.2064	63.14496	3.855985	0.9319915
29652	-194.8467	-255.3677	60.52096	6.491322	0.9196608
29658	-191.594	-255.2483	63.65427	3.437798	0.826162
29664	-196.3964	-259.8033	63.4069	2.562413	1.767928
29670	-197.7456	-259.0264	61.28076	5.709558	0.2236232
29676	-190.4558	-254.1382	63.68247	2.796747	1.394244
29682	-195.2634	-258.2686	63.00517	4.2214	0.4167111
29688	-197.0955	-260.3279	63.23246	3.551851	1.141846
29694	-190.777	-254.8651	64.08815	2.790843	1.054911
29700	-189.6988	-251.8881	62.1892	4.92872	0.2903052
29706	-193.1582	-253.6772	60.51896	3.254201	3.155703
29712	-189.9307	-254.1523	64.22167	2.784425	0.9264143
29718	-187.1435	-251.474	64.33052	2.876279	0.6451217
29724	-194.2765	-257.7107	63.43417	2.910878	1.496824
29730	-193.8825	-255.9982	62.11573	3.866594	1.758846
29736	-196.1894	-258.8192	62.62989	2.623656	2.245333
29742	-180.6962	-244.6587	63.96252	2.274281	1.577059
29748	-179.4013	-242.5446	63.14331	3.441536	1.310431
29754	-185.099	-249.195	64.09603	3.142921	0.5414302
29760	-192.2749	-255.4571	63.18218	3.853757	0.8932869
29766	-187.007	-250.7055	63.69852	3.361897	0.8649011
29772	-188.9638	-252.2553	63.29146	3.915077	0.3780744
29778	-193.8959	-256.9323	63.03635	4.150315	0.3513316
29784	-190.6376	-253.5702	62.93255	4.286109	0.3991875
29790	-187.4229	-247.4083	59.98535	6.770347	1.167087
29796	-189.8987	-249.3378	59.43915	6.999033	1.426038
29802	-193.7985	-255.5848	61.78632	4.099786	1.825572
29808	-182.4084	-246.2468	63.83837	2.048217	1.825239
29814	-184.5358	-248.8457	64.30993	2.489614	1.128234
29820	-184.5117	-246.5492	62.03747	5.071142	0.8047747
29826	-179.9605	-243.1626	63.20204	3.808924	0.2322737
29832	-175.4171	-238.9738	63.55666	3.61272	0.3326416
29838	-185.8787	-249.1206	63.24188	3.927505	0.3326416
29844	-188.5336	-251.0541	62.52049	4.536113	0.253827
29850	-190.6217	-254.1948	63.57317	3.555043	0.7781627
29856	-188.7134	-252.8687	64.15533	2.804593	0.9751151
29862	-191.0615	-252.8036	61.7421	4.374326	1.664112
29868	-198.4505	-256.5007	58.05019	4.870618	3.655371
29874	-194.3789	-257.5606	63.1817	3.930394	0.8001626
29880	-197.5225	-258.8397	61.3172	3.281556	2.656877
29886	-197.5909	-261.269	63.6781	3.387146	0.859142
29892	-195.0751	-258.9397	63.86462	3.324405	0.3541567
29898	-193.9519	-256.3544	62.40246	4.811352	0.6288009
29904	-192.1964	-256.0952	63.89872	3.201358	0.8159136
29910	-197.6222	-260.8517	63.22958	3.981471	0.6354073
29916	-200.0664	-262.3868	62.32037	3.818333	1.648152
29922	-193.139	-256.8401	63.70105	3.494787	0.6680941
29928	-183.9882	-248.1742	64.18591	2.980868	0.7201163
29934	-189.0935	-250.6759	61.58237	3.831919	2.141223
29940	-184.9197	-249.0945	64.17484	3.043876	0.6163467
29946	-185.2	-248.9613	63.76125	3.432912	0.3605848
29952	-185.5587	-249.3266	63.76795	3.347369	0.7958369
29958	-186.5082	-249.4317	62.92353	2.166283	2.349975
29964	-189.0979	-251.0933	61.99545	4.79383	1.137419
29970	-191.6164	-255.0147	63.39834	2.049282	2.119442
29976	-182.6452	-246.9697	64.32446	2.899737	0.6010032
29982	-180.7039	-242.8183	62.11436	3.124118	2.25502
29988	-184.8802	-247.1692	62.28904	2.429624	2.58278
29994	-185.7422	-249.3335	63.59132	2.29257	1.827095
30000	-187.1607	-248.7198	61.55904	2.499577	2.985205
30006	-183.5227	-245.9981	62.47541	4.431874	1.027699
30012	-184.3244	-247.8678	63.54335	3.20036	1.177532
30018	-182.7279	-242.3668	59.6389	3.481392	3.539528
30024	-186.3625	-250.5296	64.16709	2.930643	0.8189366
30030	-187.5063	-250.5116	63.00527	2.750199	1.914729
30036	-186.7065	-249.3265	62.61996	1.739871	2.803131
30042	-185.4709	-248.9978	63.52692	2.658897	1.614181
30048	-181.4987	-245.9694	64.47069	2.622306	0.8249863
30054	-187.5039	-251.0415	63.53759	3.680202	0.6187749
30060	-182.0066	-243.2644	61.25781	3.645165	2.467864
30066	-183.4839	-246.894	63.41012	3.653188	0.2573333
30072	-178.8352	-242.4337	63.59847	3.582882	0.3452365
30078	-177.9188	-242.6213	64.70254	2.412994	0.7955545
30084	-179.3181	-242.064	62.74595	2.851074	2.020946
30090	-178.5819	-241.2084	62.62659	2.365565	2.411783
30096	-184.2957	-246.9531	62.65736	4.53714	0.670749
30102	-176.6121	-241.2249	64.61278	2.481726	0.8230688
30108	-179.3245	-243.8816	64.55716	2.481726	0.8899229
30114	-175.9644	-240.461	64.49662	2.595231	0.8264365
30120	-178.2851	-242.2628	63.97769	2.519991	1.379813
30126	-187.9516	-252.1466	64.19506	3.033817	0.5861498
30132	-189.3096	-252.4953	63.18577	3.680934	1.066532
30138	-175.035	-238.9778	63.94285	3.070562	0.9184266
30144	-176.1931	-238.7446	62.55148	4.636552	0.3529592
30150	-169.9264	-234.3946	64.46815	2.272986	1.179765
30156	-169.9825	-234.2137	64.23121	2.990846	0.6072081
30162	-171.2913	-234.8392	63.54788	3.652753	0.6583651
30168	-174.1086	-235.2712	61.16259	3.438828	2.655235
30174	-174.3527	-239.1763	64.82359	2.335313	0.7327462
30180	-175.4227	-237.3936	61.97094	2.736578	2.58969
30186	-183.5086	-247.1243	63.61578	2.950408	1.325467
30192	-183.3862	-246.1971	62.8109	3.782259	1.303706
30198	-184.1589	-246.8578	62.69891	3.013852	1.943558
30204	-172.2109	-236.3299	64.119	2.536535	1.252469
30210	-171.3063	-235.1162	63.80992	3.090211	1.034635
30216	-170.5444	-232.2404	61.69604	2.61401	2.833388
30222	-169.2481	-232.2653	63.0172	2.995065	1.737878
30228	-171.5296	-235.9416	64.41196	2.451102	1.069952
30234	-171.6496	-236.3783	64.72861	2.134453	1.069952
30240	-176.0435	-240.0072	63.96369	2.910655	1.059322
30246	-177.3684	-241.2248	63.85641	2.121953	1.761612
30252	-185.5791	-250.2636	64.68456	2.493138	0.7017191
30258	-184.5239	-248.9186	64.39464	2.715395	0.8028971
30264	-183.2696	-247.1388	63.86918	3.347063	0.6227532
30270	-192.9891	-256.3445	63.3554	3.185951	1.34532
30276	-188.8493	-253.0107	64.16141	2.379934	1.34532
30282	-186.9978	-248.0067	61.00891	2.986543	3.023091
30288	-189.9313	-250.6264	60.69507	3.395948	2.965728
30294	-189.611	-251.6252	62.01421	2.382948	2.780397
30300	-193.8874	-256.9458	63.05842	2.696694	1.914971
30306	-189.9571	-252.4078	62.45071	3.526214	1.762613
30312	-195.8413	-259.5346	63.69331	2.892783	1.309422
30318	-193.2379	-257.5123	64.27445	2.967252	0.5160094
30324	-187.9019	-251.6777	63.77579	2.727395	1.375488
30330	-187.8219	-250.974	63.15214	3.351048	1.375488
30336	-189.9295	-249.5203	59.59088	6.190242	1.897343
30342	-185.0276	-247.6547	62.62708	3.982978	1.289954
30348	-181.6191	-245.2692	63.65006	3.460597	0.2853796
30354	-181.4732	-245.6352	64.16194	3.072767	0.4412459
30360	-183.2343	-245.2962	62.06187	3.017668	2.356495
30366	-182.372	-245.6648	63.29278	3.52001	1.116289
30372	-182.1938	-246.4251	64.23136	3.005078	0.5556372
30378	-177.2515	-241.6262	64.37467	2.682777	0.8684049
30384	-181.7201	-245.8445	64.12435	3.117647	0.4897538
30390	-177.469	-241.4116	63.94256	2.851165	1.133444
30396	-182.445	-241.7935	59.34849	2.140638	4.472036
30402	-179.5876	-242.5429	62.95531	2.51223	2.1064
30408	-178.3586	-241.4454	63.08679	3.034662	1.660513
30414	-177.6521	-241.6057	63.95353	2.600927	1.334861
30420	-176.7077	-240.3482	63.64049	2.265567	1.811816
30426	-175.1868	-238.4445	63.25771	2.286797	2.055742
30432	-177.7976	-241.6595	63.86191	2.712977	1.318468
30438	-181.5629	-242.0536	60.49072	3.732358	2.886091
30444	-182.4168	-245.6452	63.22837	3.129884	1.486896
30450	-178.1722	-240.5688	62.39668	3.285948	1.963808
30456	-186.3606	-247.1528	60.79227	4.582059	2.167241
30462	-184.6785	-245.5853	60.90682	3.727408	2.635005
30468	-185.4535	-248.8017	63.3482	3.702716	0.8760541
30474	-181.9502	-245.8167	63.86655	3.179812	0.8813443
30480	-180.0874	-244.3378	64.25042	2.79594	0.8813443
30486	-181.4652	-244.1302	62.66504	2.372527	2.383091
30492	-183.6398	-244.4965	60.85669	3.180201	2.998247
30498	-184.3831	-248.1829	63.79973	2.483109	1.543178
30504	-185.3938	-249.2246	63.83087	2.646348	1.395806
30510	-187.8924	-251.5364	63.64396	2.319003	1.772347
30516	-184.4193	-247.1826	62.76329	3.880682	1.262068
30522	-188.2662	-251.7121	63.44592	3.205572	1.255826
30528	-186.3186	-248.1532	61.83466	4.143791	1.761546
30534	-183.6532	-246.0223	62.36906	2.409508	2.545569
30540	-183.4865	-245.4607	61.97421	1.741632	3.189725
30546	-185.8867	-250.5231	64.63643	2.042394	1.232981
30552	-183.6486	-243.3375	59.68889	1.42702	4.681536
30558	-183.1759	-242.2972	59.12125	1.994661	4.681536
30564	-181.0057	-243.9003	62.89453	2.122648	2.395987
30570	-179.3604	-242.3455	62.98505	2.027541	2.398885
30576	-183.9383	-248.2622	64.32392	2.898071	0.6073781
30582	-178.7281	-241.6151	62.88702	2.002641	2.476212
30588	-179.5517	-243.422	63.87021	2.231824	1.674385
30594	-178.634	-243.31	64.67596	2.134974	1.11797
30600	-175.7976	-238.4264	62.62878	2.490703	2.33111
30606	-176.8246	-241.1129	64.28837	2.952328	0.4730081
30612	-174.4434	-238.9141	64.47068	2.067881	1.347535
30618	-186.3668	-249.864	63.4972	2.515169	1.737804
30624	-189.5601	-250.4016	60.84151	5.761193	1.295948
30630	-187.0964	-246.3655	59.26913	3.667353	3.646294
30636	-171.8946	-234.868	62.97338	2.806394	1.898258
30642	-169.9688	-232.8749	62.90606	3.734145	1.265183
30648	-168.8547	-231.1146	62.2599	2.776266	2.383978
30654	-172.3049	-236.4031	64.09821	3.124805	0.4083301
30660	-168.8868	-232.6736	63.78675	2.105089	1.821624
30666	-166.9451	-231.4121	64.46704	1.720441	1.612981
30672	-172.8151	-237.6902	64.87509	1.720441	1.301779
30678	-169.9823	-234.1737	64.19134	2.97093	0.7274017
30684	-169.647	-233.2709	63.62392	2.76812	1.461328
30690	-173.4517	-237.3242	63.87257	3.252829	0.7820798
30696	-170.8998	-234.8965	63.99669	3.154653	0.7444562
30702	-178.1524	-242.4596	64.30716	2.881194	0.3533491
30708	-180.9411	-245.5102	64.56908	2.658452	0.4191549
30714	-188.8707	-252.4545	63.58374	2.670142	1.56453
30720	-189.5881	-251.7077	62.11962	4.287352	1.449957
30726	-184.0379	-247.811	63.77309	3.440807	0.3902606
30732	-185.9634	-248.5699	62.60644	3.440807	1.713248
30738	-186.5179	-250.0236	63.50573	2.851228	1.487871
30744	-182.5506	-245.505	62.95438	2.515169	2.105078
30750	-182.0039	-245.2782	63.27426	2.195291	2.105078
30756	-179.997	-243.7225	63.72551	1.581223	2.211041
30762	-176.5989	-239.2229	62.62394	3.475551	1.676195
30768	-172.3801	-235.7989	63.4188	2.680692	1.676195
30774	-173.609	-237.7148	64.1058	2.154117	1.560089
30780	-179.8524	-241.003	61.15053	2.735283	3.088636
30786	-174.5605	-237.3694	62.80899	3.118413	1.797052
30792	-173.3449	-237.1272	63.78226	1.776706	2.046183
30798	-176.7693	-241.12	64.35068	2.854248	0.375604
30804	-170.1142	-234.5349	64.42066	2.796921	0.3970776
30810	-180.2733	-243.38	63.10668	3.338954	1.42029
30816	-182.2654	-245.889	63.62363	1.773425	2.152456
30822	-180.2397	-243.3759	63.1362	1.375816	2.710179
30828	-176.9435	-239.5751	62.63158	1.454333	2.968801
30834	-177.5667	-240.5014	62.93464	1.151268	2.968801
30840	-186.857	-249.292	62.43497	1.650938	2.968801
30846	-189.3158	-253.8717	64.55595	1.756299	1.521354
30852	-190.362	-253.5896	63.22761	3.272954	1.377552
30858	-188.7187	-250.993	62.27431	4.946367	0.6110682
30864	-191.2173	-254.7651	63.54782	3.673764	0.4052045
30870	-198.77	-262.3323	63.56235	3.651374	0.629014
30876	-197.8161	-261.7486	63.93244	3.261062	0.6726866
30882	-190.9756	-254.1846	63.209	4.032322	0.5213229
30888	-188.547	-252.1699	63.62292	3.609428	0.5735549
30894	-188.1375	-251.9877	63.85018	2.890069	1.180539
30900	-187.5363	-251.5664	64.03006	2.710192	1.180539
30906	-187.2675	-249.5187	62.25117	2.957624	2.274063
30912	-176.119	-240.1106	63.99162	3.089857	0.8394162
30918	-178.8975	-242.6973	63.79978	3.165323	0.9697821
30924	-173.807	-237.8725	64.06547	2.988189	0.8728516
30930	-175.3419	-239.2355	63.89364	2.42621	1.515685
30936	-174.2503	-237.825	63.57473	2.658916	1.579369
30942	-175.3507	-239.162	63.81131	2.381383	1.609199
30948	-177.503	-241.0096	63.50667	3.600375	0.2829994
30954	-178.5313	-240.8465	62.31519	3.46412	1.898574
30960	-177.699	-241.3525	63.65345	2.636605	1.537838
30966	-180.838	-244.5419	63.70385	2.586208	1.537838
30972	-172.5785	-236.4622	63.88368	2.406375	1.537838
30978	-169.9085	-234.0711	64.16264	2.579054	1.179286
30984	-173.4862	-237.9502	64.46401	2.482327	0.9889587
30990	-173.3267	-236.5814	63.25474	3.301251	1.333637
30996	-180.3055	-245.3407	65.03519	2.076541	0.800645
31002	-172.1595	-236.3879	64.22836	2.757291	0.9483209
31008	-171.1087	-235.1627	64.05397	2.690208	1.177129
31014	-171.6457	-232.5334	60.88771	1.732062	3.829108
31020	-169.1868	-233.3338	64.14698	2.686546	1.097372
31026	-170.8941	-233.5238	62.62963	1.452848	2.970866
31032	-173.7249	-237.8639	64.13903	1.681817	1.870308
31038	-168.431	-230.9228	62.4918	1.248283	3.175341
31044	-172.8016	-234.7291	61.92745	1.812637	3.175341
31050	-163.5808	-227.5162	63.93539	1.270883	2.275682
31056	-169.9667	-231.9862	62.0195	2.158121	2.913555
31062	-171.2761	-235.2994	64.02335	1.706472	1.932061
31068	-172.6388	-236.994	64.35523	2.046971	1.4536
31074	-171.1263	-234.2904	63.16416	2.049908	2.270685
31080	-169.829	-234.5896	64.76063	2.316781	0.84442
31086	-170.6974	-234.9631	64.26569	2.972484	0.4564146
31092	-164.4646	-229.1071	64.64248	2.216212	1.074052
31098	-168.9855	-233.1147	64.12918	2.767308	1.03816
31104	-174.1454	-238.189	64.04361	3.011425	0.8712429
31110	-180.6939	-244.573	63.87907	3.17596	0.8712429
31116	-171.8127	-235.9288	64.11616	2.733583	1.082393
31122	-176.1714	-240.3265	64.15505	2.733583	1.045709
31128	-175.7459	-237.9524	62.20647	2.09047	2.841348
31134	-173.5591	-235.3762	61.81708	2.479856	2.841348
31140	-173.957	-237.7117	63.75468	2.649476	1.452107
31146	-172.5535	-236.5787	64.0252	1.785799	1.877024
31152	-174.5941	-238.0199	63.42573	2.477502	1.813762
31158	-175.2761	-239.0755	63.79945	3.313048	0.7996129
31164	-174.6946	-238.3701	63.6755	3.542343	0.6186374
31170	-179.4959	-242.8536	63.35771	3.256235	1.286771
31176	-171.4263	-235.1573	63.731	3.501431	0.5732261
31182	-184.2729	-247.1383	62.86536	4.03726	1.032225
31188	-177.7589	-241.7409	63.98201	2.347556	1.508433
31194	-183.8576	-248.4404	64.58283	2.586661	0.7156435
31200	-179.0714	-243.5003	64.42895	2.736866	0.7216887
31206	-181.786	-246.8589	65.07293	1.788291	1.071679
31212	-180.2611	-244.0983	63.83718	3.369888	0.3788873
31218	-178.1256	-241.9843	63.85872	3.332336	0.356646
31224	-176.8855	-240.692	63.80647	3.151668	0.9769477
31230	-177.4552	-241.6176	64.16243	2.008327	1.625073
31236	-171.3978	-235.3213	63.92344	2.484135	1.449497
31242	-173.7455	-237.197	63.45146	2.956119	1.449497
31248	-177.2481	-241.0041	63.75601	3.460954	0.6209099
31254	-175.6759	-240.3896	64.71374	2.121199	1.096075
31260	-186.5104	-250.4398	63.92937	2.892178	1.108333
31266	-192.3369	-255.4288	63.09192	2.892178	1.757607
31272	-182.0885	-246.5563	64.46776	2.298401	1.1579
31278	-181.3037	-244.132	62.8283	2.352913	2.291723
31284	-177.058	-240.9283	63.87025	3.015672	1.048304
31290	-181.3778	-245.3204	63.94252	3.282353	0.4125856
31296	-177.7598	-240.5055	62.7457	3.239424	1.756884
31302	-180.3265	-243.179	62.85254	3.476761	1.508624
31308	-184.6562	-246.811	62.15487	5.023028	0.3414438
31314	-181.1518	-243.9841	62.83226	4.228824	0.2561636
31320	-178.5162	-240.8999	62.38379	4.240465	1.278322
31326	-179.4753	-240.9039	61.42865	2.592676	3.007581
31332	-177.9123	-240.9692	63.05687	3.929597	0.9474625
31338	-177.9011	-241.3873	63.48614	3.753427	0.5371999
31344	-182.5771	-246.0317	63.45456	3.753427	0.3803372
31350	-181.1367	-245.1169	63.98027	3.257011	0.5513026
31356	-184.0143	-248.5284	64.51414	2.723001	0.552025
31362	-179.7483	-243.2473	63.49901	3.742061	0.4765457
31368	-176.8299	-240.1801	63.35023	3.889292	0.464246
31374	-178.7092	-242.0875	63.37828	3.554134	0.2021852
31380	-177.7948	-240.7237	62.92888	2.446103	2.166816
31386	-177.9426	-241.1028	63.16023	2.214756	2.166816
31392	-176.4958	-239.8865	63.39074	1.984245	2.166816
31398	-177.8353	-240.5841	62.74875	2.090541	2.507719
31404	-185.4715	-246.3329	60.86142	2.620453	3.327914
31410	-176.5407	-239.0448	62.50418	1.893933	2.779812
31416	-176.9916	-240.5108	63.51922	1.823025	2.188064
31422	-169.4186	-233.6862	64.26758	2.473088	1.180174
31428	-172.3544	-236.4087	64.05433	2.962443	0.9147202
31434	-177.1342	-238.8055	61.6713	4.339437	1.738947
31440	-169.4533	-233.5615	64.10822	2.10428	1.5948
31446	-175.5801	-239.7637	64.18362	2.02888	1.5948
31452	-178.7808	-242.4792	63.69839	2.09365	1.889927
31458	-181.1112	-243.8937	62.78256	2.307685	2.349698
31464	-175.907	-237.9994	62.09242	2.316787	2.773049
31470	-169.8294	-232.1412	62.31183	2.09737	2.773049
31476	-169.3196	-233.5721	64.25254	2.612695	1.067911
31482	-169.7703	-233.2349	63.46457	2.406525	1.835898
31488	-167.5633	-232.0491	64.48585	2.703658	0.6803513
31494	-170.0892	-234.1253	64.03605	3.10439	0.7606948
31500	-170.8759	-234.0493	63.1734	3.446655	1.281771
31506	-170.4285	-232.6126	62.1841	1.724264	3.075179
31512	-176.5451	-238.1498	61.60469	2.665961	2.857289
31518	-170.6842	-234.9875	64.30324	2.584602	1.046467
31524	-169.1829	-233.4861	64.30324	2.584602	1.046467
31530	-175.5463	-239.6466	64.10035	2.167059	1.554575
31536	-175.6764	-239.269	63.59267	3.631684	0.6005232
31542	-181.2818	-245.0669	63.78506	3.439292	0.6005232
31548	-186.9495	-250.8815	63.93199	3.211146	0.7567515
31554	-187.311	-250.1225	62.81155	2.469249	2.227778
31560	-189.5583	-253.6896	64.13131	2.652657	1.142146
31566	-184.6985	-249.0544	64.35589	2.768362	0.7836649
31572	-188.9382	-253.1105	64.17227	2.951981	0.7836649
31578	-191.6273	-255.9369	64.30964	2.044515	1.489985
31584	-196.8336	-257.8327	60.99912	4.365644	2.173454
31590	-187.9173	-252.0043	64.08702	2.322596	1.447941
31596	-183.7611	-247.7406	63.97951	2.749797	1.190001
31602	-188.0589	-251.8057	63.74676	3.357367	0.8106563
31608	-186.6824	-250.6904	64.00807	2.989921	0.9351723
31614	-189.1493	-253.3492	64.19992	3.034399	0.5654411
31620	-183.9619	-248.1713	64.20938	3.031593	0.4755463
31626	-186.4043	-250.3925	63.98816	3.253518	0.4838516
31632	-186.5962	-249.4604	62.86425	4.149147	0.9184391
31638	-192.9082	-253.7586	60.85041	4.853307	1.949639
31644	-189.784	-253.3796	63.59554	2.472284	1.698699
31650	-193.4117	-254.0363	60.62465	4.187446	2.524686
31656	-186.6472	-250.8487	64.20144	2.894358	0.8214112
31662	-189.4314	-252.5953	63.16388	4.067649	0.4304557
31668	-190.1838	-253.6195	63.4357	3.646747	0.8382077
31674	-187.433	-249.6446	62.21159	2.943151	2.308636
31680	-190.3841	-252.1978	61.81375	3.182127	2.409435
31686	-194.9616	-257.0234	62.06174	3.981854	1.715827
31692	-191.529	-254.4623	62.93326	2.469575	2.148688
31698	-189.6003	-251.2012	61.60091	1.254381	3.693293
31704	-186.3971	-247.8684	61.47131	2.253183	3.184591
31710	-190.9565	-254.9644	64.00798	1.925836	1.792602
31716	-186.3334	-248.7031	62.36972	2.161233	2.698559
31722	-188.3192	-247.2068	58.88758	2.005911	4.805848
31728	-186.0278	-242.8321	56.80428	1.651431	6.147874
31734	-180.7133	-243.9612	63.24792	1.53773	2.541166
31740	-186.4664	-251.3431	64.87671	2.095585	0.9623297
31746	-199.0621	-264.4028	65.34065	1.732289	0.8498729
31752	-183.981	-248.2758	64.29481	1.81593	1.668174
31758	-178.3793	-243.2689	64.88966	2.25911	0.7483531
31764	-177.6092	-242.2037	64.59452	2.25911	1.078779
31770	-173.2621	-237.8116	64.54956	2.368984	1.016675
31776	-182.9581	-246.7753	63.8172	3.029846	1.084895
31782	-188.4818	-248.8368	60.35498	3.158488	3.309314
31788	-188.3703	-250.4298	62.05947	1.885241	3.053459
31794	-185.9457	-249.6863	63.74064	2.282154	1.730482
31800	-180.6945	-245.0918	64.39724	2.188987	1.309316
31806	-181.9473	-244.9473	63.00005	2.170188	2.298736
31812	-182.6927	-245.9802	63.2875	3.940808	0.4211961
31818	-184.6733	-246.2492	61.57585	3.940808	2.074118
31824	-186.3418	-247.8417	61.49986	4.848078	1.494656
31830	-183.1553	-247.4138	64.25857	2.347837	1.292929
31836	-191.1855	-253.3775	62.19205	4.476442	1.241656
31842	-193.6714	-255.1064	61.43504	5.063408	1.379206
31848	-187.9801	-248.7541	60.77404	5.659732	1.429428
31854	-194.5958	-255.7628	61.167	4.084629	2.246565
31860	-184.3693	-248.2826	63.91322	3.177233	0.8282064
31866	-186.1246	-250.077	63.95238	2.595993	1.339723
31872	-186.0553	-245.9642	59.90885	2.643111	3.868075
31878	-189.5375	-253.7066	64.16907	2.28939	1.410379
31884	-184.0499	-247.544	63.49413	2.383109	1.831673
31890	-199.9556	-260.6153	60.65975	5.662196	1.514123
31896	-192.8527	-255.8753	63.02252	3.24931	1.55131
31902	-198.2805	-261.9863	63.70578	3.411806	0.7927795
31908	-191.5362	-255.2762	63.74004	3.377542	0.7927795
31914	-194.615	-258.6518	64.03684	2.820311	1.075488
31920	-192.5184	-256.3608	63.84244	3.014715	1.075488
31926	-194.5231	-257.2038	62.68076	4.233844	1.020544
31932	-185.3773	-249.9269	64.54965	2.675207	0.4125577
31938	-190.2172	-252.3309	62.11375	3.844999	1.775281
31944	-191.3677	-255.5269	64.15924	2.945033	0.810466
31950	-195.4143	-260.294	64.87971	2.300079	0.6980563
31956	-190.4351	-250.7394	60.30429	3.013388	3.424286
31962	-190.9753	-251.2829	60.30758	3.010094	3.424286
31968	-187.3638	-251.6711	64.30732	2.405204	1.204412
31974	-184.5152	-247.0201	62.5049	3.350936	1.846368
31980	-186.8238	-245.4116	58.58779	8.375746	0.9714006
31986	-181.2961	-242.0665	60.77039	4.701075	2.103825
31992	-180.1702	-244.1637	63.99342	2.222983	1.591959
31998	-179.0477	-239.1209	60.07322	3.997648	2.977846
32004	-172.8126	-237.2479	64.43537	2.728215	0.7253003
32010	-174.2296	-238.3899	64.16022	2.714061	1.059373
32016	-176.5877	-237.8363	61.24862	4.785945	1.722196
32022	-176.097	-239.772	63.67502	2.65441	1.508528
32028	-175.6571	-239.3569	63.69978	2.101868	1.883389
32034	-178.0718	-239.6269	61.5551	2.122426	3.212425
32040	-179.1329	-243.138	64.00515	2.337438	1.498671
32046	-181.1762	-245.3367	64.16053	1.95357	1.665769
32052	-180.2488	-242.8288	62.58001	2.228919	2.526661
32058	-177.6289	-241.2214	63.59259	2.12201	1.942318
32064	-179.366	-243.9684	64.60236	1.93884	1.34544
32070	-177.2125	-241.0612	63.8487	1.93884	1.892983
32076	-174.5534	-238.2736	63.72015	2.14349	1.841019
32082	-181.0514	-243.9242	62.87286	2.99078	1.841019
32088	-178.4411	-241.851	63.40994	3.014437	1.436642
32094	-179.3265	-241.6428	62.31629	2.760219	2.358417
32100	-177.1142	-234.9222	57.80801	2.433303	5.168292
32106	-168.4091	-232.5217	64.11268	2.35616	1.402322
32112	-181.4263	-244.1365	62.71016	4.15859	1.064599
32118	-175.7435	-240.1185	64.37496	2.862598	0.5497595
32124	-176.2644	-236.4637	60.19935	4.859556	2.369584
32130	-166.1324	-229.7348	63.60239	3.532798	0.3028886
32136	-164.7203	-228.1285	63.40823	3.325086	1.186537
32142	-170.6958	-232.781	62.08522	4.943611	0.901313
32148	-168.961	-232.1349	63.17389	3.610886	1.141432
32154	-173.219	-235.4441	62.22508	4.636079	1.071739
32160	-170.4576	-235.1351	64.67745	2.25499	1.002916
32166	-174.0647	-236.0023	61.93762	3.294694	2.258977
32172	-175.2309	-238.5884	63.3575	3.883631	0.4771744
32178	-176.7328	-239.7656	63.03277	3.930687	0.213211
32184	-176.0123	-239.6806	63.66829	3.482618	0.7451157
32190	-170.2106	-232.8687	62.65816	1.869851	2.700368
32196	-170.5553	-232.4287	61.87342	1.579705	3.34482
32202	-167.6857	-231.7417	64.05599	2.023577	1.690363
32208	-175.5939	-239.6929	64.09902	2.435174	1.351005
32214	-172.8565	-236.1504	63.29391	2.129118	2.135521
32220	-176.8101	-238.8401	62.03004	3.45565	2.094488
32226	-172.2008	-236.4761	64.27533	2.93637	0.6338887
32232	-177.6898	-241.222	63.53214	1.890621	2.135692
32238	-179.4402	-242.8488	63.40862	3.28355	1.221726
32244	-175.6332	-239.094	63.46081	3.705177	0.3293156
32250	-172.6586	-236.8045	64.14591	3.094303	0.4690816
32256	-180.9136	-242.9778	62.06411	2.75855	2.518101
32262	-174.9755	-239.2025	64.227	2.312528	1.346765
32268	-180.1065	-244.5129	64.40644	2.133088	1.346765
32274	-184.3766	-246.1416	61.76499	4.774538	1.346765
32280	-179.6511	-243.1258	63.4747	2.8595	1.504957
32286	-176.2908	-239.8232	63.5324	2.249936	1.896517
32292	-179.1507	-243.4769	64.32618	2.529513	1.076851
32298	-188.3029	-248.9691	60.66623	6.122936	1.137516
32304	-177.638	-239.5552	61.91716	1.893881	3.133182
32310	-177.274	-241.4631	64.18909	2.444791	1.270405
32316	-178.6038	-243.3361	64.73237	1.901511	1.270405
32322	-177.7247	-239.2133	61.48859	1.627534	3.541955
32328	-177.9527	-241.6121	63.6594	2.125217	1.894972
32334	-178.3019	-242.3641	64.06211	2.840918	1.031826
32340	-170.4391	-234.5292	64.0901	3.065185	0.7384022
32346	-170.5604	-234.5036	63.9432	3.042835	0.9479125
32352	-168.574	-232.9729	64.39893	2.65829	0.868674
32358	-167.1723	-230.9801	63.80777	2.118905	1.797552
32364	-169.5594	-234.3185	64.75914	2.312938	0.8509138
32370	-172.84	-236.6789	63.83883	3.23325	0.8509138
32376	-171.2682	-234.3314	63.0632	3.850532	1.021396
32382	-162.1676	-226.7629	64.59534	2.624597	0.6130871
32388	-166.8244	-230.1913	63.36686	1.316986	2.604342
32394	-165.4246	-229.1713	63.74667	1.833233	2.032311
32400	-170.8796	-235.6294	64.74976	2.486027	0.558811
32406	-182.5115	-242.4321	59.92062	3.045541	3.629087
32412	-182.2767	-245.601	63.32431	3.365853	1.223422
32418	-179.1058	-241.6558	62.55006	4.670402	0.4028354
32424	-175.9443	-239.3187	63.37438	3.852267	0.5934839
32430	-173.4879	-237.6028	64.11488	3.09062	0.6479696
32436	-171.0107	-234.177	63.16629	2.590542	1.913808
32442	-169.1753	-233.0619	63.88659	3.205415	0.826241
32448	-168.5976	-232.5489	63.9513	3.290852	0.5053802
32454	-176.7841	-241.2492	64.46519	2.465844	1.004314
32460	-187.5525	-249.8137	62.2612	3.526283	1.893021
32466	-184.0926	-247.526	63.43339	3.037798	1.400501
32472	-183.0904	-246.0513	62.96095	4.266195	0.4181734
32478	-179.7609	-241.0138	61.2529	3.103188	2.805409
32484	-176.8773	-239.4225	62.54515	2.600811	2.314237
32490	-183.5989	-245.28	61.68107	2.063871	3.172462
32496	-176.8041	-240.2967	63.49267	2.710055	1.601916
32502	-171.7378	-235.9738	64.23595	2.515141	1.171105
32508	-176.1673	-236.7797	60.61236	5.47746	1.683079
32514	-169.5246	-233.3873	63.8627	3.006015	1.064639
32520	-173.4804	-236.828	63.34758	3.006015	1.490406
32526	-175.2316	-238.6581	63.42642	3.070816	1.380156
32532	-177.7818	-241.4533	63.67147	3.550524	0.6073782
32538	-178.2641	-241.9525	63.68843	3.550524	0.5414071
32544	-185.591	-250.3174	64.7263	2.512653	0.5414071
32550	-184.2764	-247.7203	63.44392	2.497726	1.787174
32556	-183.4854	-247.175	63.68955	3.551871	0.4804797
32562	-184.0016	-247.5666	63.56509	3.663695	0.5864494
32568	-184.1366	-248.0364	63.89973	2.606308	1.373248
32574	-184.5413	-247.8523	63.31108	3.324001	1.269411
32580	-185.1259	-248.5034	63.37747	2.596846	1.764436
32586	-186.7906	-248.291	61.50046	3.364791	2.491494
32592	-180.6424	-244.4416	63.79916	2.946648	1.175713
32598	-182.6163	-246.2219	63.60557	2.17972	1.894513
32604	-183.119	-246.3558	63.23679	1.913476	2.311493
32610	-179.939	-244.374	64.43496	2.669287	0.8105095
32616	-174.5526	-237.8196	63.26702	3.852819	0.7897221
32622	-179.9542	-242.0107	62.05648	3.244533	2.21474
32628	-184.8765	-248.0514	63.17489	3.898153	0.8497477
32634	-185.3611	-247.6657	62.30459	2.252122	2.682739
32640	-189.018	-251.9905	62.97251	1.857807	2.513322
32646	-193.3508	-257.4976	64.14683	2.803482	0.9849329
32652	-192.1516	-254.984	62.83241	3.778989	1.288854
32658	-190.2094	-252.791	62.58158	2.668182	2.247766
32664	-193.3873	-254.2696	60.88222	5.138696	1.731803
32670	-190.895	-252.5943	61.6993	4.387363	1.685323
32676	-190.9089	-251.9972	61.08832	5.773777	1.070863
32682	-187.8234	-249.4968	61.67338	4.049938	1.936448
32688	-184.3161	-246.386	62.06991	3.679566	1.918787
32694	-184.4059	-247.9	63.49412	3.494482	0.9451912
32700	-187.7988	-248.5201	60.72126	3.46816	2.906429
32706	-187.039	-249.1968	62.1578	4.968346	0.2961378
32712	-185.6478	-248.5743	62.92653	4.298181	0.4122126
32718	-182.4834	-242.7438	60.26043	6.947843	0.6418057
32724	-188.9726	-250.3085	61.33585	5.607109	0.9923685
32730	-184.7873	-244.6823	59.89495	5.123092	2.395439
32736	-189.4078	-247.7165	58.30867	8.605365	1.0211
32742	-186.2898	-250.4097	64.11995	2.794084	1.0211
32748	-185.8232	-249.5469	63.72367	3.516668	0.4700802
32754	-183.726	-247.3163	63.59034	2.680717	1.551887
32760	-184.6622	-248.9334	64.27115	2.680717	0.9833457
32766	-184.8149	-246.8023	61.98741	3.824819	1.876184
32772	-189.0731	-252.5659	63.49285	2.58568	1.691107
32778	-190.3053	-254.1231	63.81776	3.341261	0.7325669
32784	-191.6163	-255.9525	64.33618	2.580998	1.018015
32790	-191.7374	-253.187	61.44953	2.679715	2.942721
32796	-188.2627	-249.5777	61.31495	2.393771	3.193946
32802	-184.6009	-246.9246	62.32372	3.18217	2.081209
32808	-186.5618	-249.9512	63.38936	3.834244	0.602742
32814	-193.183	-256.6584	63.47544	3.705709	0.6956448
32820	-192.0536	-253.1293	61.0757	6.073927	0.7470542
32826	-192.8836	-255.687	62.80335	3.284161	1.684724
32832	-182.7426	-246.4497	63.70706	3.015256	1.196023
32838	-179.202	-243.2088	64.0068	2.715508	1.196023
32844	-190.2917	-252.8434	62.55165	4.503601	0.8709871
32850	-186.6512	-246.6041	59.9529	3.354371	3.43038
32856	-184.8145	-246.7453	61.93074	3.181699	2.335587
32862	-183.5147	-247.5199	64.00524	3.047852	0.8735149
32868	-181.0913	-243.5954	62.50416	4.738014	0.5041886
32874	-186.3313	-248.5058	62.17453	4.770067	0.206394
32880	-187.2023	-249.3329	62.13058	4.932406	0.2571668
32886	-183.4725	-245.7813	62.3088	4.932406	0.4779328
32892	-180.1873	-243.887	63.69966	2.804928	1.374387
32898	-179.76	-241.2583	61.4983	3.239969	2.570616
32904	-171.7813	-235.335	63.55373	1.776708	2.195712
32910	-166.7108	-230.9311	64.22026	2.693128	1.021736
32916	-174.9362	-238.2527	63.31652	2.628974	1.7845
32922	-174.0601	-238.2591	64.19896	3.032491	0.4302094
32928	-180.8654	-244.3477	63.48238	3.717295	0.6603417
32934	-175.444	-238.8119	63.36784	3.83183	0.6603417
32940	-182.5173	-245.7664	63.24904	3.986884	0.4460168
32946	-182.084	-245.3886	63.30464	3.912539	0.6203508
32952	-180.5281	-243.8395	63.31147	3.770587	0.8386943
32958	-185.8164	-249.86	64.04358	3.038474	0.8386943
32964	-186.6282	-249.0209	62.39269	4.394185	1.139565
32970	-192.2398	-252.3266	60.08682	5.730258	1.872873
32976	-186.55	-247.5894	61.03932	4.220138	2.241528
32982	-185.8836	-247.9934	62.1098	1.832292	3.055025
32988	-190.9328	-252.3335	61.40074	3.348856	2.563585
32994	-191.2408	-253.0719	61.83113	3.348856	2.29251
33000	-186.2593	-248.0765	61.81725	4.589121	1.450419
33006	-180.9409	-243.8363	62.89539	3.439313	1.504588
33012	-186.8678	-247.8769	61.00912	2.877577	3.088106
33018	-186.6139	-249.6408	63.02694	3.940213	0.9676717
33024	-189.5384	-250.1993	60.6609	6.079107	1.180752
33030	-187.4059	-250.6663	63.26043	3.896975	0.7350968
33036	-189.2109	-250.5358	61.32487	5.502925	1.102631
33042	-184.9668	-247.6065	62.63974	4.574702	0.6272497
33048	-179.7389	-243.7403	64.00138	3.055286	0.869329
33054	-186.3504	-250.8849	64.53451	2.522157	0.869329
33060	-185.8715	-250.1038	64.23237	2.648886	1.052751
33066	-186.9254	-250.4975	63.57212	2.935034	1.37237
33072	-180.8788	-242.5395	61.66069	2.937697	2.657101
33078	-175.1306	-239.0905	63.95998	2.985919	0.9893982
33084	-179.1823	-243.2211	64.03882	2.760134	1.128757
33090	-189.2676	-247.0937	57.82604	4.210293	4.162578
33096	-194.3276	-250.2748	55.94724	4.128816	5.259686
33102	-196.4801	-251.2657	54.78563	5.29042	5.259686
33108	-195.1115	-252.6302	57.51876	2.354589	5.371561
33114	-193.9973	-252.6046	58.60731	8.000441	1.291832
33120	-185.7803	-246.1207	60.34043	6.694943	0.8939275
33126	-184.6767	-246.0453	61.36857	4.793884	1.631071
33132	-184.6197	-246.316	61.69621	4.766666	1.406952
33138	-180.5302	-242.1972	61.66696	3.452384	2.331199
33144	-180.8931	-245.3701	64.47699	2.600803	0.8439559
33150	-180.8066	-245.0372	64.23056	2.403093	1.270597
33156	-177.4692	-241.051	63.58182	3.051831	1.270597
33162	-179.2529	-243.7522	64.49925	2.565897	0.8592626
33168	-179.5184	-243.1566	63.63817	3.603566	0.5155948
33174	-186.8553	-250.5399	63.68457	3.556151	0.4732442
33180	-178.9842	-240.6749	61.69078	3.408437	2.343999
33186	-171.8264	-236.0226	64.19626	2.939393	0.7676157
33192	-175.2287	-239.3245	64.09576	2.939393	0.8941709
33198	-181.5837	-244.5178	62.93405	2.198855	2.322562
33204	-185.8371	-248.0192	62.18205	3.275873	2.112698
33210	-181.3588	-245.109	63.75022	3.275873	0.9043817
33216	-179.4271	-242.7511	63.32398	2.523025	1.852422
33222	-186.9171	-250.7055	63.78836	2.045759	1.861237
33228	-188.3776	-252.7245	64.34686	2.433344	1.145493
33234	-185.5659	-249.4922	63.92622	3.242209	0.7174137
33240	-180.2238	-244.0684	63.84456	3.362168	0.6452652
33246	-183.6266	-244.6073	60.98068	5.222182	1.601814
33252	-184.5736	-245.9046	61.33097	5.04208	1.475729
33258	-178.3293	-241.1937	62.86443	4.027507	1.042541
33264	-175.5004	-239.6717	64.17121	2.891763	0.8618541
33270	-177.9895	-242.378	64.38847	2.291081	1.232373
33276	-179.5844	-243.298	63.71357	3.428385	0.7584879
33282	-174.5743	-238.5617	63.98738	2.825486	1.116213
33288	-180.8477	-245.3463	64.49861	1.866848	1.481466
33294	-175.7142	-240.5038	64.7896	2.105998	1.039019
33300	-173.5365	-237.2944	63.75794	2.770321	1.355709
33306	-172.061	-234.5507	62.48971	1.623049	2.952648
33312	-175.4936	-238.9613	63.4677	3.449941	1.017559
33318	-176.3901	-239.6334	63.24332	3.868064	0.8011044
33324	-183.3518	-246.492	63.1402	4.098208	0.5448605
33330	-173.8783	-237.7026	63.82433	3.260634	0.8350846
33336	-171.9994	-235.0528	63.05338	3.745802	1.128558
33342	-167.4526	-230.5162	63.06359	2.787682	1.849497
33348	-175.058	-237.3379	62.27995	4.051657	1.506901
33354	-169.2345	-232.9658	63.73132	2.048117	1.898486
33360	-171.8105	-234.7555	62.94503	2.310497	2.244056
33366	-173.2026	-237.2836	64.08099	2.462332	1.343749
33372	-176.4537	-239.8171	63.36344	1.771714	2.321125
33378	-178.6767	-241.4079	62.73117	1.951052	2.605353
33384	-183.235	-243.1928	59.95776	2.137838	4.128881
33390	-187.7042	-248.7686	61.06435	2.491575	3.284293
33396	-176.26	-240.1274	63.8674	2.566448	1.429371
33402	-175.2437	-238.4946	63.25084	2.823318	1.694207
33408	-171.4288	-235.4116	63.9828	3.259355	0.4951151
33414	-169.9374	-233.6007	63.66332	3.577706	0.5247475
33420	-173.9892	-238.3872	64.39802	2.675116	0.849639
33426	-178.3201	-243.0495	64.7294	2.435862	0.7225936
33432	-182.7075	-247.1886	64.4811	2.684161	0.7225936
33438	-190.0263	-253.2851	63.25883	3.237625	1.38077
33444	-188.8885	-251.0724	62.18393	2.663636	2.502547
33450	-178.9892	-243.216	64.22681	2.477743	1.211209
33456	-176.9494	-241.7624	64.81301	1.780916	1.303081
33462	-171.0415	-232.1329	61.09142	2.48515	3.272108
33468	-172.1302	-234.422	62.29181	1.977224	2.858269
33474	-170.1678	-233.7525	63.58463	2.727108	1.521733
33480	-170.812	-234.5088	63.69678	2.138407	1.860509
33486	-176.0437	-239.5177	63.47405	2.34112	1.874175
33492	-177.2228	-242.4223	65.19951	1.955433	0.7389318
33498	-176.0828	-239.1877	63.10486	2.025937	2.3239
33504	-176.4893	-239.3955	62.90622	2.145445	2.374166
33510	-183.4802	-244.5966	61.1164	4.989404	1.671694
33516	-177.2433	-239.9487	62.70535	2.17228	2.483749
33522	-177.9565	-241.1646	63.20807	2.096617	2.212363
33528	-178.1974	-242.107	63.90956	2.174549	1.687138
33534	-184.7894	-246.2929	61.50352	2.001869	3.314073
33540	-183.5828	-245.7873	62.20451	4.185816	1.462636
33546	-182.1182	-245.9693	63.85105	1.394925	2.250199
33552	-184.7162	-247.9282	63.21195	2.03402	2.250199
33558	-183.6939	-247.2345	63.54056	2.229263	1.90501
33564	-184.1125	-246.7964	62.68386	4.264945	0.9864542
33570	-185.5488	-248.4942	62.94538	4.10933	0.8716212
33576	-177.9391	-241.0895	63.1504	3.904309	0.8716212
33582	-175.7722	-238.4121	62.63996	3.735628	1.473808
33588	-175.8536	-239.9099	64.05634	2.85644	1.022334
33594	-176.7796	-239.1504	62.37079	3.260645	1.998046
33600	-177.2174	-241.1693	63.95191	3.144914	0.8201073
33606	-171.9769	-236.1102	64.13329	2.947415	0.8403701
33612	-173.6976	-237.9839	64.28633	2.794376	0.8403701
33618	-182.5821	-246.1069	63.52482	2.693519	1.590551
33624	-179.7865	-243.3546	63.56812	2.155313	1.936366
33630	-180.9848	-244.0331	63.04828	1.747448	2.534887
33636	-182.85	-246.0824	63.23247	1.312789	2.689779
33642	-178.2136	-242.3058	64.09216	2.396112	1.38718
33648	-172.963	-237.2044	64.24143	2.109223	1.492613
33654	-172.8237	-236.1317	63.30803	2.670335	1.761606
33660	-171.9255	-235.834	63.90858	2.069793	1.761606
33666	-171.9075	-236.1227	64.21514	1.987485	1.601986
33672	-173.2217	-237.485	64.26331	2.685027	0.986936
33678	-172.9891	-235.3743	62.38524	1.479418	3.10125
33684	-179.317	-239.6193	60.30228	2.74388	3.582649
33690	-178.8595	-240.8367	61.97715	1.679967	3.22451
33696	-173.714	-238.4269	64.71291	2.439064	0.7434863
33702	-176.8174	-241.8716	65.05429	2.149537	0.6516112
33708	-180.7524	-242.1364	61.38408	3.265942	2.625257
33714	-178.5519	-243.1994	64.64747	2.1897	1.094026
33720	-172.7744	-237.1593	64.38491	2.544494	1.005931
33726	-177.4677	-241.2981	63.83039	3.099021	1.005931
33732	-177.1526	-241.4944	64.34181	2.44689	1.137938
33738	-178.3099	-241.1666	62.85665	1.56525	2.765299
33744	-187.939	-250.1656	62.22666	2.195246	2.765299
33750	-189.4664	-254.1357	64.66933	2.323224	0.9409872
33756	-189.5046	-249.6447	60.1401	1.312227	4.492745
33762	-177.1712	-240.6174	63.44622	3.319252	1.158511
33768	-176.3379	-240.897	64.55917	2.206301	1.158511
33774	-180.9352	-242.76	61.82484	3.597198	2.136162
33780	-175.4249	-239.2854	63.8605	2.420103	1.544834
33786	-177.4548	-240.0871	62.63229	4.517277	0.3144862
33792	-173.0291	-236.4854	63.45631	3.785057	0.4797642
33798	-174.7877	-238.4823	63.69456	3.544861	0.5382526
33804	-167.1267	-231.3641	64.23741	2.614241	1.080621
33810	-175.7166	-239.2863	63.5697	3.662734	0.4333209
33816	-178.0269	-241.7428	63.71586	3.286171	0.9308102
33822	-173.7325	-237.1064	63.37391	3.531906	1.029127
33828	-178.5595	-241.8344	63.27495	3.966	0.4753804
33834	-181.3572	-245.5314	64.17421	2.562333	1.183749
33840	-172.9497	-237.2545	64.30478	2.831025	0.7674091
33846	-176.5443	-240.9787	64.43443	2.687482	0.7868863
33852	-179.6242	-243.7502	64.126	3.049437	0.3388243
33858	-178.6717	-242.7166	64.04492	3.197278	0.4980912
33864	-177.6309	-242.0646	64.43368	2.68905	0.7857652
33870	-173.8473	-238.3351	64.48781	2.68905	0.7031712
33876	-174.7367	-239.4245	64.68783	2.489029	0.7031712
33882	-169.5655	-234.2401	64.67457	2.489029	0.7252815
33888	-172.6621	-237.3266	64.66442	2.414153	0.8429896
33894	-177.5437	-242.0896	64.54582	2.507382	0.8733918
33900	-182.8534	-244.3463	61.49295	1.75642	3.464241
33906	-181.5531	-244.6475	63.0944	2.804328	1.816868
33912	-179.8926	-243.415	63.52238	2.376348	1.816868
33918	-179.5929	-243.9343	64.34142	2.445356	1.139651
33924	-175.9954	-240.5994	64.60404	2.497722	0.8137435
33930	-178.9909	-243.595	64.60404	2.497722	0.8137435
33936	-177.6792	-242.0583	64.37916	2.789294	0.7173739
33942	-175.5828	-240.046	64.46327	2.763117	0.4162572
33948	-168.4432	-232.7308	64.28762	2.949522	0.4513334
33954	-168.3431	-232.582	64.23892	2.994481	0.4365339
33960	-172.5907	-236.8269	64.23621	2.994481	0.5797593
33966	-175.783	-240.0912	64.30823	2.346428	1.253201
33972	-172.0929	-235.7466	63.65374	3.201443	1.077326
33978	-170.7249	-234.8272	64.10227	3.135856	0.546575
33984	-177.0993	-241.6424	64.54306	2.699044	0.5074184
33990	-176.3939	-240.5074	64.11347	2.952691	0.8580481
33996	-180.0234	-244.5805	64.55716	2.253118	1.118557
34002	-170.0685	-233.7974	63.72886	3.446759	0.3390245
34008	-173.6463	-237.1777	63.53142	3.669048	0.6586909
34014	-178.5603	-240.8015	62.24123	3.669048	1.808899
34020	-174.7059	-238.8325	64.12663	2.234098	1.48503
34026	-178.9709	-243.111	64.14016	2.450025	1.306113
34032	-176.9661	-238.4991	61.53297	4.451506	1.757338
34038	-179.7993	-240.8044	61.00509	4.979389	1.757338
34044	-178.6196	-240.906	62.28641	2.580473	2.490472
34050	-181.1193	-245.907	64.78765	2.426427	0.6281603
34056	-178.2714	-241.1715	62.90004	1.904345	2.529497
34062	-186.0074	-249.1916	63.1842	3.402703	1.308773
34068	-190.1491	-252.2341	62.08502	3.058375	2.315874
34074	-184.7431	-248.6682	63.9251	3.295765	0.6105357
34080	-188.9014	-251.9453	63.0439	4.153734	0.664497
34086	-183.0657	-246.5262	63.46054	3.608519	0.8545751
34092	-182.7759	-244.5295	61.75358	2.882254	2.634015
34098	-180.643	-244.0168	63.37375	3.203637	1.316457
34104	-172.1143	-235.6595	63.54519	3.696948	0.5059181
34110	-183.2453	-246.4508	63.20549	4.015145	0.4031996
34116	-192.9285	-257.6887	64.76024	2.472765	0.5709242
34122	-197.4939	-255.4057	57.91181	2.821149	4.895339
34128	-192.6325	-254.7865	62.15398	4.057118	1.595822
34134	-186.2867	-249.8669	63.58028	2.900069	1.393362
34140	-182.5006	-245.4291	62.92849	1.97446	2.467883
34146	-185.9631	-248.6757	62.71257	3.056691	1.905392
34152	-183.5159	-244.6451	61.12924	4.441632	2.038297
34158	-183.4038	-246.0963	62.69251	3.836622	1.355022
34164	-186.967	-248.9324	61.96548	4.338165	1.527753
34170	-183.1662	-243.3802	60.21394	5.246567	2.111006
34176	-178.3279	-239.4518	61.12386	4.381569	2.081513
34182	-175.8827	-239.9564	64.07377	3.160361	0.4391226
34188	-178.0718	-241.2198	63.14808	3.773194	0.1984608
34194	-176.0585	-239.9672	63.90876	3.320075	0.4226381
34200	-171.8955	-235.3793	63.48376	3.68556	0.332583
34206	-173.0874	-236.3471	63.25975	3.982139	0.5126515
34212	-168.3465	-232.4231	64.07655	2.378643	1.412908
34218	-167.6433	-231.3733	63.73006	3.129992	1.072778
34224	-168.6998	-233.1055	64.40562	2.457148	1.070234
34230	-174.6749	-236.6308	61.95599	3.407153	2.174508
34236	-177.8835	-240.7262	62.84271	3.788757	1.272398
34242	-180.1391	-243.1984	63.05928	2.026126	2.35277
34248	-184.9878	-248.4515	63.46377	3.065824	1.354653
34254	-179.8993	-242.881	62.98175	3.863939	1.086156
34260	-181.9645	-244.5235	62.55901	3.983346	1.344514
34266	-185.2899	-248.8218	63.53189	3.527528	0.8660778
34272	-183.3658	-246.336	62.97016	4.149212	0.2913111
34278	-181.298	-243.9346	62.63652	4.474375	0.8017487
34284	-184.6829	-247.0211	62.33817	4.474375	1.116506
34290	-187.6714	-252.0232	64.35182	2.869791	0.608472
34296	-190.051	-252.5829	62.53191	3.865913	1.456935
34302	-180.9841	-245.2897	64.30561	2.912027	0.397197
34308	-179.2303	-242.2397	63.00931	3.883607	1.041592
34314	-185.3619	-247.535	62.17317	4.71975	1.041592
34320	-194.8732	-259.2044	64.33125	2.80183	0.3012818
34326	-195.9503	-260.1354	64.18504	2.765966	0.9842248
34332	-195.0292	-258.2813	63.25216	2.590559	1.855359
34338	-191.8114	-251.0073	59.19593	3.466506	3.804561
34344	-186.5669	-249.8425	63.2757	3.508392	1.142043
34350	-189.7844	-253.9813	64.19686	2.390778	1.308178
34356	-189.8607	-253.5865	63.72578	2.709213	1.428494
34362	-196.7534	-258.8957	62.14228	3.080397	2.265165
34368	-194.1262	-256.4681	62.34185	3.320377	1.977472
34374	-183.1875	-247.6416	64.45409	1.541654	1.749462
34380	-179.5883	-242.4003	62.81203	2.673744	2.094429
34386	-186.6327	-250.692	64.05931	2.673744	1.186766
34392	-178.0774	-241.8815	63.80405	2.844331	1.258416
34398	-177.7203	-241.0248	63.30452	3.801122	0.8086865
34404	-175.5935	-239.0826	63.4891	3.691389	0.6968108
34410	-176.5727	-240.307	63.73425	3.446245	0.6968108
34416	-173.9634	-237.498	63.53461	3.669425	0.6511679
34422	-176.9824	-239.9873	63.00492	3.648421	1.254293
34428	-178.9217	-241.9182	62.99651	1.929463	2.453436
34434	-178.7312	-238.6386	59.90741	2.117668	4.168976
34440	-179.0634	-238.2581	59.19474	1.85219	4.720129
34446	-184.8116	-248.0748	63.26324	2.64153	1.8127
34452	-193.5218	-256.344	62.82223	3.374527	1.606248
34458	-184.7414	-248.7763	64.03488	2.963211	0.9350566
34464	-180.4176	-245.5956	65.17806	1.845978	0.906671
34470	-184.7329	-248.9309	64.19796	2.948541	0.75176
34476	-176.934	-240.5195	63.58544	3.517174	0.8126288
34482	-172.4169	-235.4802	63.06334	4.176232	0.4645985
34488	-172.8636	-235.0402	62.17667	3.26974	2.12024
34494	-170.8204	-235.2346	64.4142	2.587693	0.930963
34500	-177.9359	-240.4567	62.52079	4.101507	1.279932
34506	-171.9151	-234.9784	63.06333	3.2736	1.502918
34512	-175.4329	-239.6838	64.2509	2.743493	0.9390256
34518	-173.194	-237.4868	64.29279	2.504271	1.130461
34524	-181.2954	-244.9616	63.66621	3.325115	0.9423023
34530	-181.8247	-245.7235	63.89879	3.325115	0.6018689
34536	-187.7247	-251.4674	63.74275	3.47589	0.6165515
34542	-187.733	-251.9378	64.20482	2.372486	1.31652
34548	-178.4842	-239.7999	61.3157	1.462573	3.737789
34554	-184.2277	-248.7556	64.52792	1.55085	1.69093
34560	-174.3591	-238.3023	63.94313	1.945517	1.823819
34566	-174.4826	-238.192	63.70946	1.939965	1.986033
34572	-185.6244	-248.2919	62.66749	2.98194	1.986033
34578	-188.4594	-248.3085	59.8491	2.020891	4.256958
34584	-184.0789	-248.0218	63.94286	3.299305	0.5047222
34590	-188.026	-249.0966	61.07062	1.228501	4.012872
34596	-181.8313	-243.2871	61.45575	1.253637	3.77752
34602	-189.6591	-250.3473	60.68819	2.021193	3.77752
34608	-185.2668	-248.2875	63.02067	3.512644	1.351701
34614	-186.1753	-249.9781	63.80278	2.890805	1.220529
34620	-180.1664	-243.3677	63.20126	3.9956	0.3641491
34626	-183.8429	-247.605	63.76213	3.417396	0.6985097
34632	-179.2761	-242.6038	63.32779	3.58051	1.026701
34638	-183.0736	-246.5741	63.50051	3.727735	0.58827
34644	-182.3972	-245.4301	63.03299	3.746119	1.146464
34650	-185.4575	-248.9681	63.51053	2.953989	1.405676
34656	-181.1645	-244.2316	63.06712	3.62355	1.222994
34662	-179.2287	-243.0031	63.77448	1.68813	2.10963
34668	-181.887	-245.8375	63.95057	3.083593	0.8952909
34674	-185.7118	-247.2972	61.58536	3.703793	2.222394
34680	-182.1533	-243.8921	61.73888	3.225901	2.429036
34686	-178.8601	-241.2558	62.39576	2.569018	2.429036
34692	-173.3721	-237.1337	63.76164	3.221	0.9515044
34698	-173.4367	-232.5403	59.10355	3.889939	3.613234
34704	-170.1496	-231.0458	60.89622	2.852299	3.170334
34710	-172.8907	-235.545	62.65426	2.512327	2.301069
34716	-168.9614	-232.1378	63.17641	4.020735	0.665492
34722	-167.7296	-232.6638	64.93422	1.953164	1.046904
34728	-168.98	-233.7853	64.80524	2.082149	1.046904
34734	-174.8076	-237.1395	62.33189	4.176706	1.371236
34740	-169.343	-233.209	63.86604	3.053094	1.016095
34746	-169.8829	-233.233	63.35009	3.053094	1.452845
34752	-172.3057	-236.5628	64.2572	2.673085	1.005062
34758	-170.7327	-235.5864	64.85367	2.037885	1.042905
34764	-171.9086	-236.9855	65.07692	1.94227	0.9120586
34770	-166.6519	-231.2089	64.55694	2.462245	0.9120586
34776	-175.039	-239.4157	64.3767	2.641425	0.9132293
34782	-173.7546	-238.7057	64.95113	2.190451	0.7590243
34788	-170.1605	-234.4707	64.31015	2.907858	0.6182079
34794	-170.2266	-234.2532	64.02658	3.214988	0.5180324
34800	-170.3305	-231.2313	60.90077	5.519286	1.439956
34806	-170.1001	-234.2476	64.14749	2.745077	1.041936
34812	-168.723	-233.0716	64.34861	2.707006	0.8705555
34818	-170.5742	-234.7701	64.19587	2.574154	1.1545
34824	-171.3554	-235.1474	63.792	2.601463	1.460249
34830	-170.9616	-235.533	64.57145	2.669833	0.5218055
34836	-171.3612	-229.888	58.52682	1.749321	5.149011
34842	-169.6034	-233.3717	63.76838	3.454558	0.6046948
34848	-161.9893	-226.1286	64.13924	1.939931	1.690646
34854	-164.1184	-227.2978	63.17941	2.899763	1.690646
34860	-164.4073	-226.9986	62.5913	3.104263	1.955123
34866	-167.5383	-231.4931	63.95477	3.285769	0.5294897
34872	-160.9021	-224.6657	63.76358	2.234763	1.747638
34878	-169.8541	-232.8198	62.96569	3.442043	1.449378
34884	-165.3046	-229.0248	63.72013	2.50293	1.587103
34890	-174.5697	-238.8993	64.32957	2.860418	0.6794485
34896	-177.7885	-242.1021	64.31359	2.858948	0.7105559
34902	-184.7277	-248.8849	64.15723	1.88485	1.716897
34908	-185.8217	-249.3037	63.48196	2.306387	1.892435
34914	-179.5602	-243.2023	63.64203	2.807664	1.417156
34920	-174.026	-238.0584	64.03234	3.176981	0.3824858
34926	-182.0915	-245.8499	63.75835	3.252931	0.9207568
34932	-176.2675	-239.2888	63.02132	2.000716	2.392914
34938	-171.8474	-235.8327	63.9853	2.880778	1.067116
34944	-169.9923	-234.17	64.17771	2.966966	0.7544714
34950	-173.3676	-236.512	63.14438	2.572193	1.94099
34956	-175.0827	-236.8974	61.81477	2.962318	2.546493
34962	-173.4718	-237.7556	64.28374	2.751457	0.8941222
34968	-167.9792	-232.0495	64.07027	2.96493	0.8941222
34974	-171.2354	-235.4559	64.22046	2.813557	0.8954633
34980	-170.639	-234.8368	64.19774	2.631044	1.10172
34986	-174.4367	-238.4154	63.97879	3.246477	0.5977797
34992	-166.9456	-231.2898	64.34418	2.631285	0.9590254
34998	-166.0142	-230.1231	64.10884	2.866624	0.9590254
35004	-164.9655	-229.2284	64.26287	2.866624	0.7763694
35010	-169.7582	-234.2169	64.45863	2.782078	0.5279136
35016	-171.0147	-235.0779	64.06323	2.21701	1.545103
35022	-171.5474	-235.3583	63.81092	3.224138	0.8942825
35028	-170.9029	-233.5309	62.62796	2.699112	2.19789
35034	-171.706	-235.7638	64.05787	2.238939	1.53283
35040	-170.657	-233.7772	63.12018	3.218641	1.501498
35046	-172.7993	-235.1369	62.33757	2.433668	2.550132
35052	-172.5245	-236.8427	64.31824	2.791482	0.803311
35058	-173.9001	-238.2814	64.38127	2.728454	0.803311
35064	-171.659	-235.381	63.72194	3.242267	0.9707096
35070	-171.9371	-236.0508	64.11367	2.006784	1.661227
35076	-179.1222	-243.1624	64.04023	2.307373	1.494911
35082	-173.2308	-236.822	63.59118	2.146995	1.92642
35088	-170.8061	-235.333	64.52687	2.41169	0.9967856
35094	-170.7925	-235.2575	64.46496	2.473607	0.9967856
35100	-170.022	-234.1	64.07795	2.616392	1.219881
35106	-173.7412	-237.924	64.18279	2.166754	1.493446
35112	-175.7377	-240.2374	64.49971	2.006563	1.373061
35118	-172.3837	-236.8216	64.43794	2.79071	0.4221202
35124	-171.6726	-235.5649	63.89229	2.79071	1.229468
35130	-165.4723	-229.7526	64.28028	2.290145	1.322062
35136	-171.006	-235.1261	64.12007	2.768674	1.045601
35142	-168.6537	-232.9056	64.2519	2.770065	0.9089783
35148	-170.8275	-235.6043	64.77685	1.899961	1.234673
35154	-170.9557	-234.9842	64.02852	2.146084	1.6223
35160	-175.5279	-238.6893	63.16139	1.860007	2.393321
35166	-171.7068	-235.5831	63.87632	2.098658	1.763972
35172	-170.461	-235.0595	64.59844	1.820764	1.440609
35178	-177.5865	-241.6937	64.10727	2.311935	1.440609
35184	-180.4414	-244.8058	64.36439	2.712461	0.84511
35190	-180.1329	-245.0002	64.86732	2.276736	0.7553937
35196	-179.6167	-244.5044	64.88778	2.25627	0.7553937
35202	-182.5852	-247.5502	64.96503	2.224344	0.6806068
35208	-178.166	-243.19	65.02405	2.107532	0.773425
35214	-186.1833	-250.9781	64.79478	1.820449	1.28572
35220	-184.7433	-248.9283	64.18498	2.182362	1.480042
35226	-184.4538	-248.4852	64.0314	3.011483	0.2469511
35232	-176.6677	-240.6906	64.02292	3.011483	0.8950223
35238	-182.0453	-245.5283	63.48307	3.439891	1.012323
35244	-186.6663	-249.6734	63.00714	4.192774	0.659857
35250	-182.5119	-246.7661	64.25413	2.590854	1.086813
35256	-183.4705	-244.414	60.94348	2.106279	3.580555
35262	-185.8195	-250.6873	64.86779	2.006968	1.058923
35268	-187.5673	-250.3631	62.79582	4.382007	0.3413661
35274	-182.7392	-246.1339	63.3947	3.078163	1.39919
35280	-186.0017	-249.9248	63.92307	3.30957	0.572407
35286	-181.6077	-245.7424	64.13464	2.747385	1.052023
35292	-188.5259	-251.1337	62.60775	2.585765	2.283852
35298	-177.5931	-241.3152	63.72208	2.433609	1.635945
35304	-178.0996	-241.5338	63.43417	2.721516	1.635945
35310	-177.8211	-242.1116	64.29047	2.650685	0.9941789
35316	-178.3892	-241.6791	63.28996	1.412111	2.593064
35322	-178.3915	-243.5461	65.15461	1.929374	0.8363009
35328	-182.7122	-245.4489	62.73662	1.74057	2.731507
35334	-174.1579	-239.1277	64.96989	2.066174	0.8931349
35340	-176.2636	-239.7324	63.46881	2.467951	1.790565
35346	-179.4081	-243.0731	63.66499	2.271768	1.790565
35352	-190.7588	-253.6652	62.90642	2.798753	1.948665
35358	-183.3703	-247.379	64.00874	3.233454	0.4971915
35364	-180.896	-244.8949	63.99893	3.055128	0.8723872
35370	-184.7264	-247.8908	63.16444	2.608329	1.903009
35376	-184.8178	-247.374	62.55619	3.514984	1.69632
35382	-186.3418	-247.2796	60.93783	1.572944	3.891717
35388	-183.783	-247.7482	63.96516	1.494109	2.111816
35394	-192.5774	-256.0702	63.49282	2.77958	1.550892
35400	-191.7438	-255.8651	64.12129	2.356517	1.395343
35406	-199.594	-262.9302	63.3362	3.064747	1.454553
35412	-206.1497	-269.8811	63.73136	1.637069	2.171074
35418	-203.4746	-265.6035	62.12885	3.056265	2.289228
35424	-195.1996	-259.0141	63.81459	2.742612	1.332669
35430	-190.1535	-254.7706	64.61708	2.382636	0.9333105
35436	-197.1511	-260.8912	63.74013	2.955187	1.219061
35442	-199.2066	-261.6128	62.40626	2.529549	2.447258
35448	-199.3311	-260.2298	60.89863	5.369439	1.554084
35454	-195.1295	-257.5898	62.46027	2.44851	2.464224
35460	-186.1979	-249.9611	63.76317	3.422727	0.6870694
35466	-179.0997	-243.1199	64.02028	3.035895	0.8699054
35472	-178.1949	-241.3542	63.15931	2.515686	1.96892
35478	-184.1067	-247.1917	63.08499	2.922103	1.741506
35484	-175.3967	-239.5271	64.13042	1.876674	1.741506
35490	-182.2322	-246.3	64.06782	3.039249	0.8068068
35496	-185.8768	-250.1707	64.29385	2.649767	0.991707
35502	-188.3588	-252.4482	64.08945	2.332351	1.438619
35508	-180.9873	-244.0285	63.04125	3.371925	1.445224
35514	-175.6987	-238.755	63.05627	1.909436	2.428451
35520	-180.3401	-244.3109	63.97087	1.429385	2.15037
35526	-185.203	-248.027	62.82393	2.011839	2.509916
35532	-171.1958	-235.0588	63.86306	2.870347	1.186463
35538	-177.8474	-242.46	64.61264	2.03158	1.261858
35544	-176.0879	-240.3208	64.23293	2.11646	1.493566
35550	-182.3394	-244.1902	61.85081	1.695041	3.290233
35556	-182.7531	-246.2082	63.4551	2.058817	2.07592
35562	-183.044	-246.537	63.49297	1.78944	2.226744
35568	-179.8438	-244.0507	64.20683	2.943421	0.7461068
35574	-174.4637	-238.7433	64.27967	2.943421	0.604239
35580	-183.6982	-245.5998	61.90164	4.170621	1.695552
35586	-188.4464	-249.8291	61.38271	3.671827	2.372351
35592	-184.4803	-246.5057	62.02537	2.229478	2.866863
35598	-179.8398	-241.8226	61.98276	3.051378	2.385263
35604	-178.3185	-240.6285	62.31006	1.629159	3.056743
35610	-180.5982	-242.8884	62.29013	1.649084	3.056743
35616	-182.965	-243.5987	60.63371	1.9454	3.852483
35622	-186.0324	-247.3305	61.29807	1.833633	3.532881
35628	-182.5755	-245.6513	63.07584	1.634755	2.58778
35634	-183.8003	-246.1198	62.3195	1.518407	3.117189
35640	-180.5928	-240.7452	60.15237	3.76179	3.071714
35646	-178.5521	-241.9888	63.43672	3.607524	0.8837802
35652	-172.3345	-236.3251	63.9906	3.225651	0.6227307
35658	-174.8058	-239.4908	64.68503	1.857789	1.344151
35664	-182.7262	-246.9726	64.24638	2.978138	0.6000348
35670	-183.5441	-244.759	61.21486	1.715349	3.649924
35676	-167.5439	-231.1012	63.55728	2.766028	1.513104
35682	-172.8518	-237.428	64.57625	1.4339	1.739362
35688	-176.6431	-240.4161	63.77298	1.714574	2.09326
35694	-172.9142	-236.8495	63.93525	2.150899	1.685694
35700	-179.5424	-242.7944	63.25207	3.971122	0.4087318
35706	-174.1571	-238.7959	64.63877	2.603007	0.5148927
35712	-180.0659	-241.2652	61.19936	4.260385	2.111505
35718	-182.4279	-244.9497	62.52186	3.568818	1.682469
35724	-188.3431	-252.2701	63.92698	2.494137	1.439144
35730	-178.5643	-242.3109	63.7466	2.491914	1.5758
35736	-175.3124	-239.1334	63.82093	2.322007	1.645114
35742	-177.8789	-240.9594	63.08045	4.161578	0.4904424
35748	-174.6973	-237.5018	62.80452	4.161578	0.2141938
35754	-173.1288	-236.0659	62.93715	4.124816	0.2566231
35760	-169.3634	-233.6554	64.29198	2.889798	0.6945155
35766	-170.788	-231.2285	60.44054	2.914803	3.402218
35772	-170.902	-230.776	59.87402	3.892853	3.159439
35778	-166.3937	-231.0454	64.65171	1.987271	1.266194
35784	-162.7849	-226.9527	64.16775	3.034379	0.3714725
35790	-161.9604	-226.0672	64.10682	3.095311	0.3714725
35796	-163.2269	-227.1006	63.87369	3.328442	0.3714725
35802	-169.4834	-232.9751	63.4917	3.74447	0.4470641
35808	-168.7546	-232.2783	63.52371	3.717423	0.4771818
35814	-169.5413	-233.053	63.51171	3.717423	0.5852574
35820	-184.9241	-247.8388	62.91463	3.659289	1.319246
35826	-180.6241	-244.0672	63.44306	3.120582	1.327507
35832	-183.9983	-247.306	63.30766	3.76707	0.8476992
35838	-188.5305	-252.1199	63.58939	2.626763	1.592137
35844	-188.2	-252.1205	63.92054	3.304251	0.5992219
35850	-184.216	-247.5715	63.3555	3.778288	0.7702946
35856	-184.1206	-245.9176	61.79701	5.134903	1.003437
35862	-185.0666	-248.8218	63.75519	3.484302	0.5377596
35868	-181.8045	-246.0318	64.22725	2.975499	0.6539078
35874	-189.3523	-252.5994	63.24709	3.160122	1.449776
35880	-177.2973	-240.8881	63.59075	3.182919	1.15128
35886	-177.5838	-241.3729	63.78915	3.451932	0.5241094
35892	-172.1175	-236.5718	64.45432	2.672249	0.7804579
35898	-177.5283	-241.6621	64.13377	3.033081	0.7200005
35904	-172.2151	-236.1735	63.9584	3.282128	0.4715977
35910	-172.79	-237.0801	64.2901	2.947654	0.5487113
35916	-176.3249	-239.9597	63.63476	3.45373	0.2714567
35922	-172.3296	-236.2728	63.94317	3.299017	0.5031354
35928	-171.981	-236.9397	64.95868	2.131896	0.8280452
35934	-174.9949	-236.4922	61.49729	1.383074	3.678787
35940	-175.2736	-235.88	60.60638	2.005002	3.83393
35946	-175.8344	-236.81	60.97564	2.049687	3.594753
35952	-178.4621	-240.9593	62.49714	2.5706	2.36398
35958	-169.4234	-233.5575	64.13406	2.413514	1.340358
35964	-175.641	-239.9296	64.2886	2.258975	1.340358
35970	-172.609	-234.58	61.97103	4.576542	1.340358
35976	-179.2412	-242.6808	63.43964	3.565217	0.9277519
35982	-177.503	-241.4054	63.90241	3.313915	0.3947063
35988	-179.45	-240.7083	61.25832	5.905964	0.7241746
35994	-180.1819	-244.1978	64.01596	3.083814	0.8163043
36000	-180.5556	-244.7576	64.20202	2.69158	1.040943
36006	-177.8005	-241.0105	63.20997	2.32388	2.062779
36012	-182.2103	-246.5306	64.32028	2.450451	1.153878
36018	-185.1186	-248.4884	63.36983	2.094265	2.108657
36024	-183.0815	-246.3758	63.29428	3.687618	0.9522846
36030	-182.4793	-246.869	64.38971	1.909317	1.531187
36036	-188.3286	-251.8565	63.52783	3.178692	1.209536
36042	-196.5037	-260.6465	64.14277	2.52153	1.245161
36048	-191.0549	-254.8446	63.78975	2.495078	1.541713
36054	-190.4746	-252.7366	62.262	3.426527	1.959845
36060	-196.2205	-254.7175	58.497	8.723503	0.402923
36066	-192.1751	-251.9475	59.77241	6.519122	1.536743
36072	-189.7812	-249.9002	60.11896	6.288429	1.449638
36078	-178.5117	-242.7904	64.27871	2.8276	0.8078015
36084	-173.2504	-237.5547	64.30427	2.627336	1.003745
36090	-175.6143	-240.138	64.52368	2.475345	0.9340552
36096	-173.8833	-238.3712	64.48792	2.511103	0.9340552
36102	-172.5114	-236.9315	64.42011	2.737691	0.7344781
36108	-172.3317	-236.7987	64.46693	2.72682	0.6722155
36114	-173.6987	-237.8665	64.16787	2.525586	1.220635
36120	-170.8914	-234.0276	63.13619	1.674255	2.52572
36126	-174.7044	-239.4211	64.71668	2.477527	0.6713157
36132	-182.4802	-246.0024	63.52223	3.495528	0.9136434
36138	-177.4539	-241.8254	64.3715	2.709545	0.8399524
36144	-173.0413	-235.2482	62.20692	2.828497	2.384457
36150	-174.8999	-238.9975	64.09759	2.285627	1.468028
36156	-181.602	-245.7029	64.10087	2.42172	1.360196
36162	-185.6497	-250.056	64.40633	2.694757	0.814619
36168	-185.9825	-249.5641	63.5816	3.287619	1.064165
36174	-185.3597	-246.4656	61.10594	3.703057	2.526619
36180	-178.8246	-241.3335	62.50895	3.310666	1.871142
36186	-179.4553	-244.181	64.72568	2.056364	1.143858
36192	-183.0128	-247.1399	64.12708	2.858259	0.9486524
36198	-182.818	-244.7392	61.92125	4.533926	1.412918
36204	-187.1802	-249.6395	62.45933	3.995846	1.412918
36210	-181.3159	-243.5442	62.22837	4.154275	1.468464
36216	-180.4485	-243.799	63.3505	3.730174	0.2669017
36222	-178.0902	-241.906	63.8158	3.24283	0.8670068
36228	-179.5759	-243.6121	64.03616	3.066617	0.8124214
36234	-176.6049	-239.442	62.83709	3.121918	1.775101
36240	-177.5534	-241.5659	64.01243	3.220072	0.5729387
36246	-173.4768	-237.473	63.99625	3.232172	0.5876706
36252	-178.1919	-240.2369	62.045	3.400391	2.120905
36258	-177.2284	-239.9092	62.68077	2.463339	2.315421
36264	-174.5687	-238.6242	64.05549	3.092721	0.7491924
36270	-176.6333	-240.1901	63.55673	2.112417	1.972844
36276	-172.9003	-236.5771	63.67686	3.517755	0.3611752
36282	-174.3879	-237.9318	63.54394	3.65067	0.3611752
36288	-176.8749	-240.8641	63.98919	3.249641	0.542227
36294	-181.3075	-245.339	64.0315	3.19637	0.5895159
36300	-171.8917	-236.404	64.51233	2.690078	0.6546414
36306	-174.3897	-238.3504	63.96068	2.909329	1.063418
36312	-167.6185	-231.7134	64.09488	3.120597	0.6246771
36318	-166.7789	-230.835	64.05609	3.181738	0.5482546
36324	-171.8566	-236.1202	64.26364	2.949184	0.6312034
36330	-174.9244	-238.9225	63.99813	2.233715	1.580686
36336	-174.4941	-238.305	63.81087	3.023635	1.096478
36342	-175.2398	-239.1958	63.95601	3.023635	0.9546461
36348	-173.5666	-237.6465	64.07997	3.023635	0.8113414
36354	-181.5238	-245.6176	64.09387	3.124756	0.6165958
36360	-184.567	-247.6922	63.12522	3.273908	1.455935
36366	-191.6351	-254.4141	62.77899	3.928761	1.208486
36372	-191.2335	-253.8096	62.5761	2.563594	2.318235
36378	-189.1294	-253.5193	64.38987	2.808165	0.6636871
36384	-193.2305	-257.5992	64.36866	2.87297	0.5171818
36390	-183.6697	-248.3987	64.72894	2.512155	0.5240102
36396	-183.9525	-247.6016	63.64907	2.370594	1.732677
36402	-180.6702	-241.6281	60.95789	4.660685	2.006612
36408	-175.9049	-239.0089	63.10393	2.715109	1.87154
36414	-166.0467	-230.5673	64.5206	2.715109	0.5591794
36420	-170.4518	-233.8017	63.34983	2.904662	1.564084
36426	-171.2833	-231.316	60.03274	2.45778	3.903333
36432	-175.4338	-239.1937	63.75986	2.557894	1.517253
36438	-174.4039	-237.4329	63.02897	2.855496	1.826699
36444	-173.5732	-237.9129	64.3397	2.379692	1.198525
36450	-174.1939	-237.5042	63.31023	3.353217	1.245876
36456	-180.165	-244.6929	64.52791	2.135536	1.245876
36462	-177.046	-241.5451	64.49906	2.615733	0.7965464
36468	-170.2643	-234.2386	63.97429	3.229631	0.6514032
36474	-176.5651	-240.7644	64.1993	3.004619	0.6514032
36480	-173.3325	-237.6142	64.28176	2.577669	1.073358
36486	-180.4139	-244.3062	63.89237	3.028211	1.014667
36492	-186.3638	-248.8154	62.45151	3.242532	1.956145
36498	-176.7648	-241.054	64.28919	2.63649	1.009631
36504	-177.4974	-241.9997	64.50236	2.455714	0.9770129
36510	-184.1173	-248.5859	64.46856	2.354217	1.107209
36516	-181.6373	-245.6739	64.03663	2.954643	0.9423504
36522	-177.3116	-241.6951	64.38345	2.523193	1.028321
36528	-178.471	-242.3529	63.88186	2.797247	1.232747
36534	-173.5186	-236.6257	63.10707	1.794901	2.468494
36540	-179.0231	-242.8958	63.8727	2.020521	1.820672
36546	-178.5632	-242.6786	64.11536	2.93239	0.8797297
36552	-186.8238	-250.5696	63.74576	3.301994	0.8797297
36558	-184.211	-247.354	63.14303	3.954555	0.819121
36564	-181.1355	-245.2862	64.15073	3.090633	0.5208964
36570	-176.4097	-240.3299	63.92027	3.249576	0.7150681
36576	-186.7907	-251.1326	64.34188	2.778116	0.7895072
36582	-174.0246	-238.8516	64.82699	2.198259	0.905315
36588	-178.454	-242.8134	64.35938	2.642147	0.9313559
36594	-177.412	-241.2777	63.8657	2.566129	1.430926
36600	-171.1153	-235.4266	64.31134	2.837403	0.7483962
36606	-171.077	-235.3741	64.29716	2.60914	1.028653
36612	-174.2746	-237.9463	63.67175	2.373996	1.714311
36618	-175.9468	-240.1051	64.15827	2.422587	1.313659
36624	-181.8126	-243.8306	62.018	4.881229	1.035511
36630	-179.7082	-240.0798	60.37168	1.653011	4.169192
36636	-179.4702	-243.3373	63.86713	1.330385	2.281289
36642	-177.3641	-239.6973	62.33316	1.81962	2.928541
36648	-185.3789	-247.8485	62.46963	3.262226	1.93069
36654	-176.5767	-239.1381	62.56138	3.308676	1.83661
36660	-179.3442	-243.3014	63.95726	2.667594	1.277831
36666	-179.5125	-243.4422	63.9297	2.281514	1.595736
36672	-182.3512	-245.7466	63.39537	2.948944	1.497376
36678	-181.7551	-245.2118	63.45673	2.186666	1.990065
36684	-188.8665	-251.9568	63.0903	3.178278	1.553711
36690	-184.1516	-246.9215	62.76986	4.373208	0.7568385
36696	-181.0872	-245.7134	64.62621	2.503089	0.7766381
36702	-180.0955	-244.6253	64.52975	2.503089	0.8967908
36708	-182.8429	-246.9003	64.05741	2.343128	1.454867
36714	-184.8287	-249.0714	64.24271	2.552538	1.132087
36720	-184.6229	-247.7495	63.12656	2.680682	1.879582
36726	-180.4608	-244.9683	64.50744	1.919138	1.434959
36732	-182.1474	-246.6066	64.45914	2.025657	1.389889
36738	-190.9345	-253.4684	62.53395	1.481795	3.010932
36744	-190.4343	-253.1429	62.70853	2.191232	2.469881
36750	-188.4971	-251.3168	62.81979	3.276505	1.678473
36756	-181.304	-245.0136	63.70964	2.386654	1.678473
36762	-181.2747	-245.1065	63.83181	2.87011	1.213451
36768	-178.514	-240.1215	61.6075	2.678124	2.848209
36774	-179.8099	-243.8799	64.06999	1.705162	1.901396
36780	-187.5169	-246.272	58.75509	2.108338	4.822623
36786	-183.1994	-246.8922	63.69284	2.245981	1.789132
36792	-183.4461	-246.2145	62.76844	2.166873	2.447566
36798	-189.1297	-252.183	63.0533	2.018302	2.361531
36804	-190.6421	-254.3639	63.72175	2.122282	1.854458
36810	-189.1594	-252.9881	63.8287	3.399287	0.5891409
36816	-191.0181	-251.8165	60.79838	5.126549	1.798763
36822	-183.4154	-247.683	64.26757	2.705782	0.9612353
36828	-183.561	-247.5183	63.95728	3.047816	0.9274916
36834	-184.9023	-248.6974	63.7951	3.047816	1.088723
36840	-185.5132	-248.3098	62.79655	4.356712	0.741519
36846	-184.2268	-247.5903	63.36358	3.608951	0.9620826
36852	-185.3522	-247.9513	62.59907	4.641794	0.5263723
36858	-190.0257	-252.7072	62.68148	2.960903	1.990742
36864	-192.5914	-255.5719	62.98059	3.487264	1.403088
36870	-186.0605	-249.0244	62.96392	1.628808	2.66059
36876	-182.2114	-243.6789	61.46748	3.139805	2.651622
36882	-179.6159	-243.7054	64.08955	2.825194	1.020402
36888	-179.6311	-240.5482	60.91713	2.285501	3.491534
36894	-173.5882	-237.6402	64.05199	2.309163	1.484712
36900	-177.1784	-241.0683	63.88982	2.433747	1.512909
36906	-175.7452	-239.7589	64.01372	2.305677	1.516026
36912	-179.9565	-244.0355	64.079	2.240395	1.516026
36918	-183.3941	-247.4252	64.03114	2.338087	1.478621
36924	-180.4085	-245.034	64.62549	2.230536	1.07654
36930	-176.9735	-240.9647	63.99112	3.206667	0.6642024
36936	-172.905	-236.7602	63.85527	3.0776	0.2023395
36942	-168.0712	-232.0988	64.02756	2.306808	1.504835
36948	-166.677	-231.3632	64.68615	2.44893	0.7684419
36954	-174.5116	-239.3396	64.82796	2.293863	0.7870049
36960	-179.2149	-241.727	62.5121	1.93291	2.751187
36966	-176.7264	-237.1815	60.45506	1.468876	4.226385
36972	-172.5242	-236.209	63.68481	2.430532	1.664883
36978	-172.4578	-236.7283	64.27052	2.164044	1.428817
36984	-173.8643	-238.1269	64.26263	2.186858	1.417313
36990	-179.196	-240.4177	61.22169	2.562129	3.149367
36996	-173.0632	-236.8731	63.80987	1.710392	2.071738
37002	-171.9294	-236.0637	64.13431	2.04974	1.615464
37008	-182.0251	-245.0928	63.06771	2.666761	1.92892
37014	-180.3108	-239.4485	59.1377	1.737892	4.815836
37020	-173.5719	-236.2067	62.63476	2.091312	2.578183
37026	-172.5001	-235.5285	63.02843	1.818289	2.50308
37032	-170.4592	-233.8637	63.40443	2.343297	1.919971
37038	-170.8649	-230.8056	59.94073	1.732138	4.368447
37044	-172.841	-236.2466	63.40556	3.727781	0.3014757
37050	-177.5138	-239.3888	61.87503	3.724374	2.019366
37056	-177.0192	-240.342	63.32281	2.957755	1.544861
37062	-181.4359	-240.6522	59.2163	3.044773	4.034594
37068	-177.9079	-241.5585	63.65059	3.365383	0.9156127
37074	-182.6257	-246.1151	63.48942	3.111852	1.297108
37080	-187.248	-249.8653	62.61731	2.835343	2.116152
37086	-191.6523	-252.3509	60.69863	3.115317	3.131456
37092	-190.4086	-251.618	61.2094	4.99813	1.59842
37098	-192.3863	-254.7395	62.35323	4.549906	1.031731
37104	-188.7182	-251.7828	63.06455	3.511002	1.317932
37110	-192.2756	-254.1097	61.83406	2.27728	2.953505
37116	-188.3558	-250.1191	61.76326	2.748286	2.710462
37122	-199.1079	-259.9633	60.85543	3.539467	2.781775
37128	-197.9344	-259.5267	61.59229	3.598038	2.285892
37134	-196.3609	-258.9371	62.57617	2.578983	2.308373
37140	-190.265	-253.404	63.13903	3.281769	1.439387
37146	-185.5978	-248.4979	62.90015	3.079089	1.760999
37152	-188.8377	-251.952	63.11431	1.902681	2.396105
37158	-185.2254	-249.2445	64.0191	2.496828	1.365456
37164	-188.0201	-251.9091	63.88904	2.865945	1.167705
37170	-193.5202	-257.2172	63.69693	3.540463	0.5506989
37176	-198.9694	-262.7098	63.74042	2.242977	1.758095
37182	-197.7124	-260.9114	63.19898	4.022255	0.6095232
37188	-190.2826	-254.053	63.77041	3.450823	0.6095232
37194	-193.8604	-256.9658	63.10541	4.076046	0.6951044
37200	-190.4755	-253.5123	63.03674	4.194555	0.5775509
37206	-192.8527	-255.8188	62.96614	4.082737	0.2499094
37212	-193.8157	-257.8136	63.99791	3.241761	0.5364811
37218	-188.0246	-247.6506	59.62609	2.742279	3.97329
37224	-188.3988	-252.1377	63.73893	3.481485	0.6117649
37230	-191.496	-255.0134	63.51749	3.707551	0.4129761
37236	-191.899	-255.0206	63.12163	3.724497	1.085745
37242	-188.4528	-248.826	60.37313	3.562979	3.0586
37248	-186.8887	-250.1388	63.25003	3.660606	1.024425
37254	-185.4135	-247.8457	62.43221	3.140626	2.036996
37260	-180.9922	-245.9845	64.99225	1.9792	0.9632112
37266	-180.5394	-245.1905	64.6511	2.320352	0.9632112
37272	-191.6695	-253.3919	61.72232	3.169624	2.474781
37278	-196.3058	-259.3738	63.06799	3.932358	0.932634
37284	-179.489	-243.8751	64.38609	2.734528	0.2921827
37290	-185.3406	-250.3861	65.04541	2.056386	0.8136959
37296	-183.7453	-248.7587	65.01337	2.056386	0.8537312
37302	-181.8149	-246.3057	64.49081	2.342949	1.09716
37308	-184.3236	-248.8655	64.54187	2.696061	0.5476978
37314	-182.0387	-245.467	63.42829	3.797237	0.5969801
37320	-191.7764	-254.7515	62.97514	4.227297	0.3719155
37326	-187.1956	-248.3387	61.14306	2.789971	3.060442
37332	-182.031	-246.3066	64.2756	2.681744	0.9777628
37338	-183.4718	-244.7395	61.2677	4.257641	2.068394
37344	-180.8556	-243.1738	62.31827	3.207073	2.068394
37350	-177.3797	-241.1944	63.81474	3.046027	1.072105
37356	-181.1087	-245.1754	64.06667	2.531051	1.299996
37362	-182.2091	-243.8686	61.65951	4.622629	1.543701
37368	-181.0234	-243.0641	62.04069	3.753967	1.88815
37374	-178.509	-242.1938	63.68489	3.208628	1.041022
37380	-184.7147	-248.253	63.53837	2.019159	2.047134
37386	-186.3242	-247.7238	61.39958	2.968745	2.797961
37392	-184.6098	-248.3248	63.715	3.35666	0.8514319
37398	-186.9346	-248.2792	61.34458	2.266241	3.251883
37404	-182.6656	-245.894	63.22841	3.665086	1.041042
37410	-174.3812	-237.6816	63.30034	1.766122	2.364794
37416	-172.9541	-236.266	63.31192	2.221625	2.062984
37422	-184.4952	-246.29	61.79486	2.081207	3.094446
37428	-178.0113	-241.7301	63.71886	1.590889	2.209091
37434	-186.2423	-249.0445	62.80225	2.507505	2.209091
37440	-187.6472	-250.307	62.6598	4.487195	0.7510208
37446	-184.6766	-247.763	63.08632	4.147076	0.5693488
37452	-189.3235	-252.1417	62.81817	4.223781	0.8864235
37458	-190.1376	-253.5952	63.45761	3.584341	0.8864235
37464	-185.9886	-250.7553	64.76669	2.119552	1.048
37470	-187.3444	-250.8926	63.54817	2.242996	1.890521
37476	-188.2689	-251.1077	62.83883	2.221927	2.368411
37482	-188.6305	-252.0637	63.43321	3.798709	0.4316505
37488	-187.0793	-247.6873	60.60798	6.062404	1.240068
37494	-190.1619	-251.7157	61.55378	5.098607	1.255086
37500	-193.1988	-255.6993	62.50056	1.726618	2.883609
37506	-179.177	-242.6393	63.46227	1.85957	2.201279
37512	-186.9957	-251.3092	64.31352	2.910648	0.6010684
37518	-194.8703	-257.9935	63.12318	4.100995	0.6010684
37524	-197.4012	-261.6482	64.24703	2.4518	1.216075
37530	-195.7554	-258.2871	62.53167	3.386875	1.803179
37536	-179.6814	-243.4533	63.77191	1.985503	1.913415
37542	-181.4709	-243.5395	62.06856	2.033327	2.959195
37548	-190.7079	-251.6129	60.90492	4.009466	2.460712
37554	-187.6982	-251.6071	63.90891	2.915798	1.105446
37560	-190.4116	-253.0709	62.65924	4.502678	0.325459
37566	-188.2613	-251.4255	63.16421	3.780781	0.9903135
37572	-190.7362	-253.9624	63.22619	3.437064	1.246034
37578	-184.6685	-248.5402	63.87168	2.318955	1.610689
37584	-179.722	-243.2644	63.54241	2.318955	1.842578
37590	-186.3458	-247.1194	60.77359	5.553869	1.510004
37596	-190.2505	-251.1864	60.93585	5.391608	1.510004
37602	-184.5786	-246.0674	61.48881	4.0704	2.046019
37608	-185.3092	-248.8345	63.52532	3.094343	1.282097
37614	-180.3936	-242.7895	62.39592	4.49195	0.1879476
37620	-185.6834	-247.7022	62.01874	4.972557	0.2240211
37626	-186.1207	-248.4775	62.35684	4.634459	0.2240211
37632	-195.1761	-257.3767	62.20058	4.601322	1.12611
37638	-194.5712	-255.4443	60.87315	4.026743	2.4698
37644	-188.159	-248.8142	60.65521	2.994041	3.229163
37650	-185.7334	-249.038	63.3046	2.092345	2.152523
37656	-183.3764	-247.235	63.85857	2.849283	1.208395
37662	-183.5598	-247.9594	64.39959	2.826894	0.4165058
37668	-181.25	-244.7149	63.46493	3.182181	1.259463
37674	-181.1056	-244.9952	63.88967	2.780837	1.239965
37680	-182.2553	-246.2256	63.97033	2.954168	1.0108
37686	-184.3671	-248.2274	63.8603	3.357835	0.6178876
37692	-191.1462	-254.9019	63.7557	3.463774	0.6143191
37698	-188.0123	-251.4908	63.47854	3.580444	0.8665866
37704	-190.8016	-255.3127	64.51108	2.503952	0.9166437
37710	-184.9534	-248.9796	64.02613	3.174187	0.6590121
37716	-180.2741	-244.6218	64.34765	2.878705	0.4161836
37722	-184.7255	-249.0593	64.33379	2.892567	0.4161836
37728	-184.5977	-248.3933	63.79555	2.491913	1.539762
37734	-190.3405	-254.0396	63.69916	2.534297	1.579506
37740	-192.3239	-254.817	62.49311	3.651377	1.644001
37746	-195.6029	-257.2012	61.59831	3.346785	2.441417
37752	-178.4926	-241.623	63.13039	3.388435	1.363173
37758	-180.0544	-244.0354	63.98103	3.066728	0.8797252
37764	-179.6903	-243.1765	63.48616	3.290827	1.148345
37770	-175.9621	-239.3706	63.40854	2.80614	1.593215
37776	-176.8678	-238.8746	62.00678	5.074565	0.2672818
37782	-180.0332	-242.9071	62.87396	4.252021	0.2960133
37788	-180.0492	-243.0396	62.99045	4.107436	0.2771667
37794	-176.4186	-240.8601	64.44146	2.737952	0.6987088
37800	-180.2026	-242.7461	62.54348	4.33145	1.058761
37806	-176.9469	-238.9094	61.96257	3.625119	2.027149
37812	-173.1407	-234.3118	61.17113	2.97364	2.93337
37818	-171.0373	-234.9596	63.92227	2.59277	1.366159
37824	-175.5197	-239.9233	64.40362	2.816658	0.4024652
37830	-180.0373	-243.9449	63.90762	3.278483	0.6866878
37836	-176.3907	-238.292	61.90137	5.022379	1.011541
37842	-172.8083	-236.4981	63.68979	3.396251	0.8337406
37848	-177.1343	-240.8192	63.6849	3.401146	0.8337406
37854	-169.918	-233.6097	63.69173	3.547754	0.5378049
37860	-171.384	-234.6385	63.25446	3.114971	1.478464
37866	-174.1447	-236.8201	62.67541	4.425195	0.8152322
37872	-177.9937	-242.2824	64.2887	2.80758	0.8207942
37878	-177.2779	-241.5933	64.31544	2.780848	0.8207942
37884	-181.5272	-243.2042	61.67701	2.94211	2.644326
37890	-179.0192	-242.5705	63.55137	2.371988	1.799848
37896	-184.2605	-247.0516	62.79117	3.132193	1.799848
37902	-179.2977	-243.3972	64.09948	3.002897	0.8129441
37908	-182.426	-246.2945	63.86844	2.468473	1.502931
37914	-184.3875	-245.4894	61.10192	4.64827	1.9183
37920	-177.4503	-241.4391	63.98874	3.077117	0.8584139
37926	-177.6406	-241.6293	63.98878	2.626784	1.285447
37932	-178.608	-240.562	61.95408	4.636377	1.305889
37938	-181.1819	-243.9531	62.77126	4.451642	0.6047926
37944	-179.2956	-243.4501	64.15454	2.33356	1.387312
37950	-179.4799	-243.398	63.91816	2.536869	1.41303
37956	-182.0352	-243.42	61.38487	2.926723	2.832451
37962	-184.1767	-246.2976	62.1209	3.118662	2.254324
37968	-186.5122	-247.5899	61.07767	5.162658	1.574474
37974	-182.3981	-245.3276	62.92946	2.804097	1.929537
37980	-187.2058	-249.4909	62.28511	2.99014	2.231355
37986	-183.9131	-246.8923	62.97921	2.296046	2.231355
37992	-179.3066	-243.1612	63.85469	2.929018	1.142382
37998	-178.18	-242.55	64.36997	2.515616	1.048622
38004	-171.9129	-236.3281	64.41513	2.470453	1.048622
38010	-176.2798	-239.4704	63.19059	2.464044	1.982556
38016	-175.9043	-237.126	61.22164	2.046325	3.453371
38022	-180.0066	-242.612	62.60539	2.155658	2.556465
38028	-183.828	-246.4036	62.57557	2.155658	2.574988
38034	-182.4497	-243.9419	61.49221	3.239016	2.574988
38040	-177.1051	-240.0153	62.91017	3.142655	1.70931
38046	-173.0405	-235.4548	62.41431	3.93832	1.491131
38052	-174.4878	-238.0655	63.57772	2.774911	1.491131
38058	-181.4508	-244.9057	63.45492	2.1744	1.999454
38064	-190.9375	-251.8335	60.89605	2.373101	3.452675
38070	-182.7661	-246.7362	63.97012	3.229263	0.6609456
38076	-180.1013	-243.9261	63.82475	3.324987	0.3146316
38082	-178.2932	-240.5789	62.28567	4.745483	0.2413518
38088	-177.631	-240.106	62.47496	4.745483	0.4028108
38094	-173.9981	-237.3079	63.30978	3.122651	1.43046
38100	-173.7156	-237.1401	63.42446	3.016683	1.423755
38106	-176.8748	-241.1975	64.32272	2.648117	0.9638447
38112	-182.6779	-246.0533	63.37534	3.174619	1.338456
38118	-182.0562	-246.065	64.00879	3.132703	0.7591652
38124	-183.7332	-248.2383	64.50511	2.393057	1.036534
38130	-189.3015	-250.6284	61.32685	2.738484	2.981169
38136	-181.6427	-244.5501	62.90738	2.959963	1.838472
38142	-177.2164	-240.3948	63.17842	3.905757	0.8360608
38148	-185.8959	-248.838	62.9421	2.181322	2.328603
38154	-187.2592	-250.5716	63.31233	2.009272	2.201428
38160	-188.2815	-250.9284	62.64685	3.372727	1.732742
38166	-188.9885	-252.5306	63.5421	2.595894	1.648662
38172	-188.5805	-249.3649	60.78449	5.956727	1.179703
38178	-185.6137	-245.5846	59.97094	6.770272	1.179703
38184	-183.0825	-246.4275	63.345	3.396212	1.179703
38190	-185.0663	-247.0828	62.01648	2.751604	2.55209
38196	-174.5979	-237.6584	63.06053	1.707553	2.55209
38202	-174.7293	-236.8137	62.08436	1.875834	3.044199
38208	-168.4798	-232.6217	64.14198	2.518262	1.248544
38214	-168.0887	-232.7392	64.65046	2.568678	0.6152322
38220	-170.7086	-235.1491	64.44051	2.761544	0.3713661
38226	-176.9565	-240.0813	63.12486	4.077194	0.3713661
38232	-176.9798	-240.266	63.28617	3.921479	0.3798018
38238	-170.9165	-234.8037	63.88721	2.893689	1.144875
38244	-168.5178	-232.621	64.10321	2.358924	1.407529
38250	-167.6093	-231.7125	64.10321	2.358924	1.407529
38256	-166.5741	-230.9522	64.37813	2.147942	1.357444
38262	-172.717	-236.242	63.52508	1.796396	2.20151
38268	-169.999	-234.2569	64.25789	1.921245	1.619022
38274	-175.3244	-235.894	60.56963	6.588612	0.7337849
38280	-164.637	-226.0534	61.41641	4.148487	2.042254
38286	-162.8126	-226.819	64.00637	3.005737	0.9198548
38292	-166.8365	-230.3759	63.53948	3.552479	0.2735346
38298	-165.8503	-229.4849	63.63465	3.556011	0.3561569
38304	-173.4563	-236.1813	62.725	3.195022	1.802161
38310	-168.4928	-232.4557	63.96288	3.195022	0.3217732
38316	-164.9847	-229.4436	64.45898	2.730452	0.6804867
38322	-169.2494	-231.4845	62.23509	3.792246	1.727288
38328	-165.5311	-229.2744	63.74335	2.468156	1.595529
38334	-170.6419	-234.0941	63.45225	3.635557	0.8315367
38340	-178.758	-242.7684	64.01032	2.538369	1.339469
38346	-178.4663	-242.6977	64.23137	2.804129	0.8937834
38352	-179.0908	-242.1961	63.1053	3.451217	1.333219
38358	-177.9216	-241.6269	63.70538	2.982744	1.225143
38364	-177.3779	-240.6853	63.3074	2.838562	1.642937
38370	-180.6562	-243.733	63.07681	2.125883	2.277976
38376	-180.1334	-243.3804	63.24701	2.617907	1.840143
38382	-177.8052	-242.4295	64.6243	2.617907	0.5008279
38388	-182.0724	-245.0989	63.02651	3.081253	1.670297
38394	-182.7708	-247.0071	64.23624	2.994541	0.4281611
38400	-189.6814	-254.2606	64.57923	2.273396	1.079716
38406	-195.2969	-257.7761	62.47919	2.983065	2.109859
38412	-190.3087	-250.8045	60.49579	6.744859	0.5284308
38418	-187.386	-249.6219	62.23584	4.312999	1.339346
38424	-199.0518	-260.5444	61.49255	5.157026	1.257424
38430	-193.8947	-256.4232	62.5285	4.580251	0.2841149
38436	-191.5837	-254.7364	63.15269	4.027675	0.3441371
38442	-181.3863	-245.5296	64.14321	2.478107	1.280741
38448	-182.3616	-246.2803	63.91878	2.198024	1.663842
38454	-187.7989	-248.8256	61.02668	4.316882	2.18721
38460	-179.9213	-243.6348	63.71343	3.439453	0.7421026
38466	-183.9393	-248.1688	64.22948	2.910332	0.7616164
38472	-179.5571	-243.1557	63.59865	3.604888	0.3735272
38478	-180.0696	-243.7061	63.63646	3.604888	0.4795062
38484	-184.9729	-248.3606	63.38768	3.844502	0.4325067
38490	-186.9629	-250.5087	63.54579	3.644788	0.6783286
38496	-184.2707	-248.3821	64.11137	3.116986	0.5878866
38502	-187.9708	-251.8774	63.90664	2.923773	1.100227
38508	-189.2187	-250.894	61.67533	3.237858	2.461459
38514	-183.8711	-246.4241	62.55295	4.28191	1.096148
38520	-183.8977	-246.6287	62.73098	3.528882	1.560133
38526	-182.8829	-245.005	62.12216	3.204107	2.19841
38532	-183.765	-247.5047	63.73969	3.106825	1.08539
38538	-179.1581	-243.2775	64.11941	3.106825	0.4158735
38544	-187.9304	-250.8816	62.95123	1.642697	2.659849
38550	-184.8113	-244.7993	59.98796	1.564707	4.436248
38556	-191.3548	-252.6419	61.28705	2.414712	3.198068
38562	-192.2998	-257.144	64.84417	2.398013	0.4963874
38568	-197.4524	-261.9802	64.52784	2.61692	0.7543482
38574	-190.3018	-253.6657	63.36394	3.835964	0.6598686
38580	-191.5757	-253.156	61.58038	4.12274	1.950044
38586	-185.4284	-249.2437	63.81529	3.29671	0.8002779
38592	-179.5154	-242.6437	63.12826	2.744762	1.834575
38598	-186.3315	-249.2215	62.89007	3.846261	1.183936
38604	-182.9777	-246.0131	63.03541	3.700916	1.183936
38610	-184.5272	-247.7737	63.24648	3.35732	1.295055
38616	-181.5548	-244.7908	63.23598	2.19781	2.128487
38622	-181.9082	-245.5245	63.61625	2.174784	1.890612
38628	-184.3205	-247.9098	63.58935	2.93406	1.359553
38634	-190.6598	-252.8555	62.19573	4.347398	1.343904
38640	-177.4893	-242.179	64.68972	2.477601	0.7192262
38646	-179.931	-244.1351	64.20414	2.687157	1.043152
38652	-177.4448	-239.5997	62.15487	2.748001	2.467933
38658	-176.8461	-239.2534	62.40728	2.49559	2.467933
38664	-180.3677	-244.2558	63.88812	3.347362	0.5602717
38670	-181.4549	-245.1268	63.67188	3.27159	0.9918521
38676	-183.1275	-247.1094	63.98188	3.053402	0.8940216
38682	-180.3401	-244.2387	63.89857	3.053402	0.9832455
38688	-178.1071	-241.9699	63.86282	2.907779	1.153988
38694	-183.9493	-248.6044	64.65504	2.161785	1.112627
38700	-176.6265	-240.1396	63.51312	2.111518	2.002577
38706	-183.5778	-247.2731	63.69533	3.109625	1.123366
38712	-178.7594	-243.2491	64.48967	2.315284	1.123366
38718	-187.5112	-249.3889	61.87769	3.486134	2.174065
38724	-180.8025	-244.1593	63.35679	2.007038	2.174065
38730	-173.0955	-237.6456	64.5501	2.502324	0.8743024
38736	-179.0687	-243.5993	64.53064	2.521778	0.8743024
38742	-184.2455	-248.9275	64.68206	2.128923	1.11792
38748	-182.6826	-247.5147	64.83204	1.978942	1.11792
38754	-181.4471	-244.698	63.25092	2.196869	2.119333
38760	-187.4798	-247.5572	60.07748	1.248871	4.563554
38766	-180.8682	-243.3386	62.47047	1.150868	3.245672
38772	-184.3939	-246.6	62.20606	1.715119	3.067523
38778	-187.3845	-248.6634	61.2789	1.139944	3.944404
38784	-186.4944	-247.7998	61.30542	1.356402	3.804912
38790	-176.7799	-236.0264	59.24655	2.343183	4.415356
38796	-175.8841	-235.0916	59.20759	2.382146	4.415356
38802	-182.9716	-246.041	63.06946	3.130912	1.603626
38808	-179.1199	-242.6449	63.52493	2.428354	1.779082
38814	-177.6903	-240.643	62.95272	2.109174	2.367686
38820	-170.7412	-234.8645	64.12334	1.807987	1.794333
38826	-180.3375	-242.6586	62.32102	2.949355	2.234495
38832	-173.147	-235.3847	62.23771	1.535883	3.155447
38838	-173.059	-237.1633	64.10433	2.881225	0.9484178
38844	-178.9396	-242.8117	63.87207	2.936424	1.120174
38850	-180.6663	-244.4975	63.83126	2.997077	1.102129
38856	-177.6	-241.3827	63.78263	3.371553	0.3184644
38862	-172.453	-236.5256	64.07259	3.163294	0.4458675
38868	-171.7353	-235.9705	64.2352	1.833954	1.69775
38874	-171.125	-234.731	63.60597	1.85956	2.107715
38880	-177.0778	-237.97	60.89217	3.835324	2.577299
38886	-175.4881	-237.2541	61.76603	3.356274	2.329311
38892	-170.3633	-234.8725	64.50922	2.724866	0.5664755
38898	-171.45	-234.728	63.27806	3.532411	1.118389
38904	-169.1833	-233.2176	64.03424	3.196422	0.4278274
38910	-174.4615	-239.028	64.56654	2.616378	0.6924823
38916	-171.8894	-234.9431	63.05368	4.188489	0.5042463
38922	-167.8534	-231.7386	63.88523	3.352828	0.5469551
38928	-166.5326	-230.4177	63.88507	3.352828	0.4549886
38934	-174.3153	-235.1787	60.86337	3.121755	3.029276
38940	-182.8552	-246.4522	63.59702	3.052523	1.257444
38946	-183.0325	-246.0787	63.04619	2.231564	2.229743
38952	-185.2588	-249.8997	64.64085	2.593523	0.5652186
38958	-179.2081	-242.0322	62.82412	4.410258	0.5652186
38964	-176.4328	-239.8973	63.46441	3.049856	1.366771
38970	-179.3542	-242.5454	63.19123	3.420676	1.288439
38976	-181.9523	-244.2186	62.26634	4.087456	1.490252
38982	-175.7193	-239.4921	63.77283	3.163077	0.9994446
38988	-185.7651	-249.5013	63.73618	2.533479	1.552916
38994	-187.1892	-251.7272	64.53802	2.146118	1.228509
39000	-190.3783	-255.2508	64.8725	2.36929	0.514523
39006	-188.1235	-251.4802	63.35666	3.844008	0.3693803
39012	-190.3526	-251.4896	61.13698	5.232921	1.478106
39018	-179.8154	-240.9155	61.10005	5.174115	1.549587
39024	-176.6404	-240.1911	63.55071	2.723465	1.549587
39030	-179.8192	-242.3349	62.51568	3.568553	1.687051
39036	-179.4576	-242.6208	63.16321	3.712331	1.058188
39042	-172.6822	-235.7259	63.04368	1.698608	2.56812
39048	-183.0864	-243.287	60.20059	2.239229	3.93239
39054	-184.2757	-248.0733	63.79766	3.332612	0.7752739
39060	-187.3462	-250.7716	63.42538	2.782647	1.598061
39066	-185.6708	-248.2877	62.61689	4.625102	0.5104684
39072	-191.4445	-255.9685	64.52402	2.263135	1.139317
39078	-193.0221	-257.185	64.16286	3.012795	0.7052499
39084	-184.0442	-246.196	62.15184	3.294418	2.120332
39090	-184.8681	-248.2044	63.33636	2.621198	1.776113
39096	-183.9826	-247.3248	63.3422	3.325929	1.241956
39102	-189.989	-254.6155	64.62653	1.956939	1.311549
39108	-186.9625	-248.7788	61.81639	2.741303	2.682141
39114	-187.5412	-249.8672	62.32605	4.057134	1.468054
39120	-185.9024	-247.8953	61.99285	3.549948	2.05687
39126	-178.4208	-242.0575	63.63668	2.286377	1.800056
39132	-186.5191	-247.6217	61.10264	3.153996	2.865779
39138	-178.4069	-240.9036	62.49666	3.828651	1.51161
39144	-179.9647	-243.3775	63.4128	3.631456	0.8837681
39150	-181.1249	-244.413	63.28801	3.826703	0.7966477
39156	-182.3041	-244.6431	62.33899	2.830119	2.299458
39162	-179.6944	-243.5367	63.84228	2.112047	1.77836
39168	-179.7395	-244.0748	64.33529	2.554692	1.044417
39174	-181.2724	-245.1161	63.84375	3.112098	0.9792862
39180	-177.6855	-241.6738	63.98824	2.979441	0.9671193
39186	-180.6215	-244.1198	63.49833	3.678903	0.702525
39192	-183.8795	-247.9875	64.10795	2.859224	0.9676474
39198	-184.4918	-248.3275	63.83572	2.300407	1.650004
39204	-182.1354	-244.2739	62.13853	2.260647	2.779166
39210	-188.512	-251.4414	62.92945	1.936593	2.490997
39216	-187.105	-251.5326	64.42755	2.791999	0.614117
39222	-191.3898	-251.09	59.70025	1.951623	4.380301
39228	-182.7009	-246.0603	63.3594	2.315754	1.968817
39234	-180.29	-243.5886	63.29861	2.376544	1.968817
39240	-182.749	-245.8018	63.0528	2.62235	1.968817
39246	-188.764	-250.9897	62.22565	4.020115	1.570485
39252	-188.0878	-249.1977	61.10991	3.983075	2.347958
39258	-191.4855	-255.3535	63.86799	2.745547	1.287108
39264	-188.2848	-252.2508	63.96604	2.544713	1.36954
39270	-184.6442	-248.2451	63.60094	2.422545	1.729992
39276	-183.1643	-246.7986	63.6343	2.919271	1.335571
39282	-188.5961	-252.6554	64.05933	1.861257	1.801767
39288	-199.743	-262.3858	62.64286	2.917214	2.045451
39294	-194.1102	-253.7107	59.60052	7.017533	1.283413
39300	-196.2554	-257.1835	60.92802	2.701757	3.240683
39306	-192.1737	-256.2975	64.12381	2.775973	1.034971
39312	-194.0374	-257.8043	63.76689	3.031263	1.129479
39318	-193.0802	-256.36	63.27977	3.616665	1.03821
39324	-186.7542	-249.7933	63.03911	4.040778	0.8413757
39330	-185.1594	-247.7993	62.63995	4.439937	0.8413757
39336	-185.448	-250.0061	64.55807	2.521812	0.8413757
39342	-186.1012	-248.9547	62.8535	2.521812	2.166601
39348	-188.8352	-251.9127	63.07756	1.918725	2.40918
39354	-180.1293	-243.1539	63.02464	3.405404	1.432297
39360	-183.5118	-246.1972	62.68536	4.54455	0.5825773
39366	-184.7813	-247.3738	62.5925	4.568669	0.7291651
39372	-184.9969	-245.7249	60.72797	4.634943	2.174657
39378	-185.2905	-248.844	63.55349	3.636023	0.6803411
39384	-189.8089	-252.1615	62.35251	2.517499	2.488514
39390	-187.0744	-249.4695	62.39508	3.257965	1.983618
39396	-185.5283	-247.1855	61.65717	3.564352	2.265902
39402	-187.3033	-249.2162	61.9129	1.973519	3.088275
39408	-188.8677	-246.6549	57.78718	3.24206	4.730023
39414	-177.9291	-241.7587	63.82958	3.303726	0.7709742
39420	-181.1757	-244.9427	63.76701	3.303726	0.8525466
39426	-176.8347	-239.7731	62.93835	2.848249	1.893624
39432	-182.3557	-244.7816	62.42582	3.423863	1.85059
39438	-180.0996	-243.6828	63.58321	3.234033	1.112248
39444	-183.3704	-246.223	62.8526	3.199173	1.710052
39450	-180.6444	-243.983	63.33865	2.629587	1.768674
39456	-182.6102	-246.1831	63.57286	3.594275	0.7195383
39462	-185.5017	-248.3508	62.84909	3.856418	0.1432133
39468	-181.8819	-245.7918	63.90982	3.311372	0.4043815
39474	-185.8738	-248.3179	62.44414	4.644659	0.2716383
39480	-181.4902	-244.6665	63.17625	4.049621	0.414988
39486	-182.107	-246.802	64.69498	2.342487	0.8915395
39492	-183.1371	-246.523	63.38585	3.558008	0.9914575
39498	-177.0113	-240.6629	63.65167	3.558008	0.6386041
39504	-182.2233	-245.79	63.56673	3.668843	0.5598088
39510	-182.0106	-245.7666	63.75603	3.294342	0.8766907
39516	-173.9443	-238.1092	64.16492	2.885457	0.8766907
39522	-176.3485	-240.7176	64.3691	2.870916	0.5338039
39528	-175.152	-239.7976	64.64564	2.068081	1.203387
39534	-182.2322	-246.4094	64.17727	2.036999	1.593518
39540	-181.8326	-246.5521	64.71951	2.433077	0.7425548
39546	-182.7309	-246.9686	64.2377	2.916911	0.7394485
39552	-179.6399	-244.188	64.54806	2.606552	0.7394485
39558	-183.0279	-244.8855	61.85762	4.942262	1.127927
39564	-183.7946	-246.8051	63.01056	4.076938	0.8319192
39570	-179.8518	-244.3143	64.46249	2.718905	0.6952141
39576	-180.9541	-245.5849	64.63073	2.596226	0.5924673
39582	-179.3421	-241.6457	62.30366	3.037003	2.189089
39588	-183.0721	-245.8127	62.74068	3.329998	1.696673
39594	-178.6005	-242.079	63.47854	3.468975	0.9877641
39600	-181.5506	-244.7386	63.18803	3.759485	0.9877641
39606	-186.2886	-248.6401	62.35158	2.907493	2.241772
39612	-183.6054	-247.6781	64.0727	2.44569	1.363516
39618	-184.6753	-248.0349	63.35951	3.15888	1.363516
39624	-188.3411	-251.1816	62.84046	3.428758	1.553244
39630	-187.0421	-249.4261	62.38396	4.835367	0.400527
39636	-182.642	-245.6892	63.04723	3.506049	1.335805
39642	-190.6663	-252.2762	61.60996	3.302816	2.46172
39648	-185.4775	-248.3431	62.86555	2.402546	2.235966
39654	-191.2944	-252.7895	61.49512	5.676399	0.3347876
39660	-192.8787	-255.6187	62.73998	4.483882	0.4102403
39666	-187.8393	-250.8384	62.99914	4.24302	0.504729
39672	-185.4655	-248.8171	63.35161	3.748227	0.8162256
39678	-179.6036	-243.0318	63.42817	3.428418	1.07602
39684	-185.9865	-247.6351	61.6486	3.441375	2.349871
39690	-186.134	-248.0479	61.91393	2.944602	2.495696
39696	-179.209	-242.1895	62.98046	2.821007	1.883511
39702	-178.3677	-242.369	64.00135	3.184768	0.6866654
39708	-185.8996	-248.9811	63.08157	2.539391	2.005024
39714	-185.2396	-247.0651	61.82549	3.125533	2.437692
39720	-181.6202	-245.3235	63.70326	3.334629	0.8910641
39726	-176.6753	-240.6865	64.01127	2.773685	1.141268
39732	-174.2581	-238.5831	64.32504	2.459917	1.141268
39738	-181.3403	-245.0413	63.70109	2.924293	1.277398
39744	-182.9053	-246.615	63.70972	2.915665	1.277398
39750	-187.6395	-252.1566	64.51718	2.671974	0.6810072
39756	-186.5613	-250.198	63.63674	2.674879	1.521823
39762	-189.2347	-252.2736	63.03884	3.201456	1.574495
39768	-191.5344	-254.8226	63.28817	3.878455	0.3299315
39774	-188.6358	-251.7118	63.07599	3.78517	0.1801689
39780	-183.3488	-245.0841	61.7353	4.564095	1.530911
39786	-179.3104	-242.7316	63.42117	3.264699	1.227046
39792	-178.7997	-242.281	63.48127	2.922766	1.452201
39798	-177.2956	-239.7601	62.46447	2.220795	2.603467
39804	-178.0048	-242.5267	64.52187	2.290864	1.116336
39810	-184.4323	-247.9543	63.52205	2.518821	1.717747
39816	-178.2666	-242.1648	63.89823	2.518821	1.442258
39822	-176.9203	-240.4182	63.49794	2.518821	1.734717
39828	-179.0511	-240.7147	61.66356	4.260782	1.799167
39834	-183.6142	-244.6674	61.0532	3.052993	2.956602
39840	-190.1964	-254.2109	64.01454	2.650078	1.24489
39846	-191.0191	-255.7647	64.74557	2.259144	0.9279125
39852	-188.9676	-252.1281	63.16044	1.897652	2.370095
39858	-187.323	-250.8754	63.55239	1.921822	2.102018
39864	-185.6273	-248.9785	63.35119	2.123022	2.102018
39870	-196.9957	-259.7737	62.77803	3.270184	1.712568
39876	-196.5154	-259.5748	63.05943	3.601221	1.248201
39882	-188.0767	-251.7064	63.62965	3.605992	0.5595176
39888	-192.3411	-256.4769	64.13586	3.099777	0.5595176
39894	-190.5046	-254.5348	64.03027	2.452984	1.391098
39900	-195.1739	-257.4264	62.25253	3.543322	1.887336
39906	-188.9948	-252.6428	63.64799	3.548017	0.6677582
39912	-197.8642	-261.056	63.19182	2.735634	1.797014
39918	-193.6431	-256.8374	63.19438	2.733071	1.797014
39924	-191.3592	-255.1816	63.82234	3.406028	0.5878587
39930	-196.3443	-259.4397	63.09541	2.445579	2.058066
39936	-193.4211	-256.6263	63.20519	3.700053	1.029682
39942	-189.8724	-254.0207	64.14828	2.843656	0.9416475
39948	-199.1485	-258.4376	59.28916	5.097454	2.78682
39954	-196.3362	-259.4312	63.09499	3.37277	1.403159
39960	-187.4583	-251.4593	64.00097	2.424694	1.43566
39966	-191.2417	-254.2111	62.96942	3.953555	1.012306
39972	-189.0267	-252.6625	63.63585	3.07684	1.204271
39978	-183.2485	-246.9639	63.71534	2.997343	1.204271
39984	-191.5537	-255.4754	63.92176	1.572083	2.08913
39990	-186.1617	-248.8653	62.70358	1.525244	2.882616
39996	-189.963	-252.3796	62.41665	1.812172	2.882616
40002	-189.6634	-252.5264	62.86298	3.580801	1.42172
40008	-192.2701	-252.8357	60.56558	1.645557	4.063082
40014	-190.8006	-253.8573	63.05668	2.794301	1.849701
40020	-189.9616	-251.2495	61.28789	4.621726	1.809357
40026	-190.7118	-253.1875	62.47572	3.454079	1.795388
40032	-189.3938	-250.8266	61.43279	4.826534	1.560525
40038	-192.9375	-256.4618	63.52433	2.375443	1.816152
40044	-192.2986	-253.535	61.23638	2.931962	2.919156
40050	-193.3769	-255.2191	61.84219	2.635862	2.730981
40056	-187.2094	-250.9878	63.77836	3.448406	0.5930988
40062	-191.0864	-250.4477	59.36128	7.835037	0.6671431
40068	-193.6102	-253.7784	60.16824	7.028075	0.6671431
40074	-186.1369	-247.707	61.57014	5.111489	1.230627
40080	-177.7322	-241.5546	63.82243	2.999271	1.108194
40086	-183.2795	-245.0261	61.74654	1.580068	3.419058
40092	-181.3052	-243.7047	62.39951	1.856058	2.866429
40098	-178.8129	-241.6645	62.85154	1.831779	2.604671
40104	-173.8941	-237.6474	63.75328	3.48448	0.4542896
40110	-163.2317	-226.6202	63.38857	3.853636	0.4996299
40116	-168.633	-231.9208	63.28782	1.982296	2.234663
40122	-166.0831	-228.9725	62.88946	2.380657	2.234663
40128	-167.0754	-231.0787	64.00329	1.535019	2.059835
40134	-169.7143	-230.8559	61.14168	1.938652	3.562783
40140	-167.5932	-228.985	61.39174	2.002931	3.379157
40146	-168.9952	-232.5869	63.59173	1.35842	2.438242
40152	-172.3552	-236.1679	63.8127	3.22345	0.2437054
40158	-170.1029	-233.43	63.32713	3.652199	0.2192581
40164	-169.4075	-233.4902	64.08268	3.159528	0.5008202
40170	-169.2215	-232.5109	63.28937	3.365911	1.252681
40176	-165.6317	-229.507	63.87534	2.956307	1.099098
40182	-170.8583	-234.5675	63.70917	2.407385	1.664019
40188	-170.0327	-232.1745	62.14178	2.443372	2.665252
40194	-169.8044	-234.1828	64.37835	2.776181	0.7395604
40200	-170.474	-233.5331	63.05907	4.083382	0.3086074
40206	-173.4404	-237.2652	63.82482	3.402199	0.4178404
40212	-170.9692	-231.9211	60.95192	2.114946	3.570611
40218	-172.7058	-236.4354	63.72956	1.907937	1.994002
40224	-175.5957	-238.2705	62.67471	3.015342	1.958824
40230	-172.7448	-237.3742	64.62938	2.531604	0.7294649
40236	-174.448	-239.018	64.56993	2.537357	0.8065204
40242	-172.9409	-237.562	64.62105	2.537357	0.7335378
40248	-173.6086	-237.8559	64.24726	2.389687	1.267877
40254	-173.4385	-237.4997	64.0612	2.105089	1.628303
40260	-168.9522	-232.858	63.90582	2.447002	1.490985
40266	-164.3214	-228.9546	64.63323	2.596164	0.5843801
40272	-165.9352	-228.3493	62.41418	1.931004	2.81204
40278	-159.7651	-224.3968	64.63171	2.226836	1.074184
40284	-163.9353	-228.0265	64.09126	3.129821	0.4041423
40290	-168.5462	-232.6164	64.07019	3.129821	0.3684588
40296	-167.3899	-231.4906	64.10066	3.129821	0.5805164
40302	-169.4716	-230.6069	61.13531	3.032931	2.919212
40308	-175.0385	-237.1206	62.08209	2.84046	2.455584
40314	-172.0436	-235.9489	63.90537	2.961156	1.066696
40320	-169.0217	-233.755	64.7333	1.860474	1.303205
40326	-170.434	-234.5357	64.10173	2.483548	1.310084
40332	-172.3082	-236.7348	64.42654	2.75468	0.6955193
40338	-170.5476	-234.775	64.22737	2.993362	0.6109054
40344	-183.8404	-248.1499	64.30945	2.91128	0.6109054
40350	-186.3512	-249.5422	63.19106	3.858354	0.877804
40356	-181.338	-245.3116	63.97359	3.180587	0.7401153
40362	-179.9265	-243.5097	63.58314	2.671261	1.564147
40368	-178.3087	-241.6464	63.33774	2.306751	1.989328
40374	-174.0248	-237.5415	63.51665	2.127846	1.989328
40380	-171.9947	-236.3965	64.40185	2.116688	1.363402
40386	-177.1216	-241.2269	64.10526	2.965315	0.852745
40392	-174.3406	-238.4379	64.0973	2.97327	0.852745
40398	-172.8137	-237.2945	64.4808	2.574022	0.8714913
40404	-170.7099	-234.8768	64.16695	2.835885	0.9299451
40410	-167.2486	-231.6268	64.37823	2.261245	1.265784
40416	-169.5954	-233.9224	64.327	2.825891	0.7420837
40422	-169.2448	-233.2698	64.02498	3.215707	0.5281263
40428	-171.6333	-235.6221	63.98884	3.212983	0.3710363
40434	-173.3431	-237.4257	64.08267	3.159227	0.5126175
40440	-178.0499	-241.08	63.03012	2.777292	1.879466
40446	-169.6477	-233.6961	64.0484	1.955821	1.743523
40452	-175.7116	-239.6915	63.97999	2.628629	1.291126
40458	-175.2729	-238.7334	63.46046	3.050448	1.369412
40464	-177.8166	-241.6943	63.87766	2.210646	1.684158
40470	-179.2863	-243.2684	63.98212	2.941457	1.011705
40476	-177.9689	-241.7627	63.79378	2.406048	1.604018
40482	-180.4548	-244.6718	64.21702	2.021754	1.575609
40488	-178.2362	-242.4519	64.21569	2.929658	0.753469
40494	-171.6272	-236.0467	64.41954	2.244834	1.245095
40500	-172.1827	-236.7474	64.56465	2.099728	1.245095
40506	-175.5947	-239.1172	63.52256	2.216247	1.925992
40512	-180.5281	-243.9009	63.37271	2.366098	1.925992
40518	-179.3611	-242.3762	63.01514	2.379553	2.15399
40524	-182.4381	-245.324	62.88594	2.554933	2.12386
40530	-191.0052	-251.1681	60.16294	4.335544	2.718467
40536	-190.2891	-249.9043	59.61523	2.316553	4.221935
40542	-179.5806	-239.4797	59.89911	1.667024	4.428656
40548	-173.895	-238.7521	64.85707	2.359467	0.6220124
40554	-176.9969	-239.6053	62.60836	2.152213	2.55676
40560	-181.5847	-242.1077	60.52305	3.145516	3.217733
40566	-171.908	-234.777	62.86895	4.206464	0.8468575
40572	-172.2541	-233.6687	61.41456	3.775125	2.286301
40578	-176.383	-238.6362	62.2532	2.333619	2.664224
40584	-179.2686	-241.3825	62.11388	3.479469	2.02339
40590	-177.1615	-240.0237	62.8622	4.007826	1.063397
40596	-177.5787	-241.0382	63.45957	3.709288	0.3321257
40602	-186.3719	-250.3403	63.96841	3.211966	0.6970174
40608	-187.1884	-251.754	64.56564	2.509322	0.8474091
40614	-176.8226	-241.5445	64.72199	2.487033	0.6401136
40620	-176.7108	-241.0588	64.348	2.404419	1.169948
40626	-177.341	-241.3663	64.02528	2.788713	1.115201
40632	-169.4509	-233.545	64.09404	2.788713	1.051332
40638	-178.5455	-242.2553	63.70978	3.529091	0.5419584
40644	-182.2716	-245.4911	63.21943	2.287875	2.080273
40650	-181.9171	-245.9811	64.064	2.261049	1.511808
40656	-185.5294	-249.5919	64.06247	3.139885	0.6547446
40662	-188.1254	-251.9275	63.80211	3.139885	0.9933419
40668	-186.1763	-249.804	63.62762	2.903836	1.35318
40674	-197.7982	-262.2561	64.45791	2.752267	0.6374397
40680	-188.7609	-252.3256	63.56474	3.643989	0.6407766
40686	-189.06	-252.7822	63.72223	3.486496	0.6407766
40692	-190.6256	-248.1491	57.52348	9.609724	0.7711183
40698	-184.7824	-248.2058	63.42341	3.785842	0.3823757
40704	-178.2712	-241.334	63.06278	4.150081	0.3884381
40710	-176.1382	-239.9181	63.77985	3.458999	0.5421155
40716	-176.3304	-239.5329	63.20249	3.850006	0.8742174
40722	-177.7183	-240.8986	63.18029	3.68139	1.071251
40728	-185.3757	-246.7911	61.4154	3.212265	2.639054
40734	-182.5365	-246.8116	64.27517	2.921589	0.3640111
40740	-186.9452	-250.9067	63.96155	3.241932	0.6523465
40746	-186.6488	-250.9706	64.32178	1.897042	1.590199
40752	-186.0646	-248.6284	62.56387	3.289121	1.848321
40758	-183.7528	-247.7981	64.04528	2.967385	0.9192439
40764	-185.1674	-248.595	63.4276	2.565553	1.75127
40770	-184.0198	-248.3703	64.35055	2.565553	1.019073
40776	-189.3275	-252.6689	63.34138	3.791048	0.3007879
40782	-187.8632	-250.6282	62.76506	4.36737	0.3007879
40788	-188.1865	-250.8088	62.62223	4.619028	0.478503
40794	-182.5167	-245.3842	62.86748	4.353249	0.4034092
40800	-184.9905	-246.9563	61.96577	2.35506	2.826843
40806	-184.9284	-248.763	63.83457	2.638061	1.399373
40812	-197.2328	-260.3534	63.12062	3.070853	1.610088
40818	-200.6599	-262.9677	62.3078	3.22936	2.060596
40824	-193.1824	-256.4749	63.2925	3.158509	1.416137
40830	-183.747	-247.7232	63.97623	3.158509	0.7689333
40836	-182.9207	-246.1467	63.22593	3.698736	1.010635
40842	-182.7027	-244.1844	61.4817	2.493301	3.035338
40848	-179.2104	-243.0772	63.86685	1.992951	1.84365
40854	-182.1846	-244.5911	62.40649	2.472929	2.482629
40860	-181.863	-245.3081	63.44519	2.03424	2.098598
40866	-180.699	-244.3855	63.68644	2.424054	1.66835
40872	-189.9359	-251.8479	61.912	2.442904	2.806126
40878	-183.0641	-243.1231	60.05904	1.738994	4.297702
40884	-175.8911	-240.4765	64.58535	1.585703	1.624859
40890	-178.1347	-241.9351	63.80041	2.457046	1.561903
40896	-178.4843	-241.6813	63.19692	2.59355	1.890996
40902	-173.2566	-237.2145	63.9579	1.534338	2.090187
40908	-175.4451	-240.4156	64.97049	2.018363	0.9449255
40914	-176.9234	-240.2425	63.3191	2.876794	1.606875
40920	-177.8052	-241.1343	63.32909	2.86681	1.606875
40926	-180.7193	-245.4366	64.71734	1.837345	1.33468
40932	-185.4737	-246.7617	61.28798	2.111206	3.376502
40938	-181.6067	-244.9107	63.30401	2.699783	1.743819
40944	-189.5912	-251.8543	62.26304	2.269466	2.697605
40950	-189.5309	-252.616	63.08518	1.447332	2.697605
40956	-190.4662	-251.5058	61.0396	1.476154	3.888858
40962	-191.9989	-254.3396	62.34072	1.54456	3.088955
40968	-193.64	-256.275	62.63494	1.250342	3.088955
40974	-187.1494	-251.9791	64.82974	2.199442	0.9009162
40980	-183.4481	-246.3124	62.8643	1.798869	2.617132
40986	-179.8853	-244.2179	64.33263	2.250072	1.312169
40992	-181.9507	-242.4226	60.4719	3.018459	3.322922
40998	-182.7995	-246.5191	63.71962	2.878911	1.299342
41004	-183.9724	-247.68	63.70762	2.578116	1.541037
41010	-183.3039	-247.2979	63.99408	2.291656	1.541037
41016	-183.0878	-243.8781	60.79031	3.979872	2.55079
41022	-181.9347	-245.4211	63.48641	2.98158	1.402987
41028	-179.3038	-242.0602	62.75639	1.884866	2.630666
41034	-184.971	-245.774	60.80295	3.838308	2.630666
41040	-179.6511	-243.7215	64.07042	2.712373	1.143192
41046	-178.646	-241.6812	63.03516	3.393574	1.433297
41052	-183.0694	-246.997	63.92763	3.311422	0.5407502
41058	-188.5628	-251.9109	63.34807	3.395197	1.177917
41064	-186.3959	-249.3066	62.91077	2.304028	2.270219
41070	-186.1677	-248.2721	62.10435	3.110445	2.270219
41076	-188.7511	-251.8238	63.07278	2.041675	2.334308
41082	-197.2221	-259.5607	62.33862	1.695572	2.999863
41088	-194.685	-258.2729	63.58792	2.528204	1.664324
41094	-187.2868	-251.4608	64.17394	3.041412	0.3928939
41100	-190.5098	-255.0207	64.5108	2.540655	0.8754237
41106	-194.2224	-257.9076	63.68514	3.467014	0.3167005
41112	-189.5075	-250.9455	61.43801	5.797599	0.5596534
41118	-189.8794	-253.2835	63.40404	3.757437	0.728674
41124	-176.3699	-238.8264	62.45654	3.112914	2.03924
41130	-184.7799	-249.0166	64.23668	2.907017	0.7559234
41136	-184.4907	-248.1959	63.70524	2.809839	1.366128
41142	-181.6618	-246.2482	64.58641	2.630948	0.6198961
41148	-183.708	-248.6563	64.94838	2.157982	0.8077331
41154	-188.1563	-251.8291	63.67271	2.8246	1.380103
41160	-189.6186	-251.9355	62.31687	3.267083	2.029626
41166	-184.8821	-247.9046	63.02249	3.012146	1.722142
41172	-191.9707	-255.8521	63.88139	2.122811	1.743537
41178	-189.8277	-253.799	63.97131	2.032891	1.743537
41184	-180.5126	-244.4698	63.9572	2.367503	1.51206
41190	-175.8086	-240.1273	64.31872	2.860937	0.6982778
41196	-176.1541	-240.4068	64.25273	2.9529	0.6477051
41202	-191.4716	-252.7658	61.29421	4.432639	1.934065
41208	-189.9697	-251.5643	61.59463	5.416215	0.9212355
41214	-183.4079	-243.0169	59.60896	3.780229	3.382374
41220	-178.6662	-242.055	63.38883	3.188054	0.1202842
41226	-177.91	-240.97	63.05993	2.399372	2.111793
41232	-173.4478	-235.9793	62.53156	2.927746	2.111793
41238	-181.5893	-243.9427	62.35339	2.011774	2.799884
41244	-183.2346	-247.5167	64.28212	2.959618	0.4848844
41250	-176.5653	-240.9058	64.34042	2.785577	0.781244
41256	-181.8509	-244.3155	62.46455	3.683786	1.641235
41262	-183.0325	-245.1282	62.09572	4.447953	1.34347
41268	-187.121	-250.2473	63.12629	3.972285	0.2775958
41274	-186.8295	-249.3911	62.56165	3.505627	1.699082
41280	-189.0756	-252.2278	63.15224	2.915039	1.699082
41286	-188.0917	-251.6646	63.57289	3.629494	0.6546806
41292	-183.4503	-247.3617	63.91141	3.266374	0.7015601
41298	-187.308	-249.9445	62.63651	4.123129	0.1546883
41304	-183.1603	-245.9673	62.80701	3.009789	1.873067
41310	-191.4399	-254.409	62.96915	4.205738	0.7065562
41316	-185.336	-249.544	64.20806	2.884136	0.8260011
41322	-179.9081	-244.0879	64.17981	2.897812	0.8441568
41328	-179.5141	-239.1856	59.6715	2.165967	4.27538
41334	-183.8352	-244.5536	60.71843	2.304434	3.59618
41340	-189.0294	-249.864	60.83461	3.904483	2.570104
41346	-187.5341	-250.8177	63.28366	3.957589	0.4783894
41352	-186.167	-250.0016	63.83456	3.003433	1.093269
41358	-184.7589	-246.7608	62.00195	1.975877	3.033646
41364	-182.837	-244.9051	62.06813	5.05859	0.2965543
41370	-178.0104	-240.4875	62.47718	4.649538	0.2965543
41376	-177.7623	-240.7421	62.97976	4.145953	0.7816445
41382	-180.8249	-243.908	63.08315	4.145953	0.4233612
41388	-185.9356	-247.7187	61.78313	5.32919	0.7998572
41394	-184.2787	-246.157	61.87834	5.32919	0.6434831
41400	-175.1585	-238.9277	63.76923	3.314293	0.8368746
41406	-180.6271	-244.6956	64.0685	2.946416	0.9167654
41412	-177.2244	-240.6409	63.41655	3.374632	1.135722
41418	-178.2229	-241.6126	63.38969	3.119683	1.370625
41424	-178.8692	-242.3727	63.50358	3.005795	1.370625
41430	-184.2256	-246.7652	62.53966	2.682526	2.265476
41436	-187.1831	-250.4018	63.21877	2.940506	1.633357
41442	-187.2542	-251.881	64.62683	1.532453	1.633357
41448	-178.3851	-242.1692	63.78409	2.139319	1.799813
41454	-175.6245	-240.3733	64.74879	2.037348	1.140215
41460	-177.2888	-241.5705	64.28173	2.741316	0.9077703
41466	-183.5143	-247.629	64.11476	3.127429	0.5033929
41472	-181.9469	-245.7341	63.78722	3.451203	0.4577708
41478	-185.5172	-248.8855	63.36832	3.858546	0.4174413
41484	-185.879	-248.573	62.69401	1.984005	2.607952
41490	-177.8292	-242.2818	64.45264	1.800278	1.56524
41496	-179.6601	-241.7724	62.11234	2.18148	2.843241
41502	-169.1062	-233.1329	64.02667	2.222342	1.568109
41508	-164.7126	-228.3632	63.65062	1.846064	2.087259
41514	-169.7692	-233.875	64.10578	2.001622	1.670558
41520	-173.3627	-238.2074	64.84477	2.386389	0.578055
41526	-166.3417	-230.3368	63.99511	3.124689	0.789779
41532	-171.0351	-234.1246	63.08951	1.945497	2.384716
41538	-164.726	-229.1307	64.40468	2.553103	0.9773086
41544	-168.5144	-231.5583	63.04394	3.620009	1.245451
41550	-164.4347	-228.5065	64.07174	3.126177	0.3655695
41556	-165.742	-230.0373	64.29525	2.90267	0.3655695
41562	-166.1833	-230.4928	64.30954	2.930056	0.5370171
41568	-171.8506	-235.788	63.93735	3.300346	0.549041
41574	-170.9295	-234.3131	63.38354	3.776838	0.324029
41580	-165.6049	-228.8673	63.26235	3.776838	0.2451594
41586	-164.946	-228.6103	63.66427	3.522558	0.3515164
41592	-166.4351	-229.3397	62.90467	2.197933	2.341848
41598	-165.7646	-229.8765	64.1119	2.817782	1.005657
41604	-167.376	-231.5447	64.16876	2.933916	0.8125538
41610	-170.8096	-235.1178	64.30823	2.933916	0.4942929
41616	-166.7686	-231.4098	64.64127	2.001547	1.263024
41622	-175.7803	-236.2985	60.51817	2.115945	3.820855
41628	-175.1839	-235.1769	59.99299	1.574005	4.428172
41634	-172.9149	-233.1552	60.24024	2.563322	3.723184
41640	-167.2979	-231.6148	64.31686	2.054163	1.477258
41646	-166.4756	-229.4419	62.96636	1.476391	2.752567
41652	-174.8403	-236.6212	61.7809	2.104229	3.089045
41658	-166.9684	-229.6441	62.67579	1.941052	2.64573
41664	-165.2172	-229.1496	63.93245	2.440913	1.475493
41670	-166.5878	-230.6222	64.03439	2.338975	1.475493
41676	-168.4585	-232.2131	63.75458	2.940226	1.219491
41682	-165.1463	-229.216	64.06974	3.115252	0.6887163
41688	-170.2714	-234.1676	63.89626	3.331424	0.4195483
41694	-166.4398	-230.376	63.93614	3.274307	0.3843465
41700	-165.8013	-229.8756	64.0743	3.154328	0.5869826
41706	-167.8734	-230.7336	62.86021	2.381253	2.253098
41712	-167.5108	-229.3972	61.88645	3.124061	2.400197
41718	-169.2679	-232.3863	63.11845	2.159324	2.22973
41724	-173.1397	-234.3319	61.19218	4.144706	2.191536
41730	-169.562	-233.7286	64.16657	3.065732	0.5737008
41736	-168.4251	-231.7557	63.33067	3.843869	0.3378898
41742	-164.599	-227.7906	63.1916	3.982936	0.3378898
41748	-171.4153	-234.6651	63.24979	3.982936	0.4342831
41754	-173.9129	-237.571	63.65808	3.049487	1.208641
41760	-173.2228	-237.7809	64.55808	2.379048	0.9982294
41766	-172.8501	-236.2408	63.39078	2.414544	1.880887
41772	-169.0858	-233.5938	64.50799	2.417871	1.009446
41778	-172.7916	-236.6072	63.81563	2.072182	1.824399
41784	-175.3849	-234.5701	59.18523	5.154959	2.815078
41790	-167.6595	-231.3031	63.64361	2.391099	1.722091
41796	-170.7178	-234.5936	63.87582	2.785352	1.247769
41802	-168.69	-232.7736	64.08363	3.147838	0.5769003
41808	-169.7912	-232.9229	63.13161	3.962543	0.2748701
41814	-172.6338	-237.1266	64.49281	2.727111	0.6131261
41820	-176.1939	-237.8953	61.70136	5.052889	1.16835
41826	-175.5109	-238.1254	62.6145	2.975011	2.025941
41832	-176.5559	-240.429	63.87309	1.772316	1.988721
41838	-178.1931	-242.5189	64.32586	1.576585	1.814307
41844	-176.2668	-239.1822	62.91539	1.645982	2.679879
41850	-173.7328	-237.5686	63.8358	1.684065	2.072006
41856	-169.2572	-232.9469	63.6897	2.579805	1.553026
41862	-166.4375	-230.594	64.1565	2.579805	1.183955
41868	-164.0794	-226.9388	62.85938	2.632452	2.090451
41874	-165.7753	-229.2549	63.47962	2.854498	1.505022
41880	-169.4445	-231.7215	62.27696	2.595495	2.486987
41886	-165.877	-229.7451	63.86803	2.551519	1.440342
41892	-166.0302	-230.6336	64.60338	2.346029	0.985845
41898	-164.476	-228.5098	64.03389	2.599824	1.270545
41904	-167.04	-231.0739	64.03389	2.599824	1.270545
41910	-164.1418	-228.1046	63.96281	2.996999	0.9752328
41916	-162.4163	-227.0297	64.61332	2.602573	0.6236367
41922	-163.331	-227.2578	63.92674	3.290353	0.3961576
41928	-164.823	-228.7086	63.88554	3.271715	0.3211906
41934	-166.861	-230.596	63.73501	3.422243	0.3211906
41940	-169.8629	-234.4013	64.53837	2.298923	1.093914
41946	-176.0224	-239.3324	63.31004	3.433635	1.177565
41952	-174.0439	-237.8511	63.80715	3.419149	0.5945749
41958	-174.5815	-239.0393	64.45777	2.784439	0.4989555
41964	-185.7201	-249.5133	63.79323	3.42476	0.6182471
41970	-182.1807	-246.2489	64.06818	2.865756	1.001413
41976	-177.0002	-241.0884	64.08821	2.845729	1.001413
41982	-182.2447	-246.7543	64.50964	2.564526	0.8483781
41988	-179.3086	-241.0942	61.78567	2.107816	3.08406
41994	-182.4354	-245.8288	63.39343	3.045326	1.425594
42000	-180.6866	-242.4738	61.78712	4.822783	1.290077
42006	-177.7573	-240.9678	63.21056	3.588505	1.128664
42012	-177.0365	-240.778	63.74157	3.342108	0.8366811
42018	-185.2578	-248.9198	63.66195	3.455251	0.7932942
42024	-181.1108	-244.2314	63.12062	2.177148	2.216835
42030	-172.8957	-237.1748	64.27907	2.941166	0.6122622
42036	-171.3104	-234.1138	62.80338	2.660347	2.108898
42042	-172.471	-236.2968	63.82584	1.926921	1.916565
42048	-170.8693	-235.2583	64.38896	2.2556	1.261583
42054	-175.62	-239.1663	63.54625	3.674806	0.4040869
42060	-170.4887	-233.9321	63.44346	2.600111	1.715845
42066	-171.1881	-234.2447	63.05662	3.239907	1.533042
42072	-172.9729	-235.5168	62.54388	3.614416	1.634063
42078	-163.2979	-227.3114	64.01346	2.230404	1.571882
42084	-166.5491	-230.6947	64.14556	2.158927	1.52713
42090	-177.356	-242.1796	64.8236	1.99261	1.113188
42096	-180.552	-243.5083	62.95634	2.567854	2.06915
42102	-182.8066	-244.6941	61.88749	3.636703	2.06915
42108	-181.8073	-243.6251	61.8178	3.706396	2.06915
42114	-183.0237	-244.548	61.52424	3.713479	2.255503
42120	-181.5487	-241.3234	59.77463	3.386938	3.515484
42126	-182.9938	-245.4957	62.50192	3.130201	1.997586
42132	-177.2019	-239.8602	62.65829	1.85448	2.709715
42138	-174.7494	-238.8041	64.05472	2.364943	1.440257
42144	-177.284	-240.3928	63.10879	3.134649	1.572195
42150	-174.6814	-238.363	63.68161	3.19003	1.061874
42156	-165.2776	-227.4905	62.21287	4.470741	1.22895
42162	-167.6687	-230.803	63.13429	2.546784	1.964845
42168	-171.308	-235.5089	64.20088	2.221966	1.437818
42174	-173.5279	-237.5862	64.05834	2.439234	1.37989
42180	-170.2571	-234.9014	64.64433	2.452151	0.8205411
42186	-170.534	-234.247	63.71297	3.321274	0.8952047
42192	-175.9128	-237.738	61.82519	2.560594	2.787324
42198	-175.2399	-239.1161	63.87619	2.560594	1.42711
42204	-185.1079	-245.8866	60.77872	3.759948	2.693827
42210	-184.9858	-249.3819	64.39602	2.803635	0.6603829
42216	-183.1429	-245.4419	62.299	2.231478	2.698854
42222	-177.9951	-241.4317	63.4366	2.307761	1.922241
42228	-176.7183	-241.3382	64.61993	2.567308	0.684597
42234	-178.7266	-242.4995	63.77299	3.308638	0.8392304
42240	-178.2631	-242.2763	64.01318	2.979661	0.9406776
42246	-183.5703	-246.7222	63.15198	2.76014	1.807624
42252	-179.8564	-244.2918	64.43539	2.233531	1.241291
42258	-180.5914	-244.7805	64.18916	2.06031	1.56777
42264	-178.9103	-242.5758	63.66553	2.725232	1.462306
42270	-180.9456	-244.9808	64.0352	2.303263	1.501768
42276	-184.6377	-248.8945	64.25681	2.980226	0.5526011
42282	-185.1509	-248.9592	63.80828	3.433459	0.5154268
42288	-183.2803	-247.2492	63.96892	3.049771	0.2356693
42294	-179.8839	-244.2126	64.32867	2.82141	0.3149216
42300	-183.563	-246.8862	63.32317	2.346991	1.972159
42306	-183.9696	-246.8647	62.89511	4.009691	1.030109
42312	-184.0502	-248.2625	64.21228	2.8046	0.9146094
42318	-182.0975	-246.5296	64.43215	2.733883	0.7213439
42324	-186.7349	-249.6276	62.89268	3.527177	1.440111
42330	-188.1819	-252.6848	64.50286	2.71128	0.6279949
42336	-183.0205	-247.1167	64.09615	2.952452	0.8787478
42342	-189.393	-252.909	63.51598	3.693643	0.382977
42348	-191.0815	-254.7402	63.65862	3.232182	1.043632
42354	-187.1105	-250.2788	63.16828	2.729157	1.817765
42360	-188.6531	-250.6805	62.02742	2.385241	2.770938
42366	-194.9483	-257.3306	62.38233	3.24634	1.999888
42372	-189.6373	-250.4694	60.83207	4.440367	2.233167
42378	-185.2622	-248.9815	63.71927	3.096197	1.113862
42384	-175.9765	-240.4576	64.48118	2.650634	0.7730903
42390	-175.1697	-239.3428	64.17314	2.670403	1.088138
42396	-175.1746	-238.1088	62.93414	3.403554	1.502344
42402	-173.879	-237.6633	63.78428	2.885389	1.240671
42408	-179.7606	-243.1123	63.35173	3.487501	1.092129
42414	-182.0791	-245.1839	63.10478	3.483736	1.307467
42420	-177.8524	-241.6847	63.8323	2.450715	1.543047
42426	-173.2212	-235.88	62.65887	2.450715	2.337407
42432	-168.4922	-232.9535	64.46124	2.154686	1.285155
42438	-171.3903	-234.4664	63.07618	2.418367	2.088669
42444	-167.8968	-232.4864	64.58953	2.251589	1.090385
42450	-172.6033	-237.1324	64.52906	2.55279	0.8389522
42456	-169.2928	-233.9404	64.64762	2.264121	1.023347
42462	-171.7894	-236.5456	64.75626	1.747979	1.374665
42468	-169.3121	-233.8974	64.58536	2.638402	0.4100203
42474	-180.4058	-244.7568	64.351	2.89114	0.5059341
42480	-170.7719	-235.2785	64.50651	2.72094	0.5908847
42486	-176.0167	-238.3909	62.37416	3.019793	2.154477
42492	-177.0978	-240.7194	63.62152	3.607386	0.4228152
42498	-183.3833	-247.2891	63.90585	3.274355	0.3439585
42504	-183.3958	-247.6341	64.23831	2.975997	0.6276014
42510	-173.6471	-237.7621	64.11502	3.116178	0.5779271
42516	-181.9963	-245.2561	63.25981	3.8717	0.7735152
42522	-174.5791	-237.9835	63.40442	2.534584	1.789003
42528	-172.5979	-235.3242	62.72632	3.083548	1.877789
42534	-172.8983	-236.7283	63.83002	1.979848	1.877789
42540	-178.689	-241.5609	62.87196	2.93791	1.877789
42546	-181.9049	-244.3963	62.49141	1.607896	2.960746
42552	-184.6162	-248.5536	63.93737	3.241235	0.7001262
42558	-177.9088	-241.5714	63.66253	3.575566	0.4560308
42564	-179.31	-243.8129	64.50295	2.551807	0.8715747
42570	-174.844	-238.0137	63.1697	2.660937	1.863617
42576	-174.5196	-238.2617	63.74211	2.398592	1.646716
42582	-172.4559	-235.3439	62.88803	1.715412	2.653988
42588	-173.6353	-237.9573	64.32206	2.89028	0.6323569
42594	-180.984	-242.1933	61.2093	1.987473	3.494951
42600	-178.2263	-242.3347	64.10841	2.823382	1.003557
42606	-180.0205	-243.7106	63.69014	3.09123	1.144454
42612	-174.4345	-238.1397	63.7052	2.485273	1.61081
42618	-185.5542	-250.1856	64.63133	2.231089	1.070554
42624	-184.0268	-248.9908	64.96399	2.231089	0.6695965
42630	-188.1304	-252.7792	64.64881	2.345552	0.939062
42636	-182.3327	-245.791	63.45833	2.156497	2.009109
42642	-180.3697	-244.4276	64.05784	2.239035	1.532781
42648	-178.0397	-240.418	62.37831	1.932275	2.833064
42654	-180.4802	-241.4648	60.98459	2.511066	3.319802
42660	-173.0884	-236.941	63.8526	3.347917	0.6585905
42666	-175.8429	-238.6096	62.76669	2.202817	2.426057
42672	-170.4723	-234.4142	63.94197	2.569074	1.369305
42678	-173.0442	-237.4268	64.38261	2.843277	0.5958589
42684	-168.3079	-232.7916	64.48371	2.752955	0.5545178
42690	-169.5504	-233.2829	63.7325	3.504163	0.5545178
42696	-170.1813	-234.4614	64.28013	2.519475	1.128173
42702	-180.3843	-241.288	60.90366	1.608608	3.890861
42708	-179.2857	-243.3964	64.11067	2.714288	1.105219
42714	-178.2636	-242.3128	64.0492	1.806945	1.846158
42720	-173.3207	-237.6884	64.36771	1.796749	1.62962
42726	-161.7952	-226.0565	64.26129	1.876151	1.649057
42732	-170.643	-234.6892	64.0462	1.876151	1.800544
42738	-168.3765	-233.1033	64.72676	2.318999	0.8820386
42744	-167.7074	-231.4176	63.71013	3.336341	0.8812161
42750	-166.6131	-230.2911	63.678	3.336341	0.9174081
42756	-165.6358	-229.955	64.31923	2.553844	1.060516
42762	-167.5217	-229.1591	61.63736	2.454358	2.965308
42768	-160.4084	-222.9649	62.55652	1.354315	3.073704
42774	-167.2961	-228.9131	61.61696	2.293872	3.073704
42780	-171.1884	-235.7262	64.53789	1.40331	1.787482
42786	-178.1259	-242.0329	63.907	1.765002	1.970928
42792	-179.5374	-242.6301	63.09273	1.486758	2.668738
42798	-176.2877	-240.5911	64.30339	2.564434	1.065479
42804	-178.5021	-242.0011	63.49909	2.281668	1.897588
42810	-181.3269	-244.8414	63.5145	2.309649	1.868052
42816	-184.5636	-249.5679	65.00428	2.165019	0.715976
42822	-184.364	-248.921	64.557	2.161208	1.199546
42828	-194.8704	-258.0143	63.14387	2.376831	2.071452
42834	-194.4422	-257.4876	63.04543	3.534993	1.314007
42840	-187.3405	-250.6077	63.26721	3.632373	1.035165
42846	-189.8261	-253.2799	63.45386	3.445729	1.035165
42852	-196.1162	-255.5262	59.41001	7.769412	0.6987013
42858	-189.2091	-252.4083	63.19919	4.041837	0.5246807
42864	-189.0682	-253.3175	64.24937	2.964037	0.629785
42870	-187.7049	-249.9224	62.21756	1.93878	2.926394
42876	-189.9789	-253.3907	63.41183	3.1714	1.311739
42882	-186.4774	-249.9963	63.51891	2.63498	1.637237
42888	-187.5918	-251.0457	63.4539	2.699989	1.637237
42894	-184.2718	-247.2334	62.96164	4.251002	0.6316429
42900	-179.859	-243.6373	63.77829	3.221582	0.9331441
42906	-177.8583	-240.9366	63.07837	3.443793	1.360539
42912	-180.1308	-244.4222	64.29139	2.853183	0.7546194
42918	-189.4069	-250.1919	60.78497	2.764167	3.288295
42924	-192.9119	-255.3053	62.39341	3.72991	1.659179
42930	-193.5637	-256.1375	62.57381	4.047523	1.280726
42936	-190.2446	-252.3146	62.06999	4.734544	1.12374
42942	-192.9086	-254.5831	61.67446	5.138306	1.116312
42948	-186.7633	-250.0611	63.29782	3.921148	0.3998135
42954	-185.0215	-249.4843	64.46279	2.75473	0.3969679
42960	-187.2627	-251.504	64.24131	3.000454	0.4852575
42966	-185.6146	-247.718	62.10343	4.914801	0.9131174
42972	-189.0664	-252.9283	63.86191	3.280646	0.7575954
42978	-186.8301	-249.429	62.59887	4.599965	0.3668268
42984	-182.0365	-246.3705	64.334	2.830747	0.723429
42990	-179.5231	-243.2275	63.70438	3.104455	1.119868
42996	-186.3332	-250.1933	63.86002	3.354793	0.6263366
43002	-181.3162	-245.4056	64.08941	3.150644	0.5335265
43008	-188.896	-252.5274	63.63137	3.282149	1.021605
43014	-185.5226	-245.6171	60.0945	4.941843	2.383871
43020	-180.6986	-244.3966	63.69797	2.658155	1.488498
43026	-180.0417	-242.0096	61.96783	4.388301	1.488498
43032	-183.8103	-247.1271	63.31682	2.85828	1.621939
43038	-183.3752	-244.8727	61.49749	2.046699	3.291208
43044	-173.6151	-238.0012	64.38613	2.414252	1.12748
43050	-174.0531	-238.2443	64.19113	2.979346	0.7140098
43056	-175.3389	-239.1784	63.83952	3.294349	0.3018805
43062	-173.1909	-236.8438	63.65299	3.501631	0.3188469
43068	-174.4026	-237.6713	63.26871	3.627428	0.1904663
43074	-176.4039	-240.3117	63.90781	3.325315	0.4355979
43080	-175.8059	-240.0628	64.25682	2.941853	0.6623858
43086	-175.4566	-238.5787	63.12204	3.489076	1.289087
43092	-179.3911	-242.1843	62.79318	2.658448	2.116818
43098	-182.0358	-245.5444	63.50859	2.006746	2.074989
43104	-183.7953	-247.3039	63.50859	2.006746	2.074989
43110	-179.8174	-244.3133	64.49589	2.677246	0.7095453
43116	-180.7091	-244.7855	64.07639	3.11184	0.6827415
43122	-179.0907	-242.9108	63.82012	3.362687	0.6926775
43128	-183.8022	-247.2162	63.41404	3.733966	0.3131716
43134	-190.7629	-253.674	62.9111	4.237431	0.3136078
43140	-190.4952	-252.3769	61.88168	4.628306	1.370143
43146	-183.6474	-247.4042	63.75674	3.382547	0.7623757
43152	-182.9232	-246.6013	63.67816	3.450217	0.7779261
43158	-184.6104	-244.645	60.03465	3.995906	3.002047
43164	-181.8033	-245.7648	63.96149	2.198373	1.632937
43170	-181.3419	-243.1906	61.84866	4.395697	1.57152
43176	-181.656	-244.9697	63.31364	2.927888	1.573597
43182	-183.8441	-247.8673	64.02316	2.848778	1.061594
43188	-182.3619	-245.9084	63.54645	3.460539	0.9254411
43194	-182.2793	-244.6418	62.36256	3.885238	1.569
43200	-186.1054	-248.4977	62.39223	3.85556	1.569
43206	-189.5072	-253.6743	64.1671	2.856733	0.9068996
43212	-190.9995	-254.6205	63.62104	2.697208	1.516884
43218	-184.4596	-248.0601	63.60048	2.413016	1.73701
43224	-187.6281	-249.9319	62.30374	2.223244	2.700995
43230	-183.0351	-245.6968	62.66176	1.865228	2.700995
43236	-179.7448	-244.1213	64.37656	2.366502	1.1781
43242	-178.8327	-242.5786	63.74581	3.163887	1.025341
43248	-176.4627	-240.2839	63.82113	3.08857	1.025341
43254	-178.5436	-240.9397	62.39608	2.568131	2.429392
43260	-180.3301	-243.021	62.69087	4.497971	0.6816099
43266	-179.7069	-242.4373	62.73037	4.038267	1.15572
43272	-176.963	-240.7667	63.80367	3.377461	0.3449845
43278	-178.1659	-241.9631	63.79721	2.369276	1.62816
43284	-176.1882	-238.6269	62.4387	2.651034	2.350024
43290	-172.8726	-235.967	63.09436	3.678846	1.151688
43296	-171.6538	-235.8177	64.16391	2.972617	0.766361
43302	-174.9155	-238.5361	63.62061	3.264266	1.049305
43308	-172.1208	-236.7311	64.61033	2.631753	0.5079531
43314	-169.1509	-232.2087	63.05788	2.214078	2.233481
43320	-166.5111	-229.6206	63.10947	1.962481	2.36131
43326	-171.3695	-235.1039	63.73434	3.024166	1.164622
43332	-179.1587	-242.4647	63.30606	3.012283	1.516809
43338	-178.1658	-238.9542	60.7884	3.847783	2.633803
43344	-175.9677	-239.0568	63.08916	2.480895	2.03884
43350	-170.1116	-234.1076	63.99605	1.85625	1.848795
43356	-185.3779	-248.7081	63.33015	2.522152	1.848795
43362	-181.7188	-243.4845	61.76573	1.979216	3.172459
43368	-179.7985	-241.3497	61.55121	2.541004	2.96501
43374	-183.7233	-248.4226	64.69925	2.489945	0.6809323
43380	-177.5681	-241.4111	63.84303	3.191545	0.8948319
43386	-179.4666	-243.7247	64.25804	2.934616	0.6743282
43392	-183.0237	-246.6318	63.6081	1.97322	2.031371
43398	-187.4655	-250.5715	63.10601	3.566866	1.237984
43404	-191.5842	-255.6237	64.03955	2.63332	1.237984
43410	-185.4028	-248.8667	63.46394	2.838037	1.528995
43416	-182.968	-246.2209	63.25293	3.049044	1.528995
43422	-183.1509	-247.1088	63.95791	2.976104	1.001341
43428	-187.6149	-251.0028	63.38791	2.735533	1.659088
43434	-180.6685	-245.012	64.34355	2.767742	0.8012299
43440	-183.0341	-244.0489	61.01483	3.680242	2.597395
43446	-179.5192	-242.1973	62.67811	2.6565	2.193011
43452	-177.5668	-241.4516	63.88483	3.355929	0.5274024
43458	-182.0283	-245.3158	63.28751	3.570358	1.074821
43464	-180.5134	-244.0486	63.53523	3.587851	0.2939271
43470	-188.4794	-251.1641	62.68465	4.451206	0.7673302
43476	-185.7819	-249.0026	63.22075	3.842504	0.8615267
43482	-188.5095	-251.9208	63.41131	3.651941	0.8615267
43488	-184.113	-247.5243	63.41133	2.898271	1.523326
43494	-183.3701	-246.0682	62.69804	2.687771	2.159771
43500	-182.9605	-246.1209	63.16046	3.477575	1.266975
43506	-187.99	-251.164	63.17392	3.375977	1.33851
43512	-186.8501	-250.6204	63.77032	3.432177	0.6544358
43518	-190.3539	-253.2544	62.9005	2.626727	2.067146
43524	-190.3487	-253.3452	62.99651	3.53814	1.350643
43530	-191.507	-253.7526	62.24567	1.884461	2.94219
43536	-200.1322	-262.6097	62.47754	1.652588	2.94219
43542	-190.8961	-254.889	63.99283	2.57016	1.328029
43548	-194.3385	-256.2583	61.91977	3.962585	1.828151
43554	-188.1555	-250.966	62.81048	3.398237	1.597558
43560	-184.7877	-248.7502	63.9625	3.273254	0.5589751
43566	-192.6296	-251.179	58.54947	7.968248	1.364049
43572	-195.3522	-255.7458	60.39364	6.339938	1.186314
43578	-186.9557	-249.9401	62.98435	3.896218	1.053413
43584	-188.861	-251.9608	63.09982	3.896218	0.9372649
43590	-190.6921	-253.0017	62.30959	2.849508	2.305853
43596	-189.2392	-253.0328	63.79361	2.585306	1.47129
43602	-188.8661	-251.6894	62.8233	4.139971	0.9716714
43608	-183.3285	-247.3264	63.99792	2.733964	1.187779
43614	-183.8144	-247.965	64.15063	2.301372	1.415372
43620	-177.9169	-240.615	62.6981	1.939632	2.632844
43626	-181.7041	-246.4869	64.78285	2.103582	1.047812
43632	-178.5493	-243.0068	64.45748	2.4509	1.026622
43638	-183.2478	-245.7439	62.49607	3.838682	1.504547
43644	-185.1102	-246.061	60.95087	2.63979	3.263794
43650	-195.3027	-256.4152	61.1125	4.103552	2.269412
43656	-183.3507	-247.923	64.57228	1.983751	1.333606
43662	-191.9632	-254.6602	62.69702	1.769291	2.738169
43668	-189.9102	-252.7002	62.79006	1.676249	2.738169
43674	-181.3854	-244.9498	63.56439	3.387044	0.9837912
43680	-179.7793	-244.3183	64.53906	2.601021	0.7612264
43686	-179.3078	-242.878	63.57017	3.017224	1.30837
43692	-179.0934	-242.8124	63.71894	2.931337	1.256841
43698	-179.1945	-243.1261	63.93162	3.001916	1.00182
43704	-180.5473	-242.5151	61.96783	3.056533	2.391448
43710	-172.1357	-235.533	63.39735	3.390842	1.138393
43716	-166.2244	-230.6056	64.38114	2.691211	0.8505879
43722	-168.4931	-230.1977	61.70458	4.594823	1.530902
43728	-169.7485	-233.8109	64.06243	3.118744	0.6956027
43734	-172.4266	-236.4303	64.00369	3.177486	0.6956027
43740	-177.3073	-239.4394	62.13208	3.855349	1.755276
43746	-173.9198	-236.4977	62.57781	1.799715	2.792356
43752	-173.1411	-235.9394	62.79831	2.02268	2.519138
43758	-178.3633	-240.5064	62.14309	3.152332	2.218351
43764	-175.0643	-239.163	64.09871	3.078029	0.7033728
43770	-173.7887	-237.7577	63.96892	2.738302	1.208939
43776	-181.0876	-241.2659	60.17822	1.730898	4.234784
43782	-181.0675	-241.0852	60.01772	1.891404	4.234784
43788	-176.57	-240.2966	63.72654	3.331429	0.8677894
43794	-169.2103	-232.8237	63.61344	3.621913	0.5608695
43800	-168.2704	-231.8803	63.60989	3.621913	0.5756455
43806	-170.4402	-233.3442	62.90408	3.588288	1.383976
43812	-170.2389	-233.4159	63.17707	3.315296	1.383976
43818	-175.8301	-236.5331	60.70306	3.830717	2.69683
43824	-179.2725	-242.1055	62.83302	3.495528	1.509192
43830	-179.7166	-243.544	63.82741	2.670784	1.379406
43836	-182.5	-246.2064	63.70637	3.421185	0.7790814
43842	-186.8978	-250.3095	63.41173	3.764327	0.3394851
43848	-188.0646	-250.0612	61.99662	4.129611	1.657097
43854	-191.711	-253.5349	61.82398	3.862551	1.96119
43860	-187.767	-246.9604	59.19341	1.642537	4.837952
43866	-182.5477	-246.3675	63.81986	3.31185	0.7732422
43872	-180.6477	-244.4417	63.79398	3.31185	0.8084345
43878	-181.3607	-244.4855	63.12478	3.794873	1.015585
43884	-186.1349	-247.7403	61.60543	5.361742	0.9676457
43890	-188.0257	-250.9844	62.95871	4.282535	0.478371
43896	-181.9873	-245.3947	63.40739	3.77519	0.6930809
43902	-179.4913	-241.8485	62.35716	4.864596	0.4055865
43908	-178.896	-241.7092	62.81321	2.978324	1.89027
43914	-180.0166	-242.2637	62.24711	2.680055	2.452684
43920	-170.3865	-234.9996	64.61311	2.437623	0.8762764
43926	-171.4144	-235.7132	64.29878	2.751945	0.8762764
43932	-180.6131	-244.6049	63.99183	3.250114	0.5116039
43938	-176.4915	-240.652	64.16049	2.937294	0.8188732
43944	-178.442	-242.4687	64.02671	2.90832	1.000321
43950	-193.252	-252.4474	59.1954	7.876919	0.2622081
43956	-182.1337	-245.5155	63.38172	3.570305	0.2090345
43962	-185.2795	-248.7171	63.43761	3.59665	0.2428104
43968	-187.8303	-250.1663	62.33602	4.714983	0.250975
43974	-190.0464	-253.5043	63.45793	3.666151	0.7839068
43980	-190.7468	-255.4721	64.72534	2.201666	1.008313
43986	-191.7298	-255.3247	63.59488	3.50096	0.8213677
43992	-182.2701	-244.8723	62.60222	4.191072	1.13383
43998	-184.3721	-246.8644	62.49228	4.420009	1.022807
44004	-185.3499	-247.7283	62.37842	4.312711	1.222607
44010	-185.5943	-250.3628	64.76855	2.246746	0.9163521
44016	-190.8745	-253.077	62.20249	2.89599	2.344466
44022	-190.8597	-253.4302	62.57057	2.4411	2.399465
44028	-193.4436	-255.7703	62.32676	2.315817	2.629854
44034	-182.6418	-245.844	63.20221	3.643026	1.086573
44040	-184.4919	-247.2738	62.78188	2.75375	2.061602
44046	-181.2073	-245.2297	64.02237	3.12486	0.750657
44052	-180.955	-242.5987	61.64363	4.24081	1.826721
44058	-188.5108	-249.2363	60.72552	3.507736	2.87993
44064	-181.4024	-242.9712	61.56879	4.130246	1.952785
44070	-172.928	-235.8727	62.94469	3.611703	1.333319
44076	-171.0517	-233.0392	61.98745	2.720197	2.589605
44082	-178.4492	-242.4034	63.95416	2.075639	1.72555
44088	-175.1534	-238.6569	63.50348	2.176189	1.965789
44094	-177.161	-240.7768	63.61574	1.279796	2.472532
44100	-173.563	-237.863	64.29997	2.76284	0.8620562
44106	-173.7683	-236.6647	62.89638	2.148476	2.37848
44112	-173.1606	-237.8103	64.64962	2.099466	1.172853
44118	-177.553	-242.2143	64.66137	2.549698	0.63536
44124	-173.4464	-236.6478	63.20141	3.239255	1.424121
44130	-177.0425	-239.7809	62.73842	2.509801	2.248753
44136	-178.0525	-238.3803	60.32781	2.862684	3.498613
44142	-182.8378	-245.5038	62.66598	3.43192	1.677332
44148	-179.1405	-243.3105	64.17004	2.641597	1.11733
44154	-178.8993	-242.5111	63.61183	3.240292	0.1776516
44160	-178.8424	-242.3072	63.46482	3.240292	0.1431342
44166	-175.7578	-239.4062	63.64837	3.321173	0.9651959
44172	-169.4589	-233.7782	64.31931	2.549827	1.064243
44178	-166.982	-231.8756	64.8936	2.24905	0.7574667
44184	-176.21	-239.5875	63.37747	3.458982	1.094686
44190	-172.7839	-236.6715	63.88765	2.06876	1.776913
44196	-173.4921	-236.8973	63.40517	2.551236	1.776913
44202	-177.0613	-240.5764	63.5151	2.640575	1.63595
44208	-174.9583	-238.8058	63.84748	2.308203	1.63595
44214	-186.6681	-248.4717	61.80363	3.524533	2.197186
44220	-180.2372	-242.5909	62.35371	2.442451	2.534618
44226	-178.9729	-243.8954	64.92252	2.233872	0.7366744
44232	-181.5239	-243.665	62.14111	2.712466	2.498795
44238	-179.0731	-241.9411	62.86799	1.797528	2.615681
44244	-181.3432	-244.7208	63.37759	1.722092	2.3437
44250	-185.0258	-246.5236	61.49776	3.259045	2.559104
44256	-182.9964	-244.2014	61.20502	4.36177	2.041002
44262	-187.208	-249.1921	61.98419	4.118072	1.674224
44268	-182.3318	-245.2321	62.90029	2.858526	1.912467
44274	-187.9671	-248.572	60.60488	5.824948	1.432458
44280	-180.7463	-244.5209	63.77465	3.264333	0.8898184
44286	-181.7202	-245.504	63.78388	3.433303	0.6203573
44292	-181.5606	-245.5158	63.95515	3.283723	0.4602923
44298	-184.7593	-247.5872	62.82788	3.851382	1.232613
44304	-185.3734	-249.0768	63.70337	3.468743	0.7112618
44310	-189.9574	-251.7488	61.79139	5.427773	0.6151574
44316	-187.1044	-250.8277	63.72326	3.419159	0.7578073
44322	-190.2504	-252.7985	62.54814	3.807303	1.489015
44328	-190.7452	-253.6993	62.95416	3.069899	1.729594
44334	-181.9108	-245.0083	63.0975	2.926554	1.729594
44340	-183.3781	-245.7484	62.3703	2.672735	2.379631
44346	-181.5421	-245.7252	64.18312	2.880984	0.8605111
44352	-186.5349	-248.7606	62.22571	4.838395	0.8605111
44358	-179.1647	-241.0193	61.85459	5.199323	0.8725567
44364	-175.0921	-236.0927	61.00059	1.84329	3.699889
44370	-176.0081	-240.8088	64.80068	2.211799	0.9194467
44376	-176.2551	-238.817	62.56193	1.462127	3.005947
44382	-182.1983	-246.8064	64.60811	2.626913	0.5623572
44388	-189.4694	-251.5419	62.07246	2.984178	2.371019
44394	-178.4032	-240.5648	62.16159	2.895047	2.371019
44400	-174.9104	-238.6826	63.77223	2.964842	1.183294
44406	-170.7822	-234.9925	64.21033	3.016676	0.5923343
44412	-171.2646	-235.8747	64.6101	2.630404	0.4713648
44418	-171.173	-235.7086	64.53558	2.704346	0.5345133
44424	-176.4773	-240.7262	64.24885	2.991076	0.5345133
44430	-180.3942	-244.9661	64.57189	2.668037	0.5345133
44436	-177.0105	-240.5476	63.53713	3.488878	0.9044722
44442	-180.626	-245.2866	64.66059	2.365412	0.9044722
44448	-174.5135	-239.3596	64.84609	2.365412	0.6343569
44454	-176.8191	-239.9354	63.11624	1.59262	2.588857
44460	-171.8368	-235.5239	63.68713	3.043113	1.189195
44466	-172.1945	-234.6442	62.44977	1.802323	2.868528
44472	-174.5903	-239.4185	64.8282	2.311661	0.761546
44478	-178.5034	-242.1347	63.63136	2.306413	1.789862
44484	-184.7573	-246.1971	61.43984	3.157672	2.657642
44490	-184.6272	-244.7807	60.15353	2.42756	3.851346
44496	-180.1615	-244.0263	63.86477	2.626743	1.384639
44502	-12253.1	-297.3871	-11955.72	1.836628	6015.759
44508	-21424.86	-297.3874	-21127.47	85.49031	10560.09
44604	-1.959845e+27	-297.3871	-1.959845e+27	6.023118e+15	9.799225e+26
44706	-5.412451e+46	-297.3871	-5.412451e+46	2.986747e+36	2.706225e+46
44802	-1.888406e+66	-297.3871	-1.888406e+66	1.501526e+60	9.442022e+65
44808	-1.309e+68	-297.3871	-1.309e+68	1.852523e+62	6.54499e+67
44904	-8.094993e+97	-297.3871	-8.094993e+97	1.947395e+93	4.047399e+97
45006	-2.714531e+113	-297.3871	-2.714531e+113	3.720045e+105	1.357265e+113
45102	-3.26563e+135	-297.3871	-3.26563e+135	3.2626e+135	1.515169e+132
45108	-4.040185e+135	-297.3871	-4.040185e+135	4.034599e+135	2.792863e+132
